76.1876,1.192989683e-08
76.1976,1.18786990697e-08
76.2076,1.18269905997e-08
76.2176,1.19849324564e-08
76.2276,1.15932854078e-08
76.2376,1.20440271266e-08
76.2476,1.18973429594e-08
76.2576,1.14659122508e-08
76.2676,1.14914048752e-08
76.2776,1.107076078e-08
76.2876,1.19005024665e-08
76.2976,1.14182049949e-08
76.3076,1.16407708648e-08
76.3176,1.22233899022e-08
76.3276,1.13238797558e-08
76.3376,1.13264380883e-08
76.3476,1.14112406315e-08
76.3576,1.13277356148e-08
76.3676,1.21661762054e-08
76.3776,1.12012758341e-08
76.3876,1.19478843732e-08
76.3976,1.20747321934e-08
76.4076,1.14988302547e-08
76.4176,1.21634483013e-08
76.4276,1.1610653121e-08
76.4376,1.15337777232e-08
76.4476,1.21346138066e-08
76.4576,1.1686486656e-08
76.4676,1.14553491466e-08
76.4776,1.13046405462e-08
76.4876,1.14740939523e-08
76.4976,1.12251239686e-08
76.5076,1.15263456936e-08
76.5176,1.1417558255e-08
76.5276,1.18201169404e-08
76.5376,1.13067027732e-08
76.5476,1.20240128741e-08
76.5576,1.16525710465e-08
76.5676,1.21339218558e-08
76.5776,1.16343716947e-08
76.5876,1.17060316777e-08
76.5976,1.17948970636e-08
76.6076,1.205550357e-08
76.6176,1.15851271792e-08
76.6276,1.15812935392e-08
76.6376,1.15271573142e-08
76.6476,1.17431110736e-08
76.6576,1.20277739558e-08
76.6676,1.23316865914e-08
76.6776,1.15372856807e-08
76.6876,1.15213319342e-08
76.6976,1.20533246234e-08
76.7076,1.18159961544e-08
76.7176,1.23870437688e-08
76.7276,1.19621128525e-08
76.7376,1.18137440392e-08
76.7476,1.16354953392e-08
76.7576,1.167327295e-08
76.7676,1.20956582239e-08
76.7776,1.19115584939e-08
76.7876,1.24950654094e-08
76.7976,1.24611485947e-08
76.8076,1.1949203653e-08
76.8176,1.13879939427e-08
76.8276,1.17825673318e-08
76.8376,1.15688191216e-08
76.8476,1.23980551569e-08
76.8576,1.16440473912e-08
76.8676,1.16062160362e-08
76.8776,1.19496239451e-08
76.8876,1.13985324469e-08
76.8976,1.17747821629e-08
76.9076,1.17770359522e-08
76.9176,1.20856302179e-08
76.9276,1.18916851862e-08
76.9376,1.25851509708e-08
76.9476,1.22091512817e-08
76.9576,1.21499325693e-08
76.9676,1.19166418078e-08
76.9776,1.20146641527e-08
76.9876,1.13183901182e-08
76.9976,1.22991103833e-08
77.0076,1.1265477603e-08
77.0176,1.22772891303e-08
77.0276,1.23407203376e-08
77.0376,1.2680550125e-08
77.0476,1.22861687242e-08
77.0576,1.21687783531e-08
77.0676,1.20079559406e-08
77.0776,1.24242429212e-08
77.0876,1.11618789767e-08
77.0976,1.24048778943e-08
77.1076,1.24497099897e-08
77.1176,1.23044694065e-08
77.1276,1.21422530812e-08
77.1376,1.19508551791e-08
77.1476,1.15968120329e-08
77.1576,1.23749950266e-08
77.1676,1.21468702805e-08
77.1776,1.17885124207e-08
77.1876,1.19580451862e-08
77.1976,1.15434758726e-08
77.2076,1.22777097173e-08
77.2176,1.15589106424e-08
77.2276,1.2579075722e-08
77.2376,1.24149650921e-08
77.2476,1.17733850428e-08
77.2576,1.17331570558e-08
77.2676,1.18764310538e-08
77.2776,1.24705568222e-08
77.2876,1.14828770556e-08
77.2976,1.18029694273e-08
77.3076,1.2326534952e-08
77.3176,1.22100321227e-08
77.3276,1.1857593249e-08
77.3376,1.22074859966e-08
77.3476,1.25415058845e-08
77.3576,1.20382243748e-08
77.3676,1.28267286699e-08
77.3776,1.26038701992e-08
77.3876,1.2952991985e-08
77.3976,1.23010962073e-08
77.4076,1.21768560327e-08
77.4176,1.22917992734e-08
77.4276,1.19694442984e-08
77.4376,1.23555374783e-08
77.4476,1.17233773242e-08
77.4576,1.23572861015e-08
77.4676,1.20652693969e-08
77.4776,1.26933065205e-08
77.4876,1.17567130357e-08
77.4976,1.26751529734e-08
77.5076,1.1728416563e-08
77.5176,1.22566197928e-08
77.5276,1.26102307915e-08
77.5376,1.24278638488e-08
77.5476,1.23373619104e-08
77.5576,1.20171756009e-08
77.5676,1.24185745881e-08
77.5776,1.24327560643e-08
77.5876,1.29883804149e-08
77.5976,1.27766574647e-08
77.6076,1.28461344022e-08
77.6176,1.23165976709e-08
77.6276,1.25651925248e-08
77.6376,1.25272969359e-08
77.6476,1.27438398058e-08
77.6576,1.29468968725e-08
77.6676,1.22374275064e-08
77.6776,1.24148611579e-08
77.6876,1.26583877349e-08
77.6976,1.24564212697e-08
77.7076,1.20622934453e-08
77.7176,1.2584499022e-08
77.7276,1.28769353042e-08
77.7376,1.24905586673e-08
77.7476,1.2400459682e-08
77.7576,1.26469013328e-08
77.7676,1.22699274675e-08
77.7776,1.26631094121e-08
77.7876,1.20667117614e-08
77.7976,1.25936250492e-08
77.8076,1.25152115251e-08
77.8176,1.21474171384e-08
77.8276,1.21287179455e-08
77.8376,1.28572860261e-08
77.8476,1.27052628745e-08
77.8576,1.2427954395e-08
77.8676,1.33187802803e-08
77.8776,1.2307405504e-08
77.8876,1.29426848064e-08
77.8976,1.24506165769e-08
77.9076,1.22372085517e-08
77.9176,1.26458628129e-08
77.9276,1.30998989597e-08
77.9376,1.26945859502e-08
77.9476,1.2449578694e-08
77.9576,1.34006018811e-08
77.9676,1.28550113906e-08
77.9776,1.32564585969e-08
77.9876,1.30675256558e-08
77.9976,1.30442425448e-08
78.0076,1.36951485913e-08
78.0176,1.28633982559e-08
78.0276,1.28355928195e-08
78.0376,1.24620995253e-08
78.0476,1.28716811248e-08
78.0576,1.2634436857e-08
78.0676,1.26319523714e-08
78.0776,1.28857698382e-08
78.0876,1.37407122429e-08
78.0976,1.25116577359e-08
78.1076,1.27771428813e-08
78.1176,1.32670347039e-08
78.1276,1.29780195934e-08
78.1376,1.24530650886e-08
78.1476,1.24948364148e-08
78.1576,1.22084564258e-08
78.1676,1.32153103143e-08
78.1776,1.28396642532e-08
78.1876,1.25498744071e-08
78.1976,1.34393717561e-08
78.2076,1.24596834967e-08
78.2176,1.30314751143e-08
78.2276,1.30434356205e-08
78.2376,1.33759272003e-08
78.2476,1.2611942514e-08
78.2576,1.26360316088e-08
78.2676,1.26849377746e-08
78.2776,1.30394279154e-08
78.2876,1.28656407184e-08
78.2976,1.28447710327e-08
78.3076,1.27251994537e-08
78.3176,1.32256278992e-08
78.3276,1.26846568344e-08
78.3376,1.34994220394e-08
78.3476,1.315153072e-08
78.3576,1.29064064125e-08
78.3676,1.27764521778e-08
78.3776,1.37330486763e-08
78.3876,1.35334415435e-08
78.3976,1.33494600882e-08
78.4076,1.32131049269e-08
78.4176,1.29561012239e-08
78.4276,1.23886632758e-08
78.4376,1.29736522601e-08
78.4476,1.30690926959e-08
78.4576,1.26747889744e-08
78.4676,1.29945160518e-08
78.4776,1.31000042168e-08
78.4876,1.30146542283e-08
78.4976,1.30994052321e-08
78.5076,1.31009308237e-08
78.5176,1.35257400057e-08
78.5276,1.33245897518e-08
78.5376,1.28922611562e-08
78.5476,1.33792669444e-08
78.5576,1.36062501366e-08
78.5676,1.3473060559e-08
78.5776,1.29327478419e-08
78.5876,1.25327985294e-08
78.5976,1.30622766145e-08
78.6076,1.3678864679e-08
78.6176,1.36805275537e-08
78.6276,1.33376914247e-08
78.6376,1.36902762919e-08
78.6476,1.277017565e-08
78.6576,1.24259436409e-08
78.6676,1.31680784406e-08
78.6776,1.33799608298e-08
78.6876,1.32533303392e-08
78.6976,1.323385701e-08
78.7076,1.25871027937e-08
78.7176,1.30223614687e-08
78.7276,1.32604932255e-08
78.7376,1.32892407268e-08
78.7476,1.37581724397e-08
78.7576,1.36371757119e-08
78.7676,1.33967593033e-08
78.7776,1.34955586324e-08
78.7876,1.41114711837e-08
78.7976,1.28857326627e-08
78.8076,1.2977652311e-08
78.8176,1.3685630699e-08
78.8276,1.39355836962e-08
78.8376,1.34005867093e-08
78.8476,1.35637006726e-08
78.8576,1.29590594021e-08
78.8676,1.3367602567e-08
78.8776,1.38839065761e-08
78.8876,1.34480519293e-08
78.8976,1.30848159339e-08
78.9076,1.30980392636e-08
78.9176,1.3748153466e-08
78.9276,1.33270036593e-08
78.9376,1.31689259719e-08
78.9476,1.3212608538e-08
78.9576,1.40378878944e-08
78.9676,1.305272464e-08
78.9776,1.41189067606e-08
78.9876,1.35096063904e-08
78.9976,1.35287371379e-08
79.0076,1.38135569083e-08
79.0176,1.37620346849e-08
79.0276,1.3702015139e-08
79.0376,1.42410578268e-08
79.0476,1.37287789107e-08
79.0576,1.31821999387e-08
79.0676,1.37478596659e-08
79.0776,1.40842780759e-08
79.0876,1.43801817102e-08
79.0976,1.42160340196e-08
79.1076,1.28784587344e-08
79.1176,1.38866555612e-08
79.1276,1.28357891094e-08
79.1376,1.33650235702e-08
79.1476,1.45532585943e-08
79.1576,1.39802504762e-08
79.1676,1.36556435602e-08
79.1776,1.40246714356e-08
79.1876,1.40187015864e-08
79.1976,1.39825432366e-08
79.2076,1.42179741293e-08
79.2176,1.39590815617e-08
79.2276,1.37903971742e-08
79.2376,1.42934846843e-08
79.2476,1.39009922268e-08
79.2576,1.37367995721e-08
79.2676,1.38636208719e-08
79.2776,1.41645521826e-08
79.2876,1.418187351e-08
79.2976,1.39623976334e-08
79.3076,1.42946105246e-08
79.3176,1.4825313892e-08
79.3276,1.36056116298e-08
79.3376,1.44373491029e-08
79.3476,1.35638044276e-08
79.3576,1.43534231422e-08
79.3676,1.37547600794e-08
79.3776,1.44698082186e-08
79.3876,1.46351127598e-08
79.3976,1.41832516966e-08
79.4076,1.4064992834e-08
79.4176,1.39706756761e-08
79.4276,1.40963457421e-08
79.4376,1.39287236472e-08
79.4476,1.45109794344e-08
79.4576,1.53052639398e-08
79.4676,1.45272928672e-08
79.4776,1.45154765235e-08
79.4876,1.42570027557e-08
79.4976,1.40088255997e-08
79.5076,1.44163453468e-08
79.5176,1.44439874644e-08
79.5276,1.42136238601e-08
79.5376,1.48276386473e-08
79.5476,1.44308686981e-08
79.5576,1.44402728454e-08
79.5676,1.42269210472e-08
79.5776,1.42250154367e-08
79.5876,1.41544731937e-08
79.5976,1.44531595593e-08
79.6076,1.46732236145e-08
79.6176,1.49683764376e-08
79.6276,1.37269727059e-08
79.6376,1.50374404167e-08
79.6476,1.4641479714e-08
79.6576,1.40395894276e-08
79.6676,1.43041464323e-08
79.6776,1.4716129673e-08
79.6876,1.47446141076e-08
79.6976,1.42673456144e-08
79.7076,1.49757316655e-08
79.7176,1.39645617658e-08
79.7276,1.49375076214e-08
79.7376,1.52773261897e-08
79.7476,1.48696543759e-08
79.7576,1.51550962331e-08
79.7676,1.49714862212e-08
79.7776,1.45632965075e-08
79.7876,1.40715968989e-08
79.7976,1.46623935574e-08
79.8076,1.49445799025e-08
79.8176,1.4612370775e-08
79.8276,1.38518108452e-08
79.8376,1.52502251127e-08
79.8476,1.48393018916e-08
79.8576,1.46969482722e-08
79.8676,1.46452843751e-08
79.8776,1.47819588381e-08
79.8876,1.44232372726e-08
79.8976,1.50384408731e-08
79.9076,1.44524859057e-08
79.9176,1.50307083117e-08
79.9276,1.4465021934e-08
79.9376,1.48595019664e-08
79.9476,1.52191960052e-08
79.9576,1.48332563948e-08
79.9676,1.52745911156e-08
79.9776,1.5194197436e-08
79.9876,1.52763364558e-08
79.9976,1.58826575123e-08
80.0076,1.53717766197e-08
80.0176,1.46790890813e-08
80.0276,1.54666257082e-08
80.0376,1.4716137384e-08
80.0476,1.52655356744e-08
80.0576,1.54261630606e-08
80.0676,1.47195817175e-08
80.0776,1.49538759716e-08
80.0876,1.48443952708e-08
80.0976,1.45293234967e-08
80.1076,1.55045317221e-08
80.1176,1.47115960487e-08
80.1276,1.52536235213e-08
80.1376,1.54349282977e-08
80.1476,1.53270120194e-08
80.1576,1.48550208442e-08
80.1676,1.4618726866e-08
80.1776,1.58285701769e-08
80.1876,1.56616309489e-08
80.1976,1.52157894174e-08
80.2076,1.54214905609e-08
80.2176,1.51059416226e-08
80.2276,1.56227048891e-08
80.2376,1.4865128475e-08
80.2476,1.51302695859e-08
80.2576,1.54512057527e-08
80.2676,1.57171362928e-08
80.2776,1.48297807428e-08
80.2876,1.550698107e-08
80.2976,1.58991732377e-08
80.3076,1.53828266804e-08
80.3176,1.53156536376e-08
80.3276,1.53618667648e-08
80.3376,1.5758986015e-08
80.3476,1.55983046973e-08
80.3576,1.41067063632e-08
80.3676,1.56884447502e-08
80.3776,1.55785512085e-08
80.3876,1.58600256656e-08
80.3976,1.49273163893e-08
80.4076,1.5111765266e-08
80.4176,1.58406091755e-08
80.4276,1.60502254611e-08
80.4376,1.59574824784e-08
80.4476,1.61889981447e-08
80.4576,1.70918896253e-08
80.4676,1.66996444367e-08
80.4776,1.52254722226e-08
80.4876,1.55612353845e-08
80.4976,1.61201175212e-08
80.5076,1.61384962298e-08
80.5176,1.57829030886e-08
80.5276,1.65691738485e-08
80.5376,1.60147756277e-08
80.5476,1.5655331616e-08
80.5576,1.61798467475e-08
80.5676,1.57551971743e-08
80.5776,1.58931501293e-08
80.5876,1.54272890697e-08
80.5976,1.63845891605e-08
80.6076,1.62030776522e-08
80.6176,1.60432239022e-08
80.6276,1.57213864125e-08
80.6376,1.65424318735e-08
80.6476,1.60777771833e-08
80.6576,1.63807228714e-08
80.6676,1.6134474709e-08
80.6776,1.6133418246e-08
80.6876,1.57342042631e-08
80.6976,1.57056788172e-08
80.7076,1.60540195934e-08
80.7176,1.63656313952e-08
80.7276,1.64243253893e-08
80.7376,1.65559784676e-08
80.7476,1.6215825436e-08
80.7576,1.58679961538e-08
80.7676,1.61448186123e-08
80.7776,1.57137982956e-08
80.7876,1.62800739785e-08
80.7976,1.62929005238e-08
80.8076,1.62905757755e-08
80.8176,1.71560779003e-08
80.8276,1.59252192351e-08
80.8376,1.63426233941e-08
80.8476,1.59124325567e-08
80.8576,1.6085901461e-08
80.8676,1.6744046406e-08
80.8776,1.64530645123e-08
80.8876,1.67143495636e-08
80.8976,1.75734229496e-08
80.9076,1.62247106849e-08
80.9176,1.70888309614e-08
80.9276,1.62654956513e-08
80.9376,1.61451485412e-08
80.9476,1.66525944309e-08
80.9576,1.66033931542e-08
80.9676,1.61126679518e-08
80.9776,1.67035940024e-08
80.9876,1.67218611118e-08
80.9976,1.61230230302e-08
81.0076,1.64614690249e-08
81.0176,1.65114670269e-08
81.0276,1.67285085881e-08
81.0376,1.66458685171e-08
81.0476,1.66797143159e-08
81.0576,1.70736476336e-08
81.0676,1.64256270779e-08
81.0776,1.70989589012e-08
81.0876,1.69699475294e-08
81.0976,1.74561951912e-08
81.1076,1.67589770283e-08
81.1176,1.70838781118e-08
81.1276,1.78064489448e-08
81.1376,1.71903545065e-08
81.1476,1.59637709555e-08
81.1576,1.73413047328e-08
81.1676,1.75583370842e-08
81.1776,1.74708218646e-08
81.1876,1.7214538997e-08
81.1976,1.74370412589e-08
81.2076,1.69624027184e-08
81.2176,1.76525041275e-08
81.2276,1.62533219434e-08
81.2376,1.72967524902e-08
81.2476,1.69230665528e-08
81.2576,1.70922450747e-08
81.2676,1.77219042904e-08
81.2776,1.70409432786e-08
81.2876,1.67953473842e-08
81.2976,1.6657234614e-08
81.3076,1.74044902096e-08
81.3176,1.72193466542e-08
81.3276,1.72882140012e-08
81.3376,1.70797427791e-08
81.3476,1.74592391451e-08
81.3576,1.74820936752e-08
81.3676,1.74849902513e-08
81.3776,1.71808755095e-08
81.3876,1.77462197893e-08
81.3976,1.77967929189e-08
81.4076,1.81526466935e-08
81.4176,1.73905906324e-08
81.4276,1.7361173992e-08
81.4376,1.69612419291e-08
81.4476,1.83353320935e-08
81.4576,1.75747772125e-08
81.4676,1.76894265336e-08
81.4776,1.84578066419e-08
81.4876,1.8521152267e-08
81.4976,1.8788033908e-08
81.5076,1.76989404695e-08
81.5176,1.78234169236e-08
81.5276,1.85029451037e-08
81.5376,1.78318728064e-08
81.5476,1.81361774654e-08
81.5576,1.86964012352e-08
81.5676,1.81917942824e-08
81.5776,1.8076139835e-08
81.5876,1.70041994801e-08
81.5976,1.81871155355e-08
81.6076,1.79470619084e-08
81.6176,1.71790212821e-08
81.6276,1.79089878897e-08
81.6376,1.81848377033e-08
81.6476,1.80950278979e-08
81.6576,1.88044423664e-08
81.6676,1.8077392753e-08
81.6776,1.75628980198e-08
81.6876,1.79351940939e-08
81.6976,1.80076297399e-08
81.7076,1.74235440599e-08
81.7176,1.82925826048e-08
81.7276,1.89419678321e-08
81.7376,1.89192442656e-08
81.7476,1.85754729104e-08
81.7576,1.76239776394e-08
81.7676,1.7991475649e-08
81.7776,1.92592160182e-08
81.7876,1.86629327724e-08
81.7976,1.84815243022e-08
81.8076,1.85558960221e-08
81.8176,1.8405204789e-08
81.8276,1.8722133844e-08
81.8376,1.89399240453e-08
81.8476,1.93067614918e-08
81.8576,1.91498140539e-08
81.8676,1.90928610754e-08
81.8776,1.89740065619e-08
81.8876,1.88307866207e-08
81.8976,1.86316820952e-08
81.9076,1.9339627228e-08
81.9176,1.93808160053e-08
81.9276,1.91763423602e-08
81.9376,1.87705998459e-08
81.9476,1.86564783668e-08
81.9576,1.90805608746e-08
81.9676,1.98884073859e-08
81.9776,1.93231534299e-08
81.9876,1.86324940912e-08
81.9976,2.00074616734e-08
82.0076,1.8719654325e-08
82.0176,1.97103153935e-08
82.0276,1.93596836531e-08
82.0376,1.90219077899e-08
82.0476,1.98155465329e-08
82.0576,1.95442040217e-08
82.0676,1.97576249124e-08
82.0776,2.06894267033e-08
82.0876,1.98565620921e-08
82.0976,1.90823983056e-08
82.1076,1.98909929358e-08
82.1176,1.95846461193e-08
82.1276,1.91200818616e-08
82.1376,1.94962333821e-08
82.1476,1.91478806867e-08
82.1576,1.98711840735e-08
82.1676,1.96079707568e-08
82.1776,1.97845446763e-08
82.1876,2.01408244337e-08
82.1976,1.93585274748e-08
82.2076,2.00719189292e-08
82.2176,1.95735028149e-08
82.2276,1.90868820793e-08
82.2376,1.92278929398e-08
82.2476,2.05039342365e-08
82.2576,2.00869166529e-08
82.2676,1.92710074705e-08
82.2776,1.98698766873e-08
82.2876,2.0639419982e-08
82.2976,1.98594293698e-08
82.3076,2.07417671155e-08
82.3176,2.0292972345e-08
82.3276,2.01880028868e-08
82.3376,2.1050168207e-08
82.3476,2.13514282528e-08
82.3576,2.003228342e-08
82.3676,2.05625989174e-08
82.3776,2.1016984077e-08
82.3876,2.07024165357e-08
82.3976,2.07979265497e-08
82.4076,2.05447633217e-08
82.4176,2.0209029843e-08
82.4276,1.94530900746e-08
82.4376,2.09976343162e-08
82.4476,2.04519357886e-08
82.4576,2.07358470029e-08
82.4676,2.12983236165e-08
82.4776,2.03827517228e-08
82.4876,2.04512520117e-08
82.4976,1.93827452334e-08
82.5076,2.04849922282e-08
82.5176,2.02547438056e-08
82.5276,1.99496764533e-08
82.5376,2.13480252725e-08
82.5476,2.20280391299e-08
82.5576,2.06503083063e-08
82.5676,2.03428895788e-08
82.5776,2.14631715737e-08
82.5876,2.00807034206e-08
82.5976,2.05095077278e-08
82.6076,2.07953918285e-08
82.6176,1.94954593868e-08
82.6276,2.12479121365e-08
82.6376,2.1615842474e-08
82.6476,2.14810709205e-08
82.6576,2.12272069368e-08
82.6676,2.11058652135e-08
82.6776,2.09441005153e-08
82.6876,2.25079195158e-08
82.6976,2.15291626117e-08
82.7076,2.22684565554e-08
82.7176,2.07355135077e-08
82.7276,2.0660084206e-08
82.7376,2.13894791486e-08
82.7476,2.15462255239e-08
82.7576,2.20952910826e-08
82.7676,2.11014759171e-08
82.7776,2.14008927153e-08
82.7876,2.14316253581e-08
82.7976,2.13532941651e-08
82.8076,2.27591619127e-08
82.8176,2.19279602941e-08
82.8276,2.15483096428e-08
82.8376,2.25850221654e-08
82.8476,2.22802232939e-08
82.8576,2.22904228609e-08
82.8676,2.18161347728e-08
82.8776,2.1882084641e-08
82.8876,2.19968031514e-08
82.8976,2.29397708685e-08
82.9076,2.15462663617e-08
82.9176,2.25870647996e-08
82.9276,2.21036217522e-08
82.9376,2.22346352875e-08
82.9476,2.21582225142e-08
82.9576,2.28693244492e-08
82.9676,2.20871558166e-08
82.9776,2.13408984988e-08
82.9876,2.22842255679e-08
82.9976,2.175517056e-08
83.0076,2.3003061325e-08
83.0176,2.1895200003e-08
83.0276,2.21543370403e-08
83.0376,2.29923865716e-08
83.0476,2.31430158772e-08
83.0576,2.31281808907e-08
83.0676,2.25439116978e-08
83.0776,2.22752373537e-08
83.0876,2.34790034495e-08
83.0976,2.26958832405e-08
83.1076,2.33119610753e-08
83.1176,2.35249537471e-08
83.1276,2.32441780989e-08
83.1376,2.39632235174e-08
83.1476,2.35750638195e-08
83.1576,2.35232078481e-08
83.1676,2.33892985803e-08
83.1776,2.39966130309e-08
83.1876,2.29256328886e-08
83.1976,2.486147988e-08
83.2076,2.36560125751e-08
83.2176,2.41302426486e-08
83.2276,2.34451333101e-08
83.2376,2.30874891251e-08
83.2476,2.37436454498e-08
83.2576,2.42985731788e-08
83.2676,2.34686524541e-08
83.2776,2.38970477157e-08
83.2876,2.38541758968e-08
83.2976,2.42933426727e-08
83.3076,2.32161980155e-08
83.3176,2.5277097925e-08
83.3276,2.37888737736e-08
83.3376,2.47967984106e-08
83.3476,2.37043340385e-08
83.3576,2.38020387265e-08
83.3676,2.37420383455e-08
83.3776,2.46800062509e-08
83.3876,2.42349044967e-08
83.3976,2.37925650988e-08
83.4076,2.38361745043e-08
83.4176,2.5295328723e-08
83.4276,2.47936647292e-08
83.4376,2.43176536685e-08
83.4476,2.46746619004e-08
83.4576,2.4029917349e-08
83.4676,2.36648028058e-08
83.4776,2.46151083671e-08
83.4876,2.51943955541e-08
83.4976,2.48966554311e-08
83.5076,2.44220093482e-08
83.5176,2.56359827258e-08
83.5276,2.43972887422e-08
83.5376,2.52204553143e-08
83.5476,2.50765635473e-08
83.5576,2.56272155207e-08
83.5676,2.51542190156e-08
83.5776,2.55269951474e-08
83.5876,2.45167174682e-08
83.5976,2.49960331601e-08
83.6076,2.48239264009e-08
83.6176,2.49742518352e-08
83.6276,2.63360995777e-08
83.6376,2.62918906903e-08
83.6476,2.54990771572e-08
83.6576,2.50066420832e-08
83.6676,2.51162671407e-08
83.6776,2.46458322718e-08
83.6876,2.5427313125e-08
83.6976,2.51720648888e-08
83.7076,2.47246919815e-08
83.7176,2.58937821784e-08
83.7276,2.6288677746e-08
83.7376,2.45393401597e-08
83.7476,2.58399311547e-08
83.7576,2.65460793181e-08
83.7676,2.66185626851e-08
83.7776,2.55677963207e-08
83.7876,2.62926661849e-08
83.7976,2.74459533717e-08
83.8076,2.66588085738e-08
83.8176,2.6654164105e-08
83.8276,2.57187890982e-08
83.8376,2.69571566698e-08
83.8476,2.66370030163e-08
83.8576,2.65922538133e-08
83.8676,2.72824968822e-08
83.8776,2.75413055286e-08
83.8876,2.74599202614e-08
83.8976,2.63123802798e-08
83.9076,2.63221552947e-08
83.9176,2.72602178295e-08
83.9276,2.66143993628e-08
83.9376,2.65878808753e-08
83.9476,2.69291328493e-08
83.9576,2.74824370358e-08
83.9676,2.71808709546e-08
83.9776,2.7791384506e-08
83.9876,2.66812198002e-08
83.9976,2.72958597943e-08
84.0076,2.76556553743e-08
84.0176,2.80778815551e-08
84.0276,2.74413532739e-08
84.0376,2.85661115334e-08
84.0476,2.88458753466e-08
84.0576,2.73789998944e-08
84.0676,2.84110379523e-08
84.0776,2.72427869628e-08
84.0876,2.77070741493e-08
84.0976,2.84254338111e-08
84.1076,2.76003835799e-08
84.1176,2.80044914942e-08
84.1276,2.91234022036e-08
84.1376,2.88907487436e-08
84.1476,2.91539193724e-08
84.1576,2.76517760814e-08
84.1676,2.87404936319e-08
84.1776,2.84122075404e-08
84.1876,2.85847583875e-08
84.1976,2.94079949473e-08
84.2076,2.82950287551e-08
84.2176,2.88125069028e-08
84.2276,2.87744588328e-08
84.2376,2.81288060966e-08
84.2476,2.88726331805e-08
84.2576,2.92770495708e-08
84.2676,2.95025771152e-08
84.2776,2.89420830789e-08
84.2876,2.93472892518e-08
84.2976,2.98312930457e-08
84.3076,2.89819963681e-08
84.3176,2.95819873429e-08
84.3276,2.9894538716e-08
84.3376,2.86430365136e-08
84.3476,2.96106477943e-08
84.3576,2.96750110784e-08
84.3676,2.97975366042e-08
84.3776,2.97150833199e-08
84.3876,3.03782739004e-08
84.3976,2.99796616251e-08
84.4076,3.00828922712e-08
84.4176,2.97325480973e-08
84.4276,2.9517820557e-08
84.4376,3.11563549243e-08
84.4476,3.05040962674e-08
84.4576,3.09024218808e-08
84.4676,3.05216084431e-08
84.4776,3.19054351689e-08
84.4876,3.02895177196e-08
84.4976,3.01390048591e-08
84.5076,3.05143863919e-08
84.5176,3.12455548714e-08
84.5276,3.11749779747e-08
84.5376,3.11478464011e-08
84.5476,3.08044109428e-08
84.5576,3.2053274994e-08
84.5676,3.18820886978e-08
84.5776,3.02998943889e-08
84.5876,3.14652219517e-08
84.5976,3.16755064311e-08
84.6076,3.10483174782e-08
84.6176,3.07102687355e-08
84.6276,3.11533583187e-08
84.6376,3.20140322118e-08
84.6476,3.19150499866e-08
84.6576,3.15082124493e-08
84.6676,3.18007487596e-08
84.6776,3.28181445322e-08
84.6876,3.25685967998e-08
84.6976,3.36586008041e-08
84.7076,3.33445780693e-08
84.7176,3.19370386505e-08
84.7276,3.2293683229e-08
84.7376,3.33959727932e-08
84.7476,3.23986847482e-08
84.7576,3.34969763009e-08
84.7676,3.35091081871e-08
84.7776,3.26106404321e-08
84.7876,3.27945881153e-08
84.7976,3.33344881319e-08
84.8076,3.46112276902e-08
84.8176,3.40204022329e-08
84.8276,3.38218519126e-08
84.8376,3.23533987754e-08
84.8476,3.28634852502e-08
84.8576,3.34509322067e-08
84.8676,3.45182088304e-08
84.8776,3.35652320867e-08
84.8876,3.46638799075e-08
84.8976,3.44651956173e-08
84.9076,3.42298557787e-08
84.9176,3.40491000201e-08
84.9276,3.50955962708e-08
84.9376,3.46631237369e-08
84.9476,3.43565266957e-08
84.9576,3.5461231341e-08
84.9676,3.56507331264e-08
84.9776,3.42954626118e-08
84.9876,3.51891757694e-08
84.9976,3.36350781191e-08
85.0076,3.58874822478e-08
85.0176,3.62135502259e-08
85.0276,3.54848386557e-08
85.0376,3.5669917975e-08
85.0476,3.59431382339e-08
85.0576,3.55295108121e-08
85.0676,3.55597340293e-08
85.0776,3.71030277742e-08
85.0876,3.58308211945e-08
85.0976,3.57232332695e-08
85.1076,3.57981885931e-08
85.1176,3.54318861421e-08
85.1276,3.56125948334e-08
85.1376,3.58556029855e-08
85.1476,3.77362696906e-08
85.1576,3.52560414185e-08
85.1676,3.64268744458e-08
85.1776,3.74692563013e-08
85.1876,3.67947981498e-08
85.1976,3.66986043153e-08
85.2076,3.75506986362e-08
85.2176,3.72414313339e-08
85.2276,3.742039237e-08
85.2376,3.80295887587e-08
85.2476,3.71684481842e-08
85.2576,3.79800233463e-08
85.2676,3.85410079462e-08
85.2776,3.752344997e-08
85.2876,3.84723726337e-08
85.2976,3.79923852364e-08
85.3076,3.80229883544e-08
85.3176,3.81269622619e-08
85.3276,3.83710687303e-08
85.3376,3.81814718499e-08
85.3476,3.95046325616e-08
85.3576,3.89922007823e-08
85.3676,3.89083408915e-08
85.3776,3.92019680625e-08
85.3876,3.96269515093e-08
85.3976,3.93424316065e-08
85.4076,3.86021786295e-08
85.4176,3.86412687894e-08
85.4276,3.95957631748e-08
85.4376,3.89203370768e-08
85.4476,3.9580608587e-08
85.4576,3.98963587598e-08
85.4676,4.02787029691e-08
85.4776,4.22840826981e-08
85.4876,3.9763084514e-08
85.4976,4.04114728011e-08
85.5076,4.05041852178e-08
85.5176,4.08812263645e-08
85.5276,4.14972737909e-08
85.5376,3.97763564891e-08
85.5476,4.13276885896e-08
85.5576,4.11643677692e-08
85.5676,4.20351482882e-08
85.5776,4.16513980584e-08
85.5876,4.1993867795e-08
85.5976,4.20662622756e-08
85.6076,4.1626320099e-08
85.6176,4.21410655765e-08
85.6276,4.1835067603e-08
85.6376,4.22618722835e-08
85.6476,4.24247727545e-08
85.6576,4.2935451185e-08
85.6676,4.17730980241e-08
85.6776,4.28526847547e-08
85.6876,4.21116638406e-08
85.6976,4.35559422347e-08
85.7076,4.42206317935e-08
85.7176,4.28169990581e-08
85.7276,4.21065222842e-08
85.7376,4.28170731693e-08
85.7476,4.46502784202e-08
85.7576,4.28731948808e-08
85.7676,4.32330568031e-08
85.7776,4.44295266238e-08
85.7876,4.52592762682e-08
85.7976,4.3416308979e-08
85.8076,4.42946842247e-08
85.8176,4.45473957702e-08
85.8276,4.53861765524e-08
85.8376,4.48413720889e-08
85.8476,4.46852968221e-08
85.8576,4.56284450688e-08
85.8676,4.67470294989e-08
85.8776,4.56942117396e-08
85.8876,4.52475143461e-08
85.8976,4.70678863272e-08
85.9076,4.59643941936e-08
85.9176,4.63415777182e-08
85.9276,4.59758853872e-08
85.9376,4.67221465661e-08
85.9476,4.46635909426e-08
85.9576,4.61409775353e-08
85.9676,4.70333056885e-08
85.9776,4.85365505398e-08
85.9876,4.57989325654e-08
85.9976,4.80492576916e-08
86.0076,4.69048275673e-08
86.0176,4.85905494319e-08
86.0276,4.88914999822e-08
86.0376,4.7977014266e-08
86.0476,4.64592543667e-08
86.0576,4.76377605227e-08
86.0676,4.80699681257e-08
86.0776,4.69056399894e-08
86.0876,4.88769770734e-08
86.0976,4.95354567817e-08
86.1076,4.88196175051e-08
86.1176,4.92001301484e-08
86.1276,4.86304222224e-08
86.1376,4.86284513071e-08
86.1476,4.96463400609e-08
86.1576,5.01339060159e-08
86.1676,5.12961150131e-08
86.1776,5.07272782386e-08
86.1876,5.02625380864e-08
86.1976,5.01797118505e-08
86.2076,5.08909530883e-08
86.2176,5.16676288683e-08
86.2276,5.0722802149e-08
86.2376,4.99568389151e-08
86.2476,5.23338782626e-08
86.2576,5.10369188442e-08
86.2676,5.05502977242e-08
86.2776,5.15166490151e-08
86.2876,5.26894176531e-08
86.2976,5.10962860958e-08
86.3076,5.19429979397e-08
86.3176,5.20671513877e-08
86.3276,5.24039683115e-08
86.3376,5.33059784499e-08
86.3476,5.31015238089e-08
86.3576,5.35041869502e-08
86.3676,5.24254728225e-08
86.3776,5.57711740635e-08
86.3876,5.33997215413e-08
86.3976,5.49582916071e-08
86.4076,5.56872124281e-08
86.4176,5.45076333257e-08
86.4276,5.41776981409e-08
86.4376,5.62051347673e-08
86.4476,5.40874013475e-08
86.4576,5.69754194275e-08
86.4676,5.52902557879e-08
86.4776,5.65054529474e-08
86.4876,5.68051702042e-08
86.4976,5.60300398221e-08
86.5076,5.64378857824e-08
86.5176,5.49530153709e-08
86.5276,5.6984221838e-08
86.5376,5.63474770313e-08
86.5476,5.71264658514e-08
86.5576,5.74817112875e-08
86.5676,5.71606524172e-08
86.5776,5.87063918101e-08
86.5876,5.81366228655e-08
86.5976,5.9030635814e-08
86.6076,5.83286371619e-08
86.6176,5.94969461953e-08
86.6276,5.81649078746e-08
86.6376,5.97137266191e-08
86.6476,5.98058620093e-08
86.6576,5.89614903989e-08
86.6676,5.86461944552e-08
86.6776,5.98778268374e-08
86.6876,6.03385997501e-08
86.6976,6.02502194528e-08
86.7076,6.06771564554e-08
86.7176,6.17161281844e-08
86.7276,6.13510796451e-08
86.7376,6.06711347942e-08
86.7476,6.01093179424e-08
86.7576,6.30832063837e-08
86.7676,6.11051360006e-08
86.7776,6.35583529468e-08
86.7876,6.34790290676e-08
86.7976,6.28503001051e-08
86.8076,6.41965494865e-08
86.8176,6.30577092545e-08
86.8276,6.26883059796e-08
86.8376,6.46156134743e-08
86.8476,6.44621885725e-08
86.8576,6.36151454661e-08
86.8676,6.51980061512e-08
86.8776,6.596150852e-08
86.8876,6.61956508921e-08
86.8976,6.46159763664e-08
86.9076,6.57033012024e-08
86.9176,6.61147627448e-08
86.9276,6.29801057182e-08
86.9376,6.52897133923e-08
86.9476,6.68901693717e-08
86.9576,6.68414012954e-08
86.9676,6.69316623732e-08
86.9776,6.83087358157e-08
86.9876,6.97502363403e-08
86.9976,6.94565749034e-08
87.0076,6.90091343753e-08
87.0176,6.82685590245e-08
87.0276,6.76387936799e-08
87.0376,6.98609743061e-08
87.0476,7.06949270356e-08
87.0576,7.14552670372e-08
87.0676,6.98554563731e-08
87.0776,7.03564732845e-08
87.0876,7.12165185684e-08
87.0976,7.07067837704e-08
87.1076,7.06433746428e-08
87.1176,7.14958637522e-08
87.1276,7.31348704615e-08
87.1376,7.09314764691e-08
87.1476,7.15075099279e-08
87.1576,7.2465398328e-08
87.1676,7.46383490686e-08
87.1776,7.30105065369e-08
87.1876,7.29679171601e-08
87.1976,7.53708192343e-08
87.2076,7.51322778839e-08
87.2176,7.34756381005e-08
87.2276,7.70675072457e-08
87.2376,7.45717341102e-08
87.2476,7.6881398607e-08
87.2576,7.58171157998e-08
87.2676,7.6548207729e-08
87.2776,7.67021083338e-08
87.2876,7.64681934095e-08
87.2976,7.77088427196e-08
87.3076,7.85822855139e-08
87.3176,7.71482025198e-08
87.3276,7.96974298876e-08
87.3376,7.92094120099e-08
87.3476,7.72310322486e-08
87.3576,8.04939358386e-08
87.3676,8.02911146959e-08
87.3776,7.86646343675e-08
87.3876,8.15332524789e-08
87.3976,8.25709843601e-08
87.4076,8.03768243076e-08
87.4176,8.12401867321e-08
87.4276,8.23913202621e-08
87.4376,8.21584550546e-08
87.4476,8.25863272803e-08
87.4576,8.35698109759e-08
87.4676,8.43846714308e-08
87.4776,8.44601254982e-08
87.4876,8.4261718337e-08
87.4976,8.48989348649e-08
87.5076,8.29844225302e-08
87.5176,8.50198346202e-08
87.5276,8.76544518489e-08
87.5376,8.60888742243e-08
87.5476,8.68477668504e-08
87.5576,8.93403303432e-08
87.5676,8.62991875786e-08
87.5776,8.75487914982e-08
87.5876,8.91273168837e-08
87.5976,9.04444617015e-08
87.6076,8.8586005573e-08
87.6176,8.9875985276e-08
87.6276,9.14234928457e-08
87.6376,9.00034947582e-08
87.6476,9.37233283501e-08
87.6576,9.31427845503e-08
87.6676,9.12200356558e-08
87.6776,9.22961473407e-08
87.6876,9.39524205661e-08
87.6976,9.17103092331e-08
87.7076,9.26722832382e-08
87.7176,9.43702822094e-08
87.7276,9.51432252878e-08
87.7376,9.27800662083e-08
87.7476,9.69408029796e-08
87.7576,9.50995065889e-08
87.7676,9.71533742208e-08
87.7776,9.78621736091e-08
87.7876,9.54521562971e-08
87.7976,9.68328409915e-08
87.8076,9.66517523698e-08
87.8176,9.78265742756e-08
87.8276,9.913003652e-08
87.8376,9.93068139373e-08
87.8476,9.97553317384e-08
87.8576,1.00023241907e-07
87.8676,1.00585971812e-07
87.8776,1.01494441477e-07
87.8876,1.03983679997e-07
87.8976,1.03397247519e-07
87.9076,1.03856751987e-07
87.9176,1.06914016269e-07
87.9276,1.07065277584e-07
87.9376,1.04391681986e-07
87.9476,1.03930207481e-07
87.9576,1.06191056049e-07
87.9676,1.06693084861e-07
87.9776,1.07941726657e-07
87.9876,1.07581143036e-07
87.9976,1.09173857499e-07
88.0076,1.0834975893e-07
88.0176,1.0855318435e-07
88.0276,1.10426102483e-07
88.0376,1.11683511245e-07
88.0476,1.11690417943e-07
88.0576,1.13593228461e-07
88.0676,1.10678413543e-07
88.0776,1.12768289471e-07
88.0876,1.16172155656e-07
88.0976,1.17172368406e-07
88.1076,1.1487729454e-07
88.1176,1.15335993472e-07
88.1276,1.1775268395e-07
88.1376,1.17495197153e-07
88.1476,1.18691723242e-07
88.1576,1.15120973483e-07
88.1676,1.20352883827e-07
88.1776,1.20571333901e-07
88.1876,1.19494872546e-07
88.1976,1.20178673318e-07
88.2076,1.21528606305e-07
88.2176,1.25499061219e-07
88.2276,1.23664504178e-07
88.2376,1.23113346831e-07
88.2476,1.24339387567e-07
88.2576,1.26809383025e-07
88.2676,1.25074436579e-07
88.2776,1.24276026029e-07
88.2876,1.2725332135e-07
88.2976,1.30787816472e-07
88.3076,1.29022021463e-07
88.3176,1.29501554092e-07
88.3276,1.3259544714e-07
88.3376,1.30224329078e-07
88.3476,1.32706259328e-07
88.3576,1.33548180325e-07
88.3676,1.35595828731e-07
88.3776,1.32659509789e-07
88.3876,1.36756889657e-07
88.3976,1.35871456686e-07
88.4076,1.37651164057e-07
88.4176,1.37921254076e-07
88.4276,1.376447607e-07
88.4376,1.39788464285e-07
88.4476,1.38887509712e-07
88.4576,1.40577676324e-07
88.4676,1.41574822254e-07
88.4776,1.44894345791e-07
88.4876,1.43939524062e-07
88.4976,1.47171272685e-07
88.5076,1.45069617253e-07
88.5176,1.44934661101e-07
88.5276,1.45055758561e-07
88.5376,1.49146324172e-07
88.5476,1.50271771614e-07
88.5576,1.486984903e-07
88.5676,1.50170055007e-07
88.5776,1.48067857902e-07
88.5876,1.52461963616e-07
88.5976,1.52140553857e-07
88.6076,1.57566382371e-07
88.6176,1.51874845984e-07
88.6276,1.54281954991e-07
88.6376,1.61109955351e-07
88.6476,1.59765092217e-07
88.6576,1.59302666897e-07
88.6676,1.62367482912e-07
88.6776,1.59535554321e-07
88.6876,1.62436262492e-07
88.6976,1.61308322055e-07
88.7076,1.63275190274e-07
88.7176,1.62428131365e-07
88.7276,1.67514702361e-07
88.7376,1.68381487157e-07
88.7476,1.69468598003e-07
88.7576,1.68725777492e-07
88.7676,1.72209043732e-07
88.7776,1.71454618809e-07
88.7876,1.71646586054e-07
88.7976,1.73572931557e-07
88.8076,1.75180085835e-07
88.8176,1.7524078005e-07
88.8276,1.77647276386e-07
88.8376,1.7654151653e-07
88.8476,1.81266461278e-07
88.8576,1.79266494914e-07
88.8676,1.82619615709e-07
88.8776,1.82319964632e-07
88.8876,1.85235896972e-07
88.8976,1.86157971569e-07
88.9076,1.84485689738e-07
88.9176,1.89311555129e-07
88.9276,1.90886333152e-07
88.9376,1.91098223806e-07
88.9476,1.88377400074e-07
88.9576,1.94839129153e-07
88.9676,1.96614043435e-07
88.9776,1.99917291052e-07
88.9876,1.97981861588e-07
88.9976,2.00503969461e-07
89.0076,2.0231783177e-07
89.0176,2.00526704639e-07
89.0276,2.03178857254e-07
89.0376,2.0213652494e-07
89.0476,2.06303593346e-07
89.0576,2.0684320463e-07
89.0676,2.07506344975e-07
89.0776,2.12426781964e-07
89.0876,2.11963711075e-07
89.0976,2.13525535897e-07
89.1076,2.1298198763e-07
89.1176,2.12578660502e-07
89.1276,2.16571046739e-07
89.1376,2.21595039914e-07
89.1476,2.20931761681e-07
89.1576,2.21469217739e-07
89.1676,2.20926109259e-07
89.1776,2.26816006392e-07
89.1876,2.20893527187e-07
89.1976,2.26008107512e-07
89.2076,2.30415256217e-07
89.2176,2.2941964748e-07
89.2276,2.28203970607e-07
89.2376,2.35816658639e-07
89.2476,2.35282167037e-07
89.2576,2.36216237104e-07
89.2676,2.3729456316e-07
89.2776,2.36481197541e-07
89.2876,2.45884331797e-07
89.2976,2.46148115763e-07
89.3076,2.49085567777e-07
89.3176,2.50082831805e-07
89.3276,2.52454750193e-07
89.3376,2.47117952729e-07
89.3476,2.58394071266e-07
89.3576,2.60838736294e-07
89.3676,2.5595519488e-07
89.3776,2.59043673972e-07
89.3876,2.58816239448e-07
89.3976,2.67494854476e-07
89.4076,2.65134566706e-07
89.4176,2.67865807357e-07
89.4276,2.68807703079e-07
89.4376,2.67413640794e-07
89.4476,2.74681286784e-07
89.4576,2.76612006603e-07
89.4676,2.77583737298e-07
89.4776,2.84849967775e-07
89.4876,2.83875623224e-07
89.4976,2.89291787318e-07
89.5076,2.89977643455e-07
89.5176,2.88855069723e-07
89.5276,2.93353678075e-07
89.5376,2.9252667291e-07
89.5476,2.95640362342e-07
89.5576,2.98442786458e-07
89.5676,3.02674447429e-07
89.5776,3.03992294699e-07
89.5876,3.03984201424e-07
89.5976,3.10432749274e-07
89.6076,3.08010178879e-07
89.6176,3.15168231538e-07
89.6276,3.11800661998e-07
89.6376,3.22331716509e-07
89.6476,3.18340920363e-07
89.6576,3.19311620082e-07
89.6676,3.23752988114e-07
89.6776,3.26576381672e-07
89.6876,3.25522849966e-07
89.6976,3.30724156343e-07
89.7076,3.32265062078e-07
89.7176,3.38044712492e-07
89.7276,3.39844367847e-07
89.7376,3.42733620374e-07
89.7476,3.49185018367e-07
89.7576,3.53216633422e-07
89.7676,3.5293280031e-07
89.7776,3.55404359675e-07
89.7876,3.56192387729e-07
89.7976,3.57142929906e-07
89.8076,3.62549797718e-07
89.8176,3.64873073698e-07
89.8276,3.72318750671e-07
89.8376,3.74234374305e-07
89.8476,3.8057441917e-07
89.8576,3.80351794023e-07
89.8676,3.83334859326e-07
89.8776,3.87803445424e-07
89.8876,3.83611355412e-07
89.8976,3.93848571879e-07
89.9076,3.90939540473e-07
89.9176,3.96815433552e-07
89.9276,4.03207686997e-07
89.9376,4.03855807785e-07
89.9476,4.05884774524e-07
89.9576,4.05062405694e-07
89.9676,4.12668189766e-07
89.9776,4.18369669869e-07
89.9876,4.25137700642e-07
89.9976,4.23598148465e-07
90.0076,4.20593121418e-07
90.0176,4.27713441816e-07
90.0276,4.29081200909e-07
90.0376,4.34913909146e-07
90.0476,4.40673287442e-07
90.0576,4.4135375059e-07
90.0676,4.48969258951e-07
90.0776,4.54827524426e-07
90.0876,4.58272945873e-07
90.0976,4.59427891865e-07
90.1076,4.58447639062e-07
90.1176,4.67479302729e-07
90.1276,4.73619833386e-07
90.1376,4.7304138154e-07
90.1476,4.7852075121e-07
90.1576,4.84267219081e-07
90.1676,4.89121827754e-07
90.1776,4.86930187876e-07
90.1876,4.92935234827e-07
90.1976,4.91204240781e-07
90.2076,5.00911356096e-07
90.2176,5.03004183509e-07
90.2276,5.07489857706e-07
90.2376,5.07858260595e-07
90.2476,5.0717043481e-07
90.2576,5.13906120946e-07
90.2676,5.25763691882e-07
90.2776,5.32736392802e-07
90.2876,5.34847429151e-07
90.2976,5.32987203442e-07
90.3076,5.36073551464e-07
90.3176,5.39805769459e-07
90.3276,5.47566205996e-07
90.3376,5.47260479136e-07
90.3476,5.58213546477e-07
90.3576,5.63100063142e-07
90.3676,5.67220641381e-07
90.3776,5.72980847974e-07
90.3876,5.67018157516e-07
90.3976,5.70278022268e-07
90.4076,5.77922163656e-07
90.4176,5.83787223772e-07
90.4276,5.84208621378e-07
90.4376,5.94647859505e-07
90.4476,5.96987936548e-07
90.4576,5.98144965012e-07
90.4676,6.06438459053e-07
90.4776,6.05281446628e-07
90.4876,6.21382191853e-07
90.4976,6.13735019677e-07
90.5076,6.2824942686e-07
90.5176,6.31944545095e-07
90.5276,6.32605075308e-07
90.5376,6.39943106308e-07
90.5476,6.48502571834e-07
90.5576,6.54305859775e-07
90.5676,6.43810771142e-07
90.5776,6.49204116805e-07
90.5876,6.60874212803e-07
90.5976,6.6126404853e-07
90.6076,6.56961938633e-07
90.6176,6.67784596093e-07
90.6276,6.69488182813e-07
90.6376,6.82078090327e-07
90.6476,6.79104370806e-07
90.6576,6.82281838553e-07
90.6676,6.90823206553e-07
90.6776,6.93383281489e-07
90.6876,6.91267223453e-07
90.6976,6.95794968037e-07
90.7076,7.08437669476e-07
90.7176,7.10871371643e-07
90.7276,7.18744723219e-07
90.7376,7.26114331965e-07
90.7476,7.25356719411e-07
90.7576,7.24567166258e-07
90.7676,7.35850184434e-07
90.7776,7.37849005259e-07
90.7876,7.38145862347e-07
90.7976,7.2848346797e-07
90.8076,7.4995951065e-07
90.8176,7.35902388659e-07
90.8276,7.50609046804e-07
90.8376,7.5893657166e-07
90.8476,7.53721271021e-07
90.8576,7.69716810978e-07
90.8676,7.58314256887e-07
90.8776,7.7340964356e-07
90.8876,7.69164500726e-07
90.8976,7.704315494e-07
90.9076,7.70758729067e-07
90.9176,7.70019414915e-07
90.9276,7.77675753608e-07
90.9376,7.73946016688e-07
90.9476,7.81446352568e-07
90.9576,7.883138159e-07
90.9676,7.84103690883e-07
90.9776,7.8632345534e-07
90.9876,7.96323304912e-07
90.9976,7.93094964612e-07
91.0076,7.97567631966e-07
91.0176,8.01802595842e-07
91.0276,7.87595901865e-07
91.0376,7.97584531858e-07
91.0476,8.11396093679e-07
91.0576,8.10441050164e-07
91.0676,8.19372519912e-07
91.0776,8.0556807171e-07
91.0876,8.12650525637e-07
91.0976,8.12604887432e-07
91.1076,8.05585532084e-07
91.1176,8.06358635172e-07
91.1276,8.08125145461e-07
91.1376,8.0139292667e-07
91.1476,8.21689894664e-07
91.1576,8.16795600967e-07
91.1676,8.05676073332e-07
91.1776,8.15494244245e-07
91.1876,8.24371013389e-07
91.1976,8.16439931001e-07
91.2076,8.15974321262e-07
91.2176,8.20948269942e-07
91.2276,8.11163678692e-07
91.2376,8.14611787464e-07
91.2476,8.1420396611e-07
91.2576,8.24645843707e-07
91.2676,8.10102120118e-07
91.2776,8.18118986742e-07
91.2876,8.07261002803e-07
91.2976,8.11417990884e-07
91.3076,8.14808697786e-07
91.3176,8.18393017706e-07
91.3276,8.06749589263e-07
91.3376,8.01625348983e-07
91.3476,8.05827906706e-07
91.3576,8.00077414721e-07
91.3676,7.89565331077e-07
91.3776,8.02471565395e-07
91.3876,8.05685626709e-07
91.3976,8.09820978308e-07
91.4076,7.94312211285e-07
91.4176,7.93171234822e-07
91.4276,7.8841255649e-07
91.4376,7.82320851776e-07
91.4476,7.92748767944e-07
91.4576,7.88845034076e-07
91.4676,7.86886000949e-07
91.4776,7.82681352953e-07
91.4876,7.83485131384e-07
91.4976,7.78289169745e-07
91.5076,7.83716894527e-07
91.5176,7.7859338032e-07
91.5276,7.6532715251e-07
91.5376,7.6870899776e-07
91.5476,7.61849366329e-07
91.5576,7.55739803237e-07
91.5676,7.54528634324e-07
91.5776,7.51495682892e-07
91.5876,7.56885170724e-07
91.5976,7.39332982977e-07
91.6076,7.46249540143e-07
91.6176,7.43743895711e-07
91.6276,7.28541969182e-07
91.6376,7.26136731143e-07
91.6476,7.27506835788e-07
91.6576,7.24050239753e-07
91.6676,7.19337709581e-07
91.6776,7.15436271407e-07
91.6876,7.08328579844e-07
91.6976,7.08891343867e-07
91.7076,7.06776891644e-07
91.7176,6.9839619803e-07
91.7276,6.91121289217e-07
91.7376,6.90730236989e-07
91.7476,6.87660366539e-07
91.7576,6.84005284534e-07
91.7676,6.76789933798e-07
91.7776,6.82313140012e-07
91.7876,6.69788934869e-07
91.7976,6.61953052913e-07
91.8076,6.6451580531e-07
91.8176,6.59114541517e-07
91.8276,6.52768164445e-07
91.8376,6.54707187873e-07
91.8476,6.51676293314e-07
91.8576,6.47099722692e-07
91.8676,6.3440484271e-07
91.8776,6.30100724364e-07
91.8876,6.35001061938e-07
91.8976,6.30544869925e-07
91.9076,6.21989280377e-07
91.9176,6.21650058944e-07
91.9276,6.11693612899e-07
91.9376,6.16232298746e-07
91.9476,5.97902833447e-07
91.9576,6.02236343951e-07
91.9676,5.96721320899e-07
91.9776,5.98545543388e-07
91.9876,5.95533766e-07
91.9976,5.94357478493e-07
92.0076,5.83686342328e-07
92.0176,5.75838429521e-07
92.0276,5.7523968496e-07
92.0376,5.61141694648e-07
92.0476,5.5785452075e-07
92.0576,5.61721011873e-07
92.0676,5.55293362649e-07
92.0776,5.49762988587e-07
92.0876,5.47138295122e-07
92.0976,5.4380966348e-07
92.1076,5.37850064698e-07
92.1176,5.34727024773e-07
92.1276,5.4694303051e-07
92.1376,5.25480175505e-07
92.1476,5.22064065527e-07
92.1576,5.24657422479e-07
92.1676,5.0902083521e-07
92.1776,5.10531518006e-07
92.1876,5.03164987066e-07
92.1976,5.10342998627e-07
92.2076,5.0296479717e-07
92.2176,4.9514990724e-07
92.2276,4.92207504808e-07
92.2376,4.93469002066e-07
92.2476,4.87504126416e-07
92.2576,4.82554876246e-07
92.2676,4.74203519377e-07
92.2776,4.72259714479e-07
92.2876,4.72053690728e-07
92.2976,4.69069055495e-07
92.3076,4.69062981351e-07
92.3176,4.57884478459e-07
92.3276,4.58479359256e-07
92.3376,4.50637790717e-07
92.3476,4.52652102474e-07
92.3576,4.45514822191e-07
92.3676,4.4656746188e-07
92.3776,4.43758378175e-07
92.3876,4.3117726136e-07
92.3976,4.31099077204e-07
92.4076,4.25965365877e-07
92.4176,4.24555721097e-07
92.4276,4.21185290509e-07
92.4376,4.21167840937e-07
92.4476,4.17270133574e-07
92.4576,4.11747968255e-07
92.4676,4.12110513273e-07
92.4776,4.01754277501e-07
92.4876,3.9786083582e-07
92.4976,4.00384527407e-07
92.5076,3.95222935583e-07
92.5176,3.84148076618e-07
92.5276,3.93165856758e-07
92.5376,3.84143414177e-07
92.5476,3.84695773318e-07
92.5576,3.86804862376e-07
92.5676,3.78777522977e-07
92.5776,3.74556442206e-07
92.5876,3.75062659986e-07
92.5976,3.7344236694e-07
92.6076,3.67440192819e-07
92.6176,3.6117120077e-07
92.6276,3.6724016065e-07
92.6376,3.61080728174e-07
92.6476,3.52434979936e-07
92.6576,3.52717522956e-07
92.6676,3.56382999772e-07
92.6776,3.45709879359e-07
92.6876,3.49937343716e-07
92.6976,3.37793074528e-07
92.7076,3.44637523128e-07
92.7176,3.38456808043e-07
92.7276,3.36811033836e-07
92.7376,3.33703979087e-07
92.7476,3.32277463425e-07
92.7576,3.29780701688e-07
92.7676,3.27316068774e-07
92.7776,3.21393639609e-07
92.7876,3.21459936783e-07
92.7976,3.15497023306e-07
92.8076,3.17814892848e-07
92.8176,3.14683937483e-07
92.8276,3.13608144048e-07
92.8376,3.11335800255e-07
92.8476,3.06696239912e-07
92.8576,3.05910547352e-07
92.8676,3.03512232156e-07
92.8776,3.00351098204e-07
92.8876,2.94013363561e-07
92.8976,2.94170312154e-07
92.9076,2.94841730827e-07
92.9176,2.8440199408e-07
92.9276,2.90687438401e-07
92.9376,2.85670001812e-07
92.9476,2.87594914009e-07
92.9576,2.7878529691e-07
92.9676,2.79662583686e-07
92.9776,2.76994971615e-07
92.9876,2.79083262757e-07
92.9976,2.75088077947e-07
93.0076,2.67693500787e-07
93.0176,2.71949040505e-07
93.0276,2.69895279317e-07
93.0376,2.6331685377e-07
93.0476,2.64416105878e-07
93.0576,2.62379674283e-07
93.0676,2.61550681201e-07
93.0776,2.63860461854e-07
93.0876,2.5601479898e-07
93.0976,2.54632553114e-07
93.1076,2.55154361629e-07
93.1176,2.51032483261e-07
93.1276,2.48159035901e-07
93.1376,2.46266139409e-07
93.1476,2.47379950931e-07
93.1576,2.4121790674e-07
93.1676,2.38928833628e-07
93.1776,2.38130709339e-07
93.1876,2.39782734546e-07
93.1976,2.35930238908e-07
93.2076,2.37992002583e-07
93.2176,2.32807770724e-07
93.2276,2.34666736954e-07
93.2376,2.31706071063e-07
93.2476,2.31155619986e-07
93.2576,2.30358681418e-07
93.2676,2.30085264151e-07
93.2776,2.22384323217e-07
93.2876,2.24651058696e-07
93.2976,2.20908501823e-07
93.3076,2.2213365109e-07
93.3176,2.18272875948e-07
93.3276,2.17926606089e-07
93.3376,2.15229502488e-07
93.3476,2.16178364617e-07
93.3576,2.11484673758e-07
93.3676,2.12817489352e-07
93.3776,2.13487513928e-07
93.3876,2.09654440509e-07
93.3976,2.06632009008e-07
93.4076,2.05945562234e-07
93.4176,2.02861847766e-07
93.4276,2.07362313038e-07
93.4376,2.02018655603e-07
93.4476,2.00291418164e-07
93.4576,1.96782487929e-07
93.4676,2.00459029079e-07
93.4776,1.97988139999e-07
93.4876,1.89790062116e-07
93.4976,1.94826813031e-07
93.5076,1.95238116439e-07
93.5176,1.96715920369e-07
93.5276,1.88984102256e-07
93.5376,1.87139962561e-07
93.5476,1.87853302252e-07
93.5576,1.85393684354e-07
93.5676,1.83876035015e-07
93.5776,1.8769447673e-07
93.5876,1.86539620228e-07
93.5976,1.8492470677e-07
93.6076,1.802874785e-07
93.6176,1.81202225347e-07
93.6276,1.7821482564e-07
93.6376,1.77872634709e-07
93.6476,1.76582374621e-07
93.6576,1.79557015498e-07
93.6676,1.78189457073e-07
93.6776,1.73587228948e-07
93.6876,1.71520257987e-07
93.6976,1.73430174896e-07
93.7076,1.69983262199e-07
93.7176,1.68639140314e-07
93.7276,1.63705486727e-07
93.7376,1.67366225008e-07
93.7476,1.69960666857e-07
93.7576,1.66094510086e-07
93.7676,1.64579218281e-07
93.7776,1.64379548674e-07
93.7876,1.58560116501e-07
93.7976,1.59645119989e-07
93.8076,1.60006355689e-07
93.8176,1.6217984804e-07
93.8276,1.61193230673e-07
93.8376,1.56671974752e-07
93.8476,1.56662108537e-07
93.8576,1.57862791454e-07
93.8676,1.56433577108e-07
93.8776,1.54893412952e-07
93.8876,1.55672625114e-07
93.8976,1.52252239331e-07
93.9076,1.48207461635e-07
93.9176,1.52418592616e-07
93.9276,1.49362569788e-07
93.9376,1.51784402834e-07
93.9476,1.49631628997e-07
93.9576,1.49044670403e-07
93.9676,1.43773118424e-07
93.9776,1.4500472865e-07
93.9876,1.46215413386e-07
93.9976,1.43864230418e-07
94.0076,1.42847777394e-07
94.0176,1.42675639084e-07
94.0276,1.44361177126e-07
94.0376,1.403002348e-07
94.0476,1.41253396907e-07
94.0576,1.38661842344e-07
94.0676,1.40380735902e-07
94.0776,1.38228168125e-07
94.0876,1.35851489096e-07
94.0976,1.36645698681e-07
94.1076,1.37894489397e-07
94.1176,1.29620506483e-07
94.1276,1.34972499082e-07
94.1376,1.34977301662e-07
94.1476,1.3083359332e-07
94.1576,1.3355762093e-07
94.1676,1.3015945645e-07
94.1776,1.30080799759e-07
94.1876,1.28526709823e-07
94.1976,1.27764283978e-07
94.2076,1.30118865538e-07
94.2176,1.27113284702e-07
94.2276,1.26678275991e-07
94.2376,1.25060702225e-07
94.2476,1.25672813574e-07
94.2576,1.26053420065e-07
94.2676,1.25847655588e-07
94.2776,1.21327279327e-07
94.2876,1.2450199171e-07
94.2976,1.20939554746e-07
94.3076,1.22838127079e-07
94.3176,1.21054357725e-07
94.3276,1.20823407298e-07
94.3376,1.19260368204e-07
94.3476,1.16851553025e-07
94.3576,1.1789347634e-07
94.3676,1.15422574675e-07
94.3776,1.18624710827e-07
94.3876,1.19792758349e-07
94.3976,1.16872055975e-07
94.4076,1.14563130981e-07
94.4176,1.15981973194e-07
94.4276,1.13996219415e-07
94.4376,1.13512144882e-07
94.4476,1.12975511224e-07
94.4576,1.11540372843e-07
94.4676,1.14903336682e-07
94.4776,1.11722429275e-07
94.4876,1.11840008282e-07
94.4976,1.06875642308e-07
94.5076,1.09615944791e-07
94.5176,1.10137098147e-07
94.5276,1.0630979086e-07
94.5376,1.09801468378e-07
94.5476,1.05423669644e-07
94.5576,1.07076863282e-07
94.5676,1.07362402047e-07
94.5776,1.04405333781e-07
94.5876,1.03260011422e-07
94.5976,1.05111771467e-07
94.6076,1.05082117218e-07
94.6176,1.03881906693e-07
94.6276,1.04078058147e-07
94.6376,1.04465577336e-07
94.6476,1.03892560629e-07
94.6576,9.91145897952e-08
94.6676,1.01866355431e-07
94.6776,1.02175311643e-07
94.6876,1.01428746211e-07
94.6976,9.86353593269e-08
94.7076,9.96086806235e-08
94.7176,1.00811868636e-07
94.7276,1.00246459509e-07
94.7376,9.89293790324e-08
94.7476,9.72926357736e-08
94.7576,9.67729948825e-08
94.7676,9.4709903938e-08
94.7776,9.34734924126e-08
94.7876,9.62655451345e-08
94.7976,9.54577016556e-08
94.8076,9.55818670459e-08
94.8176,9.44030180558e-08
94.8276,9.41906607556e-08
94.8376,9.5012083836e-08
94.8476,9.17435014173e-08
94.8576,9.08161415473e-08
94.8676,9.32517032416e-08
94.8776,9.18282131129e-08
94.8876,9.21135643722e-08
94.8976,8.88480877459e-08
94.9076,9.16623102461e-08
94.9176,9.00253559027e-08
94.9276,8.86423862186e-08
94.9376,8.86641030243e-08
94.9476,8.83729626647e-08
94.9576,8.77401263836e-08
94.9676,9.06903680964e-08
94.9776,8.93681660242e-08
94.9876,8.88291865863e-08
94.9976,8.66480379834e-08
95.0076,8.56724899024e-08
95.0176,8.58444857363e-08
95.0276,8.723647702e-08
95.0376,8.56255120065e-08
95.0476,8.60182592982e-08
95.0576,8.65519546452e-08
95.0676,8.36229970091e-08
95.0776,8.47663433164e-08
95.0876,8.16082428771e-08
95.0976,8.18886181806e-08
95.1076,8.24641190365e-08
95.1176,8.31880400358e-08
95.1276,8.35792609431e-08
95.1376,8.40190448945e-08
95.1476,8.10302207138e-08
95.1576,7.95309062808e-08
95.1676,7.95653318193e-08
95.1776,7.99426036108e-08
95.1876,8.07103529085e-08
95.1976,8.03012030762e-08
95.2076,8.12715042269e-08
95.2176,7.93787373756e-08
95.2276,7.89453777996e-08
95.2376,7.80093384824e-08
95.2476,7.88324040387e-08
95.2576,7.78176434487e-08
95.2676,7.7153953879e-08
95.2776,7.69013336915e-08
95.2876,7.65456495838e-08
95.2976,7.64509517225e-08
95.3076,7.80820046105e-08
95.3176,7.56188805549e-08
95.3276,7.48101909127e-08
95.3376,7.60985416632e-08
95.3476,7.5505464635e-08
95.3576,7.57707000262e-08
95.3676,7.38297534788e-08
95.3776,7.37332106289e-08
95.3876,7.38903664096e-08
95.3976,7.32877724044e-08
95.4076,7.370169876e-08
95.4176,7.23093072098e-08
95.4276,7.28467095188e-08
95.4376,7.26753644918e-08
95.4476,7.11616276626e-08
95.4576,7.38046457513e-08
95.4676,7.31252924159e-08
95.4776,7.07214659991e-08
95.4876,7.21522858806e-08
95.4976,7.13152706947e-08
95.5076,7.0973051592e-08
95.5176,6.85587800487e-08
95.5276,6.9094555093e-08
95.5376,6.92999933897e-08
95.5476,6.78381487259e-08
95.5576,6.94677935903e-08
95.5676,7.13723489689e-08
95.5776,6.7997328606e-08
95.5876,6.89071816359e-08
95.5976,7.11499096833e-08
95.6076,6.6693474384e-08
95.6176,6.64982645936e-08
95.6276,6.8228105131e-08
95.6376,6.86059627809e-08
95.6476,6.8109292281e-08
95.6576,6.78077320727e-08
95.6676,6.68079204734e-08
95.6776,6.55369907141e-08
95.6876,6.56139337979e-08
95.6976,6.73209443261e-08
95.7076,6.46986665236e-08
95.7176,6.58110451825e-08
95.7276,6.41385714586e-08
95.7376,6.46593042954e-08
95.7476,6.46359897133e-08
95.7576,6.37996535818e-08
95.7676,6.50844918931e-08
95.7776,6.52928904522e-08
95.7876,6.26170838418e-08
95.7976,6.06746707953e-08
95.8076,6.32142581595e-08
95.8176,6.16462605112e-08
95.8276,6.33676151135e-08
95.8376,6.27090154075e-08
95.8476,6.10105582112e-08
95.8576,6.2284437762e-08
95.8676,6.16177944854e-08
95.8776,6.11251665122e-08
95.8876,6.30178109126e-08
95.8976,6.31499646049e-08
95.9076,6.13936036405e-08
95.9176,5.90783060564e-08
95.9276,5.94191457183e-08
95.9376,6.00872025637e-08
95.9476,6.20772627454e-08
95.9576,5.89126837705e-08
95.9676,6.06560965122e-08
95.9776,5.97401305398e-08
95.9876,5.81845488171e-08
95.9976,5.9880564707e-08
96.0076,5.72687579071e-08
96.0176,5.88628486591e-08
96.0276,5.8131983913e-08
96.0376,5.74131438183e-08
96.0476,5.85391777564e-08
96.0576,5.64880014489e-08
96.0676,5.75442341549e-08
96.0776,5.63190770587e-08
96.0876,5.67294944261e-08
96.0976,5.80585190169e-08
96.1076,5.7166268474e-08
96.1176,5.56890772541e-08
96.1276,5.68875952922e-08
96.1376,5.51142402831e-08
96.1476,5.63409160391e-08
96.1576,5.47695823125e-08
96.1676,5.52827550735e-08
96.1776,5.66747619459e-08
96.1876,5.44069349543e-08
96.1976,5.35786298529e-08
96.2076,5.61600526749e-08
96.2176,5.31355161373e-08
96.2276,5.42189745148e-08
96.2376,5.52992406097e-08
96.2476,5.42390151162e-08
96.2576,5.47129320275e-08
96.2676,5.34304608189e-08
96.2776,5.41994513493e-08
96.2876,5.32299675934e-08
96.2976,5.30680992616e-08
96.3076,5.26274782331e-08
96.3176,5.34990085728e-08
96.3276,5.33147117675e-08
96.3376,5.25054961597e-08
96.3476,5.00527174232e-08
96.3576,5.29256626484e-08
96.3676,5.27249243147e-08
96.3776,5.1699942941e-08
96.3876,5.24784715276e-08
96.3976,5.23446928456e-08
96.4076,4.96451897492e-08
96.4176,5.17639853925e-08
96.4276,5.09001571904e-08
96.4376,5.15282805168e-08
96.4476,5.09158469788e-08
96.4576,4.99408817757e-08
96.4676,4.9781442684e-08
96.4776,4.8000993416e-08
96.4876,4.98233905466e-08
96.4976,4.824965168e-08
96.5076,5.0255747891e-08
96.5176,4.90071514947e-08
96.5276,5.07504305737e-08
96.5376,4.92490295653e-08
96.5476,4.8610551946e-08
96.5576,4.90570255513e-08
96.5676,4.9532620147e-08
96.5776,4.90715917753e-08
96.5876,4.74341644602e-08
96.5976,4.83455016811e-08
96.6076,4.8938335479e-08
96.6176,4.75841578606e-08
96.6276,4.76003131532e-08
96.6376,4.7584540698e-08
96.6476,4.75575402505e-08
96.6576,4.60370693739e-08
96.6676,4.67820818215e-08
96.6776,4.77903687502e-08
96.6876,4.63968965387e-08
96.6976,4.56534481251e-08
96.7076,4.55050928508e-08
96.7176,4.6660654968e-08
96.7276,4.68506787961e-08
96.7376,4.4648933964e-08
96.7476,4.58975594819e-08
96.7576,4.56669431064e-08
96.7676,4.48694621075e-08
96.7776,4.57718263328e-08
96.7876,4.50198300729e-08
96.7976,4.50589890181e-08
96.8076,4.53615255732e-08
96.8176,4.50055235662e-08
96.8276,4.6059019919e-08
96.8376,4.25625989338e-08
96.8476,4.48479886973e-08
96.8576,4.53765875441e-08
96.8676,4.28824442397e-08
96.8776,4.54535871149e-08
96.8876,4.3731463081e-08
96.8976,4.30525160414e-08
96.9076,4.41452825699e-08
96.9176,4.31428203497e-08
96.9276,4.34105874442e-08
96.9376,4.29381230028e-08
96.9476,4.37952729051e-08
96.9576,4.40089465887e-08
96.9676,4.40996801347e-08
96.9776,4.24533186959e-08
96.9876,4.18055014752e-08
96.9976,4.22465594647e-08
97.0076,4.2811856545e-08
97.0176,4.51991118142e-08
97.0276,4.19101374388e-08
97.0376,4.21007422412e-08
97.0476,4.14501328703e-08
97.0576,4.19637596161e-08
97.0676,4.33470896864e-08
97.0776,4.22343742445e-08
97.0876,4.1887292388e-08
97.0976,4.13577240403e-08
97.1076,4.23836293584e-08
97.1176,4.20644218934e-08
97.1276,4.29079591668e-08
97.1376,3.96250223125e-08
97.1476,4.14496456012e-08
97.1576,4.09933256778e-08
97.1676,4.13911313427e-08
97.1776,4.01671480302e-08
97.1876,4.15289333249e-08
97.1976,3.97829447518e-08
97.2076,3.92269903596e-08
97.2176,4.1048062169e-08
97.2276,4.07722340328e-08
97.2376,3.88608266492e-08
97.2476,3.99576588245e-08
97.2576,4.02188288819e-08
97.2676,4.03287047578e-08
97.2776,3.88469007115e-08
97.2876,3.96431955283e-08
97.2976,3.96756994561e-08
97.3076,3.7956319565e-08
97.3176,3.96513892407e-08
97.3276,3.81735582914e-08
97.3376,4.00390795084e-08
97.3476,3.84809627931e-08
97.3576,3.87871078175e-08
97.3676,3.79296714536e-08
97.3776,3.85777710536e-08
97.3876,3.74318089594e-08
97.3976,3.84655435537e-08
97.4076,3.84421250573e-08
97.4176,3.84162730956e-08
97.4276,3.8224079404e-08
97.4376,3.72993079397e-08
97.4476,3.61261647998e-08
97.4576,3.73780374037e-08
97.4676,3.74433955488e-08
97.4776,3.71735688731e-08
97.4876,3.66155910429e-08
97.4976,3.66680211272e-08
97.5076,3.74802615526e-08
97.5176,3.66679304509e-08
97.5276,3.79615089132e-08
97.5376,3.68731689402e-08
97.5476,3.81223593128e-08
97.5576,3.93144013443e-08
97.5676,3.76503624145e-08
97.5776,3.58225867134e-08
97.5876,3.6925585219e-08
97.5976,3.64691418621e-08
97.6076,3.73670406819e-08
97.6176,3.62284429312e-08
97.6276,3.64449949248e-08
97.6376,3.67472807324e-08
97.6476,3.65980858568e-08
97.6576,3.49691548265e-08
97.6676,3.46444001865e-08
97.6776,3.60524472661e-08
97.6876,3.57684543912e-08
97.6976,3.63252238928e-08
97.7076,3.48470188785e-08
97.7176,3.43804991623e-08
97.7276,3.58606062564e-08
97.7376,3.6119991248e-08
97.7476,3.43961436291e-08
97.7576,3.43380759301e-08
97.7676,3.47993505829e-08
97.7776,3.41946398121e-08
97.7876,3.45008108145e-08
97.7976,3.40571443176e-08
97.8076,3.4050791828e-08
97.8176,3.44735683563e-08
97.8276,3.38794859073e-08
97.8376,3.50690504001e-08
97.8476,3.3061594553e-08
97.8576,3.37967557234e-08
97.8676,3.37270104424e-08
97.8776,3.38933691509e-08
97.8876,3.28262814962e-08
97.8976,3.37661708435e-08
97.9076,3.41000074308e-08
97.9176,3.32642584675e-08
97.9276,3.37271208737e-08
97.9376,3.22458821414e-08
97.9476,3.35979575123e-08
97.9576,3.39948977478e-08
97.9676,3.29867902269e-08
97.9776,3.28533902316e-08
97.9876,3.31043018202e-08
97.9976,3.20649755872e-08
98.0076,3.27637831509e-08
98.0176,3.19591725949e-08
98.0276,3.18224455327e-08
98.0376,3.27081710773e-08
98.0476,3.15579075962e-08
98.0576,3.27546304055e-08
98.0676,3.09775564692e-08
98.0776,3.27038786552e-08
98.0876,3.24782101588e-08
98.0976,3.18354078298e-08
98.1076,3.15801585685e-08
98.1176,3.16341361744e-08
98.1276,3.25949660941e-08
98.1376,3.14801755438e-08
98.1476,3.21156596903e-08
98.1576,3.12329326881e-08
98.1676,3.18037817788e-08
98.1776,3.16833778137e-08
98.1876,3.18919140442e-08
98.1976,3.11939058283e-08
98.2076,3.12442669481e-08
98.2176,3.12370158376e-08
98.2276,3.17539421835e-08
98.2376,3.12975801744e-08
98.2476,3.13687149247e-08
98.2576,3.04183866061e-08
98.2676,3.13643023436e-08
98.2776,3.04470100394e-08
98.2876,3.06991546579e-08
98.2976,3.04602205209e-08
98.3076,2.9986185658e-08
98.3176,2.99988708337e-08
98.3276,3.08724147119e-08
98.3376,3.06633393972e-08
98.3476,2.98966554685e-08
98.3576,3.13144590647e-08
98.3676,2.92702104458e-08
98.3776,3.04365379395e-08
98.3876,2.99480990922e-08
98.3976,2.96022791052e-08
98.4076,2.97037528297e-08
98.4176,2.99109408558e-08
98.4276,2.97935901081e-08
98.4376,3.01414774858e-08
98.4476,3.00939576518e-08
98.4576,2.96370630401e-08
98.4676,2.9380404917e-08
98.4776,2.82898519306e-08
98.4876,3.01462722931e-08
98.4976,2.95837742737e-08
98.5076,2.8257950626e-08
98.5176,2.93849902244e-08
98.5276,2.84753049067e-08
98.5376,2.90944046852e-08
98.5476,2.8506654712e-08
98.5576,2.95633219611e-08
98.5676,2.8508007904e-08
98.5776,2.9537791145e-08
98.5876,2.80410281614e-08
98.5976,2.89049873908e-08
98.6076,2.83725610329e-08
98.6176,2.78571760619e-08
98.6276,2.82723923921e-08
98.6376,2.89191833487e-08
98.6476,2.85246334367e-08
98.6576,2.77020862545e-08
98.6676,2.81539642301e-08
98.6776,2.83290695836e-08
98.6876,2.90608809661e-08
98.6976,2.86230846029e-08
98.7076,2.8071136868e-08
98.7176,2.8836024692e-08
98.7276,2.83154356378e-08
98.7376,2.73442864275e-08
98.7476,2.85897772748e-08
98.7576,2.69263282259e-08
98.7676,2.7430993216e-08
98.7776,2.73030033316e-08
98.7876,2.64295835648e-08
98.7976,2.77402931333e-08
98.8076,2.68516707672e-08
98.8176,2.7722654946e-08
98.8276,2.73634451122e-08
98.8376,2.72826452902e-08
98.8476,2.76789425379e-08
98.8576,2.7665186122e-08
98.8676,2.70521321154e-08
98.8776,2.74667031379e-08
98.8876,2.77521734237e-08
98.8976,2.65764186654e-08
98.9076,2.79202844107e-08
98.9176,2.63675532045e-08
98.9276,2.65986421421e-08
98.9376,2.56684905121e-08
98.9476,2.60856681077e-08
98.9576,2.6785917843e-08
98.9676,2.63305711111e-08
98.9776,2.66104793259e-08
98.9876,2.69116593482e-08
98.9976,2.57736594524e-08
99.0076,2.5360603649e-08
99.0176,2.59161203651e-08
99.0276,2.55748120154e-08
99.0376,2.59593814615e-08
99.0476,2.52719452763e-08
99.0576,2.60401613092e-08
99.0676,2.54653050922e-08
99.0776,2.6650929574e-08
99.0876,2.60060968215e-08
99.0976,2.46908000581e-08
99.1076,2.63966814423e-08
99.1176,2.63695257704e-08
99.1276,2.51863491292e-08
99.1376,2.4993544931e-08
99.1476,2.53109059836e-08
99.1576,2.57747850783e-08
99.1676,2.47130354889e-08
99.1776,2.51965274929e-08
99.1876,2.53020412895e-08
99.1976,2.51041278674e-08
99.2076,2.50863710013e-08
99.2176,2.45254476738e-08
99.2276,2.50983254906e-08
99.2376,2.59826416145e-08
99.2476,2.52047697585e-08
99.2576,2.52470835049e-08
99.2676,2.48627139681e-08
99.2776,2.50181202394e-08
99.2876,2.48111105084e-08
99.2976,2.51151866848e-08
99.3076,2.45085527578e-08
99.3176,2.48416512804e-08
99.3276,2.48679137441e-08
99.3376,2.4566045882e-08
99.3476,2.57071168611e-08
99.3576,2.4245958587e-08
99.3676,2.38808996481e-08
99.3776,2.45235515229e-08
99.3876,2.4167200832e-08
99.3976,2.44341644117e-08
99.4076,2.38026840409e-08
99.4176,2.40489436288e-08
99.4276,2.51656957318e-08
99.4376,2.3996378314e-08
99.4476,2.36348805713e-08
99.4576,2.39007910219e-08
99.4676,2.44955275304e-08
99.4776,2.34822987196e-08
99.4876,2.42442297944e-08
99.4976,2.26848644893e-08
99.5076,2.3032580032e-08
99.5176,2.3759407393e-08
99.5276,2.26987290961e-08
99.5376,2.25876667642e-08
99.5476,2.46422139535e-08
99.5576,2.26814231931e-08
99.5676,2.3815258217e-08
99.5776,2.29613263733e-08
99.5876,2.32136442495e-08
99.5976,2.36499973238e-08
99.6076,2.38347130095e-08
99.6176,2.22773819833e-08
99.6276,2.23358767027e-08
99.6376,2.32372894369e-08
99.6476,2.24885854056e-08
99.6576,2.30051810887e-08
99.6676,2.37367501749e-08
99.6776,2.23921203019e-08
99.6876,2.2640054294e-08
99.6976,2.35431128328e-08
99.7076,2.21587578056e-08
99.7176,2.3268147499e-08
99.7276,2.27715212781e-08
99.7376,2.28224533115e-08
99.7476,2.1934524287e-08
99.7576,2.24904748529e-08
99.7676,2.23712875835e-08
99.7776,2.29124357105e-08
99.7876,2.17107692828e-08
99.7976,2.33367360903e-08
99.8076,2.25209293131e-08
99.8176,2.21428374726e-08
99.8276,2.24438471279e-08
99.8376,2.16423611477e-08
99.8476,2.24080954371e-08
99.8576,2.34131806769e-08
99.8676,2.24736699291e-08
99.8776,2.24980606945e-08
99.8876,2.13881164907e-08
99.8976,2.21286618589e-08
99.9076,2.22794458241e-08
99.9176,2.1703287182e-08
99.9276,2.26380293401e-08
99.9376,2.18280840435e-08
99.9476,2.2423901984e-08
99.9576,2.27627927709e-08
99.9676,2.19677884373e-08
99.9776,2.22149802185e-08
99.9876,2.18016030197e-08
99.9976,2.24475825534e-08
100.0076,2.22216036376e-08
100.0176,2.11495830553e-08
100.0276,2.15167853061e-08
100.0376,2.10019808972e-08
100.0476,2.1395997516e-08
100.0576,2.13422982805e-08
100.0676,2.14457393045e-08
100.0776,2.12859177677e-08
100.0876,2.12738167754e-08
100.0976,2.06673269517e-08
100.1076,2.09163920908e-08
100.1176,2.17442833222e-08
100.1276,2.06364790892e-08
100.1376,2.17068410709e-08
100.1476,2.06061834836e-08
100.1576,2.11874918667e-08
100.1676,2.04058551128e-08
100.1776,2.0500735223e-08
100.1876,1.98184845489e-08
100.1976,2.09225124228e-08
100.2076,2.10672465812e-08
100.2176,2.02516748228e-08
100.2276,2.05873281535e-08
100.2376,2.05947711472e-08
100.2476,2.08821289612e-08
100.2576,2.13700123975e-08
100.2676,1.98563495489e-08
100.2776,2.10375623244e-08
100.2876,2.04075595528e-08
100.2976,2.0306104919e-08
100.3076,2.06642005261e-08
100.3176,2.04380739972e-08
100.3276,2.09565138759e-08
100.3376,1.99569509653e-08
100.3476,1.98669888052e-08
100.3576,2.16350195734e-08
100.3676,2.07397327611e-08
100.3776,2.06720156112e-08
100.3876,2.08786578107e-08
100.3976,2.04912862337e-08
100.4076,2.07063536604e-08
100.4176,2.01023261175e-08
100.4276,1.95816637951e-08
100.4376,1.95381739261e-08
100.4476,1.9533037347e-08
100.4576,2.08887212559e-08
100.4676,1.92284065301e-08
100.4776,2.01809842886e-08
100.4876,2.07379679249e-08
100.4976,2.02868574649e-08
100.5076,1.99467970203e-08
100.5176,2.01687523927e-08
100.5276,2.00962583257e-08
100.5376,2.00769386327e-08
100.5476,1.9361948768e-08
100.5576,2.09289933251e-08
100.5676,1.94402294911e-08
100.5776,1.96411651909e-08
100.5876,1.94944953491e-08
100.5976,1.91747725343e-08
100.6076,1.95519328621e-08
100.6176,1.91792592365e-08
100.6276,1.98401328544e-08
100.6376,1.97188564192e-08
100.6476,1.95195019579e-08
100.6576,2.00226529323e-08
100.6676,1.97692511799e-08
100.6776,2.03479136776e-08
100.6876,1.86037950143e-08
100.6976,1.89040773037e-08
100.7076,1.89033597316e-08
100.7176,1.91366393161e-08
100.7276,1.90287761295e-08
100.7376,1.96267597128e-08
100.7476,1.95004510443e-08
100.7576,1.91599828453e-08
100.7676,1.87536412533e-08
100.7776,1.92372095104e-08
100.7876,1.86408551522e-08
100.7976,1.82693869129e-08
100.8076,1.82309241574e-08
100.8176,1.88705878563e-08
100.8276,1.86496321194e-08
100.8376,1.91367043329e-08
100.8476,1.86899149669e-08
100.8576,1.8938503915e-08
100.8676,1.90047469158e-08
100.8776,1.77003009255e-08
100.8876,1.89001213107e-08
100.8976,1.87266432107e-08
100.9076,1.88901979244e-08
100.9176,1.88395359104e-08
100.9276,1.80590752495e-08
100.9376,1.8703042533e-08
100.9476,1.92560769294e-08
100.9576,1.8335898487e-08
100.9676,1.8391423647e-08
100.9776,1.83126893353e-08
100.9876,1.87810159617e-08
100.9976,1.77772916521e-08
101.0076,1.87910933347e-08
101.0176,1.80466812041e-08
101.0276,1.7962370183e-08
101.0376,1.80263965257e-08
101.0476,1.77176243902e-08
101.0576,1.76281109303e-08
101.0676,1.78753860919e-08
101.0776,1.80034151207e-08
101.0876,1.81403450793e-08
101.0976,1.77931132704e-08
101.1076,1.83797815467e-08
101.1176,1.78529466972e-08
101.1276,1.82450332158e-08
101.1376,1.79123495902e-08
101.1476,1.80623353799e-08
101.1576,1.8458225277e-08
101.1676,1.80659785934e-08
101.1776,1.74788340679e-08
101.1876,1.81082902069e-08
101.1976,1.81258974677e-08
101.2076,1.71972219127e-08
101.2176,1.85146762406e-08
101.2276,1.7517749197e-08
101.2376,1.81134317762e-08
101.2476,1.7839121022e-08
101.2576,1.76489800392e-08
101.2676,1.70591912321e-08
101.2776,1.7942683117e-08
101.2876,1.74935269031e-08
101.2976,1.78379047034e-08
101.3076,1.81907805153e-08
101.3176,1.74352975745e-08
101.3276,1.79768278958e-08
101.3376,1.70049447495e-08
101.3476,1.85601448092e-08
101.3576,1.75566817803e-08
101.3676,1.84936608706e-08
101.3776,1.74218555936e-08
101.3876,1.76280861694e-08
101.3976,1.78532538987e-08
101.4076,1.80211877341e-08
101.4176,1.64404579927e-08
101.4276,1.6961601338e-08
101.4376,1.73003085594e-08
101.4476,1.78179461808e-08
101.4576,1.69041951986e-08
101.4676,1.76634992262e-08
101.4776,1.71920371885e-08
101.4876,1.74573137049e-08
101.4976,1.66663086426e-08
101.5076,1.65570677199e-08
101.5176,1.70899823554e-08
101.5276,1.73077051863e-08
101.5376,1.68141317483e-08
101.5476,1.6824825819e-08
101.5576,1.69305409807e-08
101.5676,1.71112823882e-08
101.5776,1.70361218051e-08
101.5876,1.69071840675e-08
101.5976,1.64943283155e-08
101.6076,1.71047669922e-08
101.6176,1.73984677643e-08
101.6276,1.66256571838e-08
101.6376,1.71682312677e-08
101.6476,1.70147786007e-08
101.6576,1.62624421894e-08
101.6676,1.62127417476e-08
101.6776,1.59843328459e-08
101.6876,1.68294444441e-08
101.6976,1.58404161844e-08
101.7076,1.63350218169e-08
101.7176,1.64593654798e-08
101.7276,1.63985921578e-08
101.7376,1.66084787957e-08
101.7476,1.65402965378e-08
101.7576,1.68832331863e-08
101.7676,1.64797491695e-08
101.7776,1.65852889087e-08
101.7876,1.64806027647e-08
101.7976,1.57880793878e-08
101.8076,1.58051196891e-08
101.8176,1.62091439512e-08
101.8276,1.63192111635e-08
101.8376,1.64149355769e-08
101.8476,1.72978589976e-08
101.8576,1.66796949942e-08
101.8676,1.67647661312e-08
101.8776,1.67521648382e-08
101.8876,1.63787786639e-08
101.8976,1.64480031591e-08
101.9076,1.65652821872e-08
101.9176,1.60010628838e-08
101.9276,1.63271398678e-08
101.9376,1.62010532798e-08
101.9476,1.63720630728e-08
101.9576,1.59241805588e-08
101.9676,1.67178505006e-08
101.9776,1.58575940339e-08
101.9876,1.65589474263e-08
101.9976,1.61217607919e-08
102.0076,1.59937209865e-08
102.0176,1.58217133107e-08
102.0276,1.57474566341e-08
102.0376,1.61604031065e-08
102.0476,1.54727962481e-08
102.0576,1.54547022204e-08
102.0676,1.58896444541e-08
102.0776,1.61269135103e-08
102.0876,1.56237047457e-08
102.0976,1.54974105866e-08
102.1076,1.51244605013e-08
102.1176,1.48736002079e-08
102.1276,1.57099679334e-08
102.1376,1.53401295139e-08
102.1476,1.62528095965e-08
102.1576,1.59994452981e-08
102.1676,1.54468704091e-08
102.1776,1.53638955425e-08
102.1876,1.53734715438e-08
102.1976,1.52324162133e-08
102.2076,1.55639558308e-08
102.2176,1.55077694555e-08
102.2276,1.55152446746e-08
102.2376,1.56309185286e-08
102.2476,1.5290098046e-08
102.2576,1.48948044877e-08
102.2676,1.57094396397e-08
102.2776,1.51973104134e-08
102.2876,1.48789381206e-08
102.2976,1.58690235031e-08
102.3076,1.50017766551e-08
102.3176,1.56332204871e-08
102.3276,1.59313544774e-08
102.3376,1.49437923914e-08
102.3476,1.5620972028e-08
102.3576,1.51754671793e-08
102.3676,1.51745959134e-08
102.3776,1.54339027785e-08
102.3876,1.50415642838e-08
102.3976,1.51698958469e-08
102.4076,1.55627896432e-08
102.4176,1.51992972543e-08
102.4276,1.55296377923e-08
102.4376,1.50598518931e-08
102.4476,1.52203124729e-08
102.4576,1.43655077902e-08
102.4676,1.50983073066e-08
102.4776,1.43264259462e-08
102.4876,1.4553208435e-08
102.4976,1.49538354738e-08
102.5076,1.60033899434e-08
102.5176,1.50405666546e-08
102.5276,1.49646072396e-08
102.5376,1.46143496029e-08
102.5476,1.46049529493e-08
102.5576,1.4560056465e-08
102.5676,1.5071377117e-08
102.5776,1.48842654738e-08
102.5876,1.55195176963e-08
102.5976,1.43734009472e-08
102.6076,1.44814128983e-08
102.6176,1.51229537162e-08
102.6276,1.41019002802e-08
102.6376,1.47008192011e-08
102.6476,1.41087631643e-08
102.6576,1.45662163771e-08
102.6676,1.38127901311e-08
102.6776,1.44886115614e-08
102.6876,1.48320072183e-08
102.6976,1.44647617226e-08
102.7076,1.483286359e-08
102.7176,1.47664027672e-08
102.7276,1.51739919998e-08
102.7376,1.44948046906e-08
102.7476,1.44158686219e-08
102.7576,1.44752337727e-08
102.7676,1.4151179974e-08
102.7776,1.4586824443e-08
102.7876,1.38850701574e-08
102.7976,1.44417404592e-08
102.8076,1.42865596096e-08
102.8176,1.42022035279e-08
102.8276,1.45061258003e-08
102.8376,1.40607752906e-08
102.8476,1.41583252251e-08
102.8576,1.4869351166e-08
102.8676,1.50193070945e-08
102.8776,1.36795504873e-08
102.8876,1.46942796277e-08
102.8976,1.42048724594e-08
102.9076,1.40547971284e-08
102.9176,1.37586247353e-08
102.9276,1.42219490063e-08
102.9376,1.38798095268e-08
102.9476,1.35253894923e-08
102.9576,1.41455799516e-08
102.9676,1.3647298084e-08
102.9776,1.4283347404e-08
102.9876,1.40203368222e-08
102.9976,1.39065883937e-08
103.0076,1.40676559037e-08
103.0176,1.48016961703e-08
103.0276,1.38963738467e-08
103.0376,1.38606454331e-08
103.0476,1.41985915068e-08
103.0576,1.41614680926e-08
103.0676,1.41968060589e-08
103.0776,1.41670494823e-08
103.0876,1.43633371409e-08
103.0976,1.37382527135e-08
103.1076,1.38351173217e-08
103.1176,1.37837019766e-08
103.1276,1.4361439703e-08
103.1376,1.39487495935e-08
103.1476,1.34469534025e-08
103.1576,1.32546487242e-08
103.1676,1.3445578203e-08
103.1776,1.37558030069e-08
103.1876,1.37827945673e-08
103.1976,1.32772034771e-08
103.2076,1.34407130668e-08
103.2176,1.36582856738e-08
103.2276,1.35237391028e-08
103.2376,1.37654176292e-08
103.2476,1.37389642347e-08
103.2576,1.35879484453e-08
103.2676,1.39174622579e-08
103.2776,1.30627556414e-08
103.2876,1.31494490904e-08
103.2976,1.31945368576e-08
103.3076,1.35800172542e-08
103.3176,1.28404152545e-08
103.3276,1.39550024072e-08
103.3376,1.30501946708e-08
103.3476,1.3078012893e-08
103.3576,1.35062492849e-08
103.3676,1.37720036795e-08
103.3776,1.29962800814e-08
103.3876,1.22019531972e-08
103.3976,1.33559942862e-08
103.4076,1.35104487626e-08
103.4176,1.31747250458e-08
103.4276,1.38438905666e-08
103.4376,1.35222660315e-08
103.4476,1.31931670902e-08
103.4576,1.30752231905e-08
103.4676,1.32584451809e-08
103.4776,1.28853595843e-08
103.4876,1.34908415366e-08
103.4976,1.27808460428e-08
103.5076,1.38030324698e-08
103.5176,1.3351521674e-08
103.5276,1.34436644286e-08
103.5376,1.25764536192e-08
103.5476,1.32826122797e-08
103.5576,1.28694238209e-08
103.5676,1.29583139761e-08
103.5776,1.31041309499e-08
103.5876,1.36813781218e-08
103.5976,1.33462407562e-08
103.6076,1.34976534012e-08
103.6176,1.24743958042e-08
103.6276,1.30077999498e-08
103.6376,1.29375759992e-08
103.6476,1.30900832396e-08
103.6576,1.27106727275e-08
103.6676,1.20540411612e-08
103.6776,1.28278707497e-08
103.6876,1.32210468108e-08
103.6976,1.26042023974e-08
103.7076,1.30009369061e-08
103.7176,1.32084406548e-08
103.7276,1.33208269775e-08
103.7376,1.28707152328e-08
103.7476,1.3102234036e-08
103.7576,1.33054431229e-08
103.7676,1.29893915435e-08
103.7776,1.26531605838e-08
103.7876,1.30848549224e-08
103.7976,1.24224586461e-08
103.8076,1.25851011274e-08
103.8176,1.31212887522e-08
103.8276,1.2627571129e-08
103.8376,1.33149194323e-08
103.8476,1.24645803903e-08
103.8576,1.24642204333e-08
103.8676,1.28626686935e-08
103.8776,1.25266489589e-08
103.8876,1.23807849264e-08
103.8976,1.23989642339e-08
103.9076,1.26246134032e-08
103.9176,1.28314775872e-08
103.9276,1.23819981502e-08
103.9376,1.31118811848e-08
103.9476,1.28861688878e-08
103.9576,1.2195749113e-08
103.9676,1.22127316903e-08
103.9776,1.29113170794e-08
103.9876,1.22444062989e-08
103.9976,1.27090503131e-08
104.0076,1.26812706847e-08
104.0176,1.21002282778e-08
104.0276,1.19099480492e-08
104.0376,1.27875564724e-08
104.0476,1.28306872891e-08
104.0576,1.24072221735e-08
104.0676,1.19397234152e-08
104.0776,1.2651560785e-08
104.0876,1.14936461225e-08
104.0976,1.24017277036e-08
104.1076,1.22951601373e-08
104.1176,1.23370069597e-08
104.1276,1.23478808169e-08
104.1376,1.21088693448e-08
104.1476,1.19292643817e-08
104.1576,1.25293985445e-08
104.1676,1.23824992014e-08
104.1776,1.26269492414e-08
104.1876,1.20165559852e-08
104.1976,1.26468017814e-08
104.2076,1.22945905112e-08
104.2176,1.22513065942e-08
104.2276,1.23327158493e-08
104.2376,1.1702320667e-08
104.2476,1.17162296919e-08
104.2576,1.22052672518e-08
104.2676,1.25508266028e-08
104.2776,1.24179728464e-08
104.2876,1.24212689436e-08
104.2976,1.2642734803e-08
104.3076,1.19604346584e-08
104.3176,1.20609254888e-08
104.3276,1.18295016832e-08
104.3376,1.19287040764e-08
104.3476,1.22320199934e-08
104.3576,1.20339142751e-08
104.3676,1.19173117816e-08
104.3776,1.19156697648e-08
104.3876,1.22823884666e-08
104.3976,1.19405419006e-08
104.4076,1.23532634571e-08
104.4176,1.16282783473e-08
104.4276,1.19655261162e-08
104.4376,1.24175745824e-08
104.4476,1.16421880218e-08
104.4576,1.23741645782e-08
104.4676,1.16066725516e-08
104.4776,1.21189627596e-08
104.4876,1.12942213389e-08
104.4976,1.20940660252e-08
104.5076,1.15585633311e-08
104.5176,1.16728844448e-08
104.5276,1.16203995658e-08
104.5376,1.24498196613e-08
104.5476,1.20426287883e-08
104.5576,1.18658289266e-08
104.5676,1.1215025975e-08
104.5776,1.20287780626e-08
104.5876,1.14194630866e-08
104.5976,1.13980134099e-08
104.6076,1.22907123477e-08
104.6176,1.13172269055e-08
104.6276,1.19336125844e-08
104.6376,1.20573851889e-08
104.6476,1.15451090946e-08
104.6576,1.1456571958e-08
104.6676,1.1500303492e-08
104.6776,1.13851530957e-08
104.6876,1.19323285765e-08
104.6976,1.17981423149e-08
104.7076,1.16486421928e-08
104.7176,1.14134625363e-08
104.7276,1.12949620134e-08
104.7376,1.15549118438e-08
104.7476,1.17266577692e-08
104.7576,1.11443928459e-08
104.7676,1.17388949107e-08
104.7776,1.15196832594e-08
104.7876,1.16226041114e-08
104.7976,1.10551945564e-08
104.8076,1.1184735236e-08
104.8176,1.17398096259e-08
104.8276,1.11534099821e-08
104.8376,1.15983773392e-08
104.8476,1.16009880261e-08
104.8576,1.1696672791e-08
104.8676,1.1513986981e-08
104.8776,1.10905596181e-08
104.8876,1.14970081337e-08
104.8976,1.11942093341e-08
104.9076,1.1430300207e-08
104.9176,1.11612914835e-08
104.9276,1.14479129867e-08
104.9376,1.12734732687e-08
104.9476,1.10970026942e-08
104.9576,1.1598680621e-08
104.9676,1.14230352885e-08
104.9776,1.08405426352e-08
104.9876,1.1098384169e-08
104.9976,1.09666789195e-08
105.0076,1.11816370932e-08
105.0176,1.12427457555e-08
105.0276,1.13000079783e-08
105.0376,1.16413723943e-08
105.0476,1.13135305329e-08
105.0576,1.15145668117e-08
105.0676,1.14016673247e-08
105.0776,1.09154376867e-08
105.0876,1.13427422493e-08
105.0976,1.08679234076e-08
105.1076,1.11478463084e-08
105.1176,1.10711245781e-08
105.1276,1.14031079885e-08
105.1376,1.1290143152e-08
105.1476,1.10535019761e-08
105.1576,1.06278590112e-08
105.1676,1.0881560478e-08
105.1776,1.12209143866e-08
105.1876,1.11596766654e-08
105.1976,1.08461867591e-08
105.2076,1.09618368456e-08
105.2176,1.12728469767e-08
105.2276,1.09495085652e-08
105.2376,1.11002698877e-08
105.2476,1.13469296048e-08
105.2576,1.12092177512e-08
105.2676,1.04082388454e-08
105.2776,1.06389950389e-08
105.2876,1.09659191191e-08
105.2976,1.11333518484e-08
105.3076,1.12185980948e-08
105.3176,1.12675772176e-08
105.3276,1.12710314172e-08
105.3376,1.10190222351e-08
105.3476,1.10629273221e-08
105.3576,1.12063258306e-08
105.3676,1.0768571879e-08
105.3776,1.05352367472e-08
105.3876,1.05752617137e-08
105.3976,1.10854997466e-08
105.4076,1.10067425894e-08
105.4176,1.11366781314e-08
105.4276,1.04585439389e-08
105.4376,1.12649596361e-08
105.4476,1.04103382131e-08
105.4576,1.09682267049e-08
105.4676,1.09097618747e-08
105.4776,1.03418289927e-08
105.4876,1.08598345909e-08
105.4976,1.10252219598e-08
105.5076,1.12724826035e-08
105.5176,1.0563751094e-08
105.5276,1.12094839264e-08
105.5376,1.09468831029e-08
105.5476,1.04743809944e-08
105.5576,1.12300495403e-08
105.5676,1.07287845786e-08
105.5776,1.09102312713e-08
105.5876,1.0273404983e-08
105.5976,1.08272903985e-08
105.6076,1.07171190034e-08
105.6176,1.11294455508e-08
105.6276,1.0691424399e-08
105.6376,1.02815473806e-08
105.6476,1.06410266785e-08
105.6576,1.08700256823e-08
105.6676,1.0943234821e-08
105.6776,1.06047608202e-08
105.6876,1.05769067903e-08
105.6976,1.07716359734e-08
105.7076,1.06297427448e-08
105.7176,1.00548239154e-08
105.7276,1.01625180462e-08
105.7376,1.07321496861e-08
105.7476,1.05312624971e-08
105.7576,1.06594134106e-08
105.7676,1.0633992608e-08
105.7776,1.09259301612e-08
105.7876,9.75582596633e-09
105.7976,1.05405543867e-08
105.8076,1.03281038906e-08
105.8176,1.08623016193e-08
105.8276,1.06501245765e-08
105.8376,1.12028274443e-08
105.8476,1.01876675298e-08
105.8576,1.06828526111e-08
105.8676,1.09041617681e-08
105.8776,1.02115949008e-08
105.8876,1.01371849035e-08
105.8976,1.05676717973e-08
105.9076,1.00183286051e-08
105.9176,1.05284278359e-08
105.9276,1.05130917339e-08
105.9376,1.0893659419e-08
105.9476,1.03732031721e-08
105.9576,9.2450723031e-09
105.9676,1.05435084194e-08
105.9776,1.06453079734e-08
105.9876,1.0143742639e-08
105.9976,1.03205317976e-08
106.0076,9.90760656354e-09
106.0176,1.01928796957e-08
106.0276,1.01231290665e-08
106.0376,1.06497162029e-08
106.0476,1.03758985806e-08
106.0576,1.06953676087e-08
106.0676,9.68969459133e-09
106.0776,1.04038357849e-08
106.0876,1.02252859918e-08
106.0976,1.04106021359e-08
106.1076,9.91118270984e-09
106.1176,1.01738153577e-08
106.1276,1.05532464841e-08
106.1376,1.08320429218e-08
106.1476,1.0052021482e-08
106.1576,1.06904388995e-08
106.1676,9.6532173187e-09
106.1776,1.03988945221e-08
