76.1876,-5.27942192052e-11
76.1976,3.84769266391e-10
76.2076,-4.60893973607e-10
76.2176,2.30476663503e-10
76.2276,-4.6171839467e-10
76.2376,-3.93156014687e-10
76.2476,-6.17765326631e-10
76.2576,-2.15382875454e-10
76.2676,1.02187322839e-11
76.2776,-6.44488705214e-11
76.2876,-3.15900865355e-12
76.2976,-2.11998373042e-10
76.3076,-1.42828416732e-10
76.3176,4.6248576826e-10
76.3276,-4.7370674169e-10
76.3376,-4.30369803787e-10
76.3476,2.30978217878e-10
76.3576,-1.32357934378e-11
76.3676,3.14047068352e-10
76.3776,-5.91277802265e-10
76.3876,-5.62735741387e-10
76.3976,2.56450240495e-10
76.4076,-2.66075058537e-12
76.4176,3.0458465718e-10
76.4276,2.43248537162e-10
76.4376,-4.55509536265e-11
76.4476,2.00311676169e-10
76.4576,-1.00625660595e-10
76.4676,2.11095940589e-10
76.4776,-1.42948513069e-10
76.4876,3.7453149727e-10
76.4976,-1.56382374643e-10
76.5076,1.07413256477e-10
76.5176,-2.58326925392e-10
76.5276,-1.00561057568e-09
76.5376,-2.22080660073e-10
76.5476,2.17514430447e-10
76.5576,9.14777533606e-12
76.5676,2.35342997808e-10
76.5776,-4.47329020715e-10
76.5876,-3.40552417121e-10
76.5976,-3.06681238466e-10
76.6076,1.56262967177e-10
76.6176,-3.45043656985e-10
76.6276,5.34369286393e-11
76.6376,2.83693850974e-10
76.6476,5.00920693925e-11
76.6576,-2.34929647073e-11
76.6676,-5.32979024342e-11
76.6776,-7.80151057252e-10
76.6876,-1.0416904694e-10
76.6976,-3.57706909187e-11
76.7076,1.23751951046e-10
76.7176,-1.8964447341e-10
76.7276,-6.00877209747e-11
76.7376,-8.40817810317e-11
76.7476,6.88642015056e-11
76.7576,2.25799212436e-10
76.7676,8.64442032081e-11
76.7776,-3.30327461638e-10
76.7876,-1.31927256063e-11
76.7976,8.78087447612e-11
76.8076,-9.49455851573e-11
76.8176,6.57811339983e-11
76.8276,-2.20085895089e-10
76.8376,1.2728071165e-11
76.8476,-2.46801967939e-11
76.8576,-1.64821016485e-10
76.8676,3.23400987739e-10
76.8776,-4.04543139219e-10
76.8876,-3.48526775282e-10
76.8976,9.78600734946e-11
76.9076,4.22155344816e-10
76.9176,-6.66745237428e-11
76.9276,9.05842737395e-11
76.9376,-6.16659712477e-10
76.9476,7.6555402965e-10
76.9576,4.94524032373e-10
76.9676,7.13895190204e-11
76.9776,-1.07213972713e-10
76.9876,2.09725818105e-10
76.9976,1.44580369303e-10
77.0076,-1.75812307231e-10
77.0176,1.43052784078e-10
77.0276,6.40355397495e-11
77.0376,-2.37948228533e-10
77.0476,-5.48350632514e-10
77.0576,-1.95285552162e-11
77.0676,6.15273344559e-10
77.0776,-2.25755566222e-10
77.0876,2.33490138557e-10
77.0976,-4.4944972954e-10
77.1076,9.82700897204e-11
77.1176,-9.25215230952e-11
77.1276,3.19484747977e-11
77.1376,-4.55373868997e-10
77.1476,4.98979664151e-10
77.1576,-4.70823646274e-10
77.1676,-2.72100119756e-10
77.1776,-1.95585726289e-10
77.1876,-2.2349441401e-10
77.1976,1.51793904831e-10
77.2076,-1.62313164587e-10
77.2176,-4.27918428682e-10
77.2276,-1.75162183349e-10
77.2376,3.99335130062e-10
77.2476,-1.88639463737e-10
77.2576,-2.15966195642e-10
77.2676,1.05756013376e-10
77.2776,5.32613724909e-10
77.2876,1.25913429469e-10
77.2976,-3.35594882122e-10
77.3076,-5.54635382088e-10
77.3176,2.51467866809e-10
77.3276,-4.84006084038e-10
77.3376,6.06854367574e-10
77.3476,3.83967944237e-10
77.3576,8.0675252759e-11
77.3676,2.20549604277e-10
77.3776,1.34030067782e-11
77.3876,-3.60989754429e-10
77.3976,-3.70713331871e-10
77.4076,2.13796994909e-10
77.4176,1.93460827148e-10
77.4276,-3.31176139438e-10
77.4376,-2.12616389294e-10
77.4476,5.01743671062e-11
77.4576,6.0725609666e-11
77.4676,-8.14044229879e-10
77.4776,-5.0985041751e-11
77.4876,-5.60101081914e-10
77.4976,-5.82934792367e-10
77.5076,1.18482602612e-10
77.5176,4.46274163109e-10
77.5276,-3.59662310296e-10
77.5376,9.15583871341e-10
77.5476,7.53705204596e-11
77.5576,2.20055460725e-10
77.5676,-6.96751975006e-10
77.5776,-7.64961898618e-11
77.5876,-7.92116840687e-10
77.5976,2.53574875278e-10
77.6076,5.45414866856e-10
77.6176,6.85189979727e-10
77.6276,-4.07828744323e-10
77.6376,1.30760771634e-10
77.6476,-4.52233272587e-10
77.6576,5.34807318862e-10
77.6676,-2.926743787e-10
77.6776,-1.61096665657e-10
77.6876,2.75841324852e-10
77.6976,-1.42214137593e-10
77.7076,-1.87176665466e-11
77.7176,-1.9892515648e-12
77.7276,-4.31140637922e-10
77.7376,-2.68503981391e-10
77.7476,-1.32877125903e-10
77.7576,3.29419585998e-10
77.7676,-1.24316077004e-10
77.7776,-3.20059561241e-10
77.7876,-1.04939701279e-10
77.7976,-1.56206455398e-10
77.8076,8.72229850774e-11
77.8176,-1.32827609031e-10
77.8276,2.67951562654e-10
77.8376,9.21447557066e-11
77.8476,7.84239809478e-11
77.8576,-6.23996295993e-10
77.8676,2.53668989956e-10
77.8776,4.55940877646e-10
77.8876,-2.76863982927e-10
77.8976,1.95309110405e-10
77.9076,-6.36904516474e-10
77.9176,-6.42415303434e-11
77.9276,2.8510685874e-11
77.9376,-1.05289757228e-10
77.9476,-1.57223267504e-10
77.9576,-5.90300257905e-11
77.9676,-4.04855796316e-10
77.9776,-1.02315698995e-10
77.9876,-6.52807449575e-10
77.9976,3.04714453923e-10
78.0076,-6.57015483375e-10
78.0176,2.23551893242e-11
78.0276,4.74346325154e-10
78.0376,-5.66615056823e-11
78.0476,-1.34834107641e-10
78.0576,-1.70502066331e-10
78.0676,9.75616581609e-11
78.0776,-3.01190263662e-10
78.0876,-4.40694986341e-10
78.0976,-2.10224122682e-10
78.1076,1.89057935827e-10
78.1176,-2.55009820497e-10
78.1276,-3.39062407815e-11
78.1376,3.69264567499e-10
78.1476,5.03798670055e-10
78.1576,-4.40965963955e-10
78.1676,1.80958527549e-10
78.1776,-5.81282003634e-10
78.1876,2.7256453159e-10
78.1976,-9.22788351327e-11
78.2076,-1.00000289814e-12
78.2176,-7.87034898053e-11
78.2276,-2.05682410771e-10
78.2376,1.51031547754e-10
78.2476,-5.97067585089e-10
78.2576,-5.13678118912e-11
78.2676,-2.83346309588e-10
78.2776,-5.0732272116e-10
78.2876,-3.98994836266e-10
78.2976,-1.81371368194e-10
78.3076,-5.68656521326e-10
78.3176,-1.36701141822e-10
78.3276,1.79123091544e-10
78.3376,-5.74973104249e-11
78.3476,-1.08387199329e-10
78.3576,4.03591456077e-11
78.3676,-1.49495766046e-11
78.3776,-9.22006553095e-11
78.3876,-4.48188731896e-10
78.3976,-1.40070934258e-10
78.4076,1.99822816161e-10
78.4176,1.6253534898e-10
78.4276,-3.61111950371e-10
78.4376,5.16805063731e-11
78.4476,-2.04715967016e-10
78.4576,-2.54772859044e-10
78.4676,-1.0859388356e-09
78.4776,-9.90039078889e-11
78.4876,-9.19471940676e-10
78.4976,4.60049400095e-11
78.5076,-5.54666782237e-10
78.5176,-2.03208543253e-10
78.5276,-8.53791913732e-10
78.5376,1.34697531897e-10
78.5476,3.94109698887e-10
78.5576,1.17511351049e-10
78.5676,-6.17697243191e-11
78.5776,1.82181293795e-10
78.5876,-7.37534205833e-11
78.5976,-2.88352634496e-11
78.6076,-1.22650258636e-10
78.6176,-1.49657167974e-10
78.6276,-2.41629130829e-10
78.6376,4.3714550274e-10
78.6476,-8.03989482489e-10
78.6576,3.41804912134e-10
78.6676,-1.33663555137e-10
78.6776,2.98704408173e-10
78.6876,-1.21855570709e-10
78.6976,2.74364562517e-10
78.7076,-3.33630971453e-10
78.7176,7.67729459446e-12
78.7276,3.72543811502e-10
78.7376,-1.00643404636e-10
78.7476,7.21341510138e-10
78.7576,-1.75494760515e-10
78.7676,9.58896020797e-11
78.7776,6.06133553743e-10
78.7876,1.1176805375e-09
78.7976,-3.56558514472e-10
78.8076,1.09575305704e-10
78.8176,-2.32322011955e-10
78.8276,-6.23790812388e-10
78.8376,-2.84369397105e-10
78.8476,7.5542546146e-11
78.8576,-6.59463618669e-10
78.8676,-8.78539080863e-11
78.8776,-2.30636107565e-10
78.8876,2.92326010471e-10
78.8976,-3.58140795255e-10
78.9076,-7.55861709265e-11
78.9176,2.00385410788e-10
78.9276,4.63156318621e-10
78.9376,4.16146651773e-10
78.9476,-7.55242382821e-10
78.9576,7.22504702994e-12
78.9676,1.05936403732e-11
78.9776,1.53815739241e-11
78.9876,-3.45998259632e-10
78.9976,-2.43968627439e-10
79.0076,-4.21368294835e-10
79.0176,-2.74501584359e-10
79.0276,-3.27455973503e-10
79.0376,1.26941569305e-10
79.0476,1.9258595125e-10
79.0576,1.50098746466e-10
79.0676,-5.42046562686e-10
79.0776,-5.3969158391e-10
79.0876,6.38820018529e-11
79.0976,1.59149029057e-11
79.1076,3.58233803195e-10
79.1176,-5.91813433666e-10
79.1276,-6.33222374363e-10
79.1376,-3.68649509763e-11
79.1476,-1.98722067435e-10
79.1576,-1.82405492016e-11
79.1676,-7.97112300942e-10
79.1776,3.99979219901e-10
79.1876,-3.97767386654e-10
79.1976,1.29751570195e-10
79.2076,-4.6204137416e-10
79.2176,1.01696057536e-10
79.2276,-4.21007246595e-10
79.2376,1.96610433559e-10
79.2476,1.20566261193e-09
79.2576,1.52422227765e-10
79.2676,-2.19235159445e-10
79.2776,-4.08194256375e-10
79.2876,-2.58609998962e-10
79.2976,-5.77196772458e-11
79.3076,3.05362960452e-10
79.3176,1.07917183454e-10
79.3276,-2.13149891427e-10
79.3376,-2.96758939942e-10
79.3476,1.51781528189e-10
79.3576,-3.33396238271e-10
79.3676,3.59017896025e-10
79.3776,-6.18066013237e-10
79.3876,2.32109145972e-10
79.3976,-4.14355765056e-10
79.4076,1.13031930857e-10
79.4176,6.18870746889e-11
79.4276,5.63622914497e-10
79.4376,-1.78676581894e-10
79.4476,-9.34260701254e-10
79.4576,3.56836431747e-11
79.4676,3.43762710629e-11
79.4776,1.38041077218e-10
79.4876,5.96496862381e-10
79.4976,2.70185154501e-10
79.5076,2.76548831637e-10
79.5176,1.81616983214e-10
79.5276,-1.32381925848e-10
79.5376,1.74180641172e-10
79.5476,-1.54210335401e-10
79.5576,5.95141040621e-10
79.5676,1.01782038302e-10
79.5776,-3.22707996019e-11
79.5876,-6.65944339635e-10
79.5976,-3.13733558939e-10
79.6076,1.43675536721e-10
79.6176,-7.56234988889e-11
79.6276,4.6201174718e-10
79.6376,5.24793656381e-11
79.6476,-2.5505811325e-10
79.6576,-2.44324114597e-10
79.6676,-1.67275581096e-09
79.6776,-1.3203391804e-10
79.6876,-2.9699120539e-10
79.6976,-5.49891337512e-10
79.7076,1.41840674584e-10
79.7176,-5.27139132909e-10
79.7276,-7.9278610205e-11
79.7376,-2.38946780195e-10
79.7476,3.85842169093e-10
79.7576,-9.60817452494e-11
79.7676,6.21366651342e-10
79.7776,4.07340819617e-10
79.7876,8.62788812137e-11
79.7976,-1.44841626604e-10
79.8076,-6.40622852365e-10
79.8176,4.37088707057e-10
79.8276,-3.48923777431e-11
79.8376,-1.54662812091e-10
79.8476,1.17391388241e-10
79.8576,-1.09154574311e-09
79.8676,-5.03981683518e-10
79.8776,3.31878442954e-12
79.8876,-2.85463392996e-10
79.8976,-1.04353157133e-10
79.9076,-1.71828849247e-10
79.9176,-9.67656887549e-10
79.9276,-3.14973553863e-10
79.9376,-2.81001690795e-10
79.9476,-5.79275484954e-10
79.9576,-1.18116027775e-10
79.9676,1.95818595105e-10
79.9776,2.63681014916e-10
79.9876,-4.95097074395e-10
79.9976,3.08265549792e-10
80.0076,-1.48312864322e-10
80.0176,3.74036386803e-11
80.0276,2.31847335122e-10
80.0376,2.866834995e-10
80.0476,2.97215502513e-11
80.0576,-4.47839030209e-10
80.0676,8.03275955811e-10
80.0776,5.59934098101e-10
80.0876,-3.99005875034e-13
80.0976,2.49900130743e-10
80.1076,3.3338080714e-11
80.1176,1.76538151761e-11
80.1276,6.14576646158e-10
80.1376,7.38270521725e-11
80.1476,1.13377734799e-09
80.1576,3.68267457289e-10
80.1676,3.786351638e-10
80.1776,-2.8896720796e-10
80.1876,-4.12257311884e-10
80.1976,-9.84351704276e-11
80.2076,9.73833676778e-11
80.2176,-5.73600630281e-10
80.2276,-1.45867422087e-10
80.2376,1.24822440162e-09
80.2476,-1.43750430686e-10
80.2576,-1.03968635367e-10
80.2676,-2.04917911131e-10
80.2776,-5.23789846562e-11
80.2876,3.51178041393e-10
80.2976,2.01451255179e-10
80.3076,-5.18823904387e-10
80.3176,3.5474734894e-10
80.3276,-6.44485758916e-10
80.3376,-3.68339393696e-10
80.3476,-2.11755812907e-12
80.3576,1.36489058936e-10
80.3676,-8.71008745144e-11
80.3776,-6.49560855851e-10
80.3876,-1.62125991482e-10
80.3976,-3.47856018597e-10
80.4076,3.83648598813e-10
80.4176,-7.29244693072e-10
80.4276,-3.42211705291e-10
80.4376,-6.50114280406e-11
80.4476,-9.2927079819e-11
80.4576,-8.76921280426e-10
80.4676,1.73069656391e-10
80.4776,-2.42063871742e-10
80.4876,-5.58698904885e-10
80.4976,4.66233944327e-10
80.5076,4.88319292077e-11
80.5176,-1.43732356176e-10
80.5276,1.48824058126e-10
80.5376,8.16370496339e-10
80.5476,-1.8224266704e-10
80.5576,-6.69987281219e-10
80.5676,6.1898932207e-11
80.5776,3.67571865248e-10
80.5876,3.73459549315e-10
80.5976,-8.32405906923e-10
80.6076,-4.77842051765e-10
80.6176,1.13407208586e-09
80.6276,7.53063581904e-10
80.6376,4.17248930549e-10
80.6476,6.25848582086e-11
80.6576,-3.68824715041e-10
80.6676,2.51362190173e-10
80.6776,-6.07118481344e-10
80.6876,-3.71544108075e-10
80.6976,3.29446951176e-10
80.7076,-3.81201159461e-10
80.7176,-5.00164992393e-10
80.7276,4.37219782798e-10
80.7376,3.71842746836e-10
80.7476,-4.51592166442e-10
80.7576,-1.97433013196e-10
80.7676,-4.04534267523e-10
80.7776,-9.56530898463e-10
80.7876,-4.15903433337e-10
80.7976,-2.14274545167e-10
80.8076,-5.60480133961e-11
80.8176,7.01444446448e-10
80.8276,-3.56431966803e-10
80.8376,6.84753431886e-11
80.8476,-3.43168884911e-10
80.8576,-1.11162016529e-09
80.8676,3.35795293121e-10
80.8776,-3.985308309e-11
80.8876,4.18549493344e-10
80.8976,-5.33085951868e-10
80.9076,3.90149232635e-10
80.9176,6.85838259308e-11
80.9276,3.00509084804e-10
80.9376,-1.23185439849e-09
80.9476,-4.65795263927e-10
80.9576,2.06794011114e-11
80.9676,3.94430940723e-10
80.9776,9.33111287112e-10
80.9876,-8.86103871948e-11
80.9976,-2.95494878842e-10
81.0076,3.01652097009e-10
81.0176,-9.53162061705e-11
81.0276,-1.14394258454e-09
81.0376,9.23207505436e-11
81.0476,8.96262355227e-11
81.0576,1.7222125616e-10
81.0676,3.73706173626e-10
81.0776,-1.25097787887e-10
81.0876,5.22316267288e-10
81.0976,-1.05517053016e-10
81.1076,6.54209131099e-10
81.1176,1.21718219484e-10
81.1276,2.26675578904e-10
81.1376,6.44393965908e-10
81.1476,-4.23273229207e-10
81.1576,-9.06135616277e-10
81.1676,3.75105257644e-10
81.1776,1.67791920639e-10
81.1876,-1.07075539598e-09
81.1976,5.22714757768e-11
81.2076,-5.21290264639e-11
81.2176,4.04290382673e-10
81.2276,3.38140078411e-10
81.2376,2.30895403778e-10
81.2476,-1.69744014373e-10
81.2576,-3.11610296543e-10
81.2676,-3.06930123095e-10
81.2776,2.68444804505e-10
81.2876,-5.65938095484e-10
81.2976,-3.94053446778e-10
81.3076,7.74001759715e-10
81.3176,1.63136730418e-10
81.3276,4.51936269627e-10
81.3376,-8.31484591055e-10
81.3476,-2.32787899701e-10
81.3576,7.29743039573e-10
81.3676,5.7841500644e-10
81.3776,-5.04591614311e-10
81.3876,-1.28311276109e-10
81.3976,-1.7304955157e-10
81.4076,-2.88733378722e-10
81.4176,-3.86982548624e-10
81.4276,2.54693791323e-10
81.4376,-1.08230810686e-09
81.4476,-4.37867226905e-10
81.4576,1.59636669798e-10
81.4676,2.53939968965e-10
81.4776,3.52368173032e-10
81.4876,-1.19501403502e-10
81.4976,-3.13545225508e-10
81.5076,2.45010741808e-10
81.5176,-2.38406123043e-10
81.5276,-1.97432087941e-10
81.5376,-6.28877369691e-10
81.5476,-3.07236745179e-10
81.5576,1.81819120499e-10
81.5676,4.62059976904e-10
81.5776,6.60541253846e-10
81.5876,3.63234801563e-10
81.5976,-5.17719781523e-10
81.6076,-2.3018790177e-10
81.6176,2.14588227539e-11
81.6276,4.97125719667e-10
81.6376,1.7910359502e-10
81.6476,-9.79711929609e-12
81.6576,-2.04089342139e-10
81.6676,4.64435390264e-11
81.6776,-1.18443106045e-10
81.6876,3.94784736241e-10
81.6976,2.2767098222e-10
81.7076,5.50512016558e-10
81.7176,2.0082365901e-11
81.7276,2.25126844365e-10
81.7376,2.00258874607e-10
81.7476,8.45018982805e-10
81.7576,4.16277765206e-10
81.7676,-7.41533387426e-10
81.7776,5.05599598318e-10
81.7876,-7.17284761818e-11
81.7976,1.62369660742e-10
81.8076,5.35590674795e-10
81.8176,-6.00783406173e-10
81.8276,-2.34613488132e-10
81.8376,-2.45048163826e-10
81.8476,-3.58886019784e-10
81.8576,7.42919432951e-11
81.8676,-6.62196362706e-10
81.8776,1.2442403746e-10
81.8876,-2.59595882924e-10
81.8976,-2.25233604414e-10
81.9076,-4.08876676281e-11
81.9176,-7.71299308256e-10
81.9276,-3.68185154665e-10
81.9376,7.27974634777e-10
81.9476,-3.25145890555e-10
81.9576,-6.34359995046e-10
81.9676,-7.06075590821e-10
81.9776,5.13604880011e-10
81.9876,-3.36862073578e-11
81.9976,-7.45391887126e-10
82.0076,1.08301588203e-10
82.0176,5.83479337437e-10
82.0276,3.3674828566e-10
82.0376,-1.13078908941e-09
82.0476,-9.07150441575e-10
82.0576,-6.60058046928e-10
82.0676,4.85427065682e-10
82.0776,3.14743198275e-10
82.0876,-6.74475080822e-10
82.0976,-1.6064087252e-10
82.1076,-2.35512139058e-10
82.1176,-7.45866936613e-10
82.1276,-5.16001296915e-10
82.1376,9.59947008149e-11
82.1476,-1.07576005525e-09
82.1576,-4.11254320144e-10
82.1676,-3.94199232247e-10
82.1776,-4.67686976441e-11
82.1876,-9.83616757725e-10
82.1976,-1.81838236106e-10
82.2076,6.18080189693e-10
82.2176,4.13666675271e-10
82.2276,1.4381480695e-10
82.2376,-3.89165321294e-10
82.2476,-5.2478748084e-10
82.2576,-8.28727483896e-10
82.2676,5.32553776176e-10
82.2776,-2.42498498205e-10
82.2876,-4.85371339356e-10
82.2976,-2.64349094452e-10
82.3076,3.54796913267e-10
82.3176,1.08584077746e-10
82.3276,-1.44430411616e-10
82.3376,7.98483168363e-10
82.3476,-3.14501854481e-10
82.3576,1.76037054432e-10
82.3676,-2.36121439819e-10
82.3776,-5.62227931086e-10
82.3876,3.56551513129e-10
82.3976,-4.59190226246e-11
82.4076,-7.90784654535e-11
82.4176,-2.09107512527e-10
82.4276,-4.97468301056e-11
82.4376,-9.96552402342e-10
82.4476,-3.40235553797e-10
82.4576,-6.06013466614e-10
82.4676,-3.13398848124e-10
82.4776,-1.46690838629e-10
82.4876,-9.22636514161e-11
82.4976,4.12648023201e-13
82.5076,1.31297757214e-10
82.5176,-4.08307898011e-10
82.5276,-9.4585683624e-10
82.5376,-1.66644375593e-10
82.5476,-3.72434906152e-10
82.5576,6.62231738119e-10
82.5676,6.73369326447e-10
82.5776,-3.83400794939e-11
82.5876,2.82918410723e-11
82.5976,1.39006733841e-10
82.6076,-7.21024230125e-10
82.6176,4.17680846579e-10
82.6276,-2.83906617739e-10
82.6376,-1.49596011603e-10
82.6476,3.88657152335e-10
82.6576,1.72890500741e-10
82.6676,-5.16464178845e-10
82.6776,7.9896193106e-10
82.6876,2.62659647127e-10
82.6976,2.08514473196e-10
82.7076,-6.85451103222e-10
82.7176,4.93849409922e-10
82.7276,-3.40344618998e-10
82.7376,3.50259432738e-10
82.7476,-3.67329626091e-10
82.7576,-6.38094131977e-10
82.7676,5.38017884209e-11
82.7776,-9.22303562845e-11
82.7876,4.72831801951e-10
82.7976,3.6743846645e-10
82.8076,-1.89615259581e-10
82.8176,5.29701237381e-10
82.8276,1.31193464769e-10
82.8376,1.32392684439e-11
82.8476,1.28026813781e-09
82.8576,-2.79626106882e-10
82.8676,-1.40152489914e-09
82.8776,-5.31288823924e-14
82.8876,-2.80004898272e-10
82.8976,4.19061431615e-10
82.9076,-5.51057506334e-11
82.9176,1.67372404145e-10
82.9276,-5.97454953379e-10
82.9376,-6.92127201806e-10
82.9476,-2.56391107526e-10
82.9576,9.03447188613e-10
82.9676,3.414043111e-10
82.9776,-8.06664070238e-11
82.9876,2.51991631955e-10
82.9976,-4.78657650605e-10
83.0076,1.18359458361e-10
83.0176,9.95109758923e-10
83.0276,-3.55810432686e-11
83.0376,-1.52227488255e-09
83.0476,-1.28607844274e-10
83.0576,-5.13399494202e-10
83.0676,8.63176215113e-10
83.0776,1.91659127662e-10
83.0876,-7.26503853924e-10
83.0976,-4.68257252716e-11
83.1076,-4.30054158721e-10
83.1176,-7.21788978546e-11
83.1276,-1.5786206614e-10
83.1376,-4.40895676097e-10
83.1476,5.1149625568e-10
83.1576,3.83394539714e-10
83.1676,-9.8650970618e-10
83.1776,-3.86063145582e-10
83.1876,1.90232991865e-10
83.1976,-8.3780901799e-10
83.2076,2.55351990675e-10
83.2176,-9.02335673492e-11
83.2276,1.53850248291e-10
83.2376,-6.37963488812e-10
83.2476,-3.65480005155e-10
83.2576,-1.36991241123e-09
83.2676,-1.76401600412e-10
83.2776,4.66165972837e-10
83.2876,6.88163643486e-10
83.2976,4.33580939467e-10
83.3076,-5.16609696671e-10
83.3176,2.98496012618e-10
83.3276,-5.57188055046e-10
83.3376,5.60285860052e-10
83.3476,4.31779974687e-10
83.3576,-7.14515365708e-10
83.3676,8.90194504713e-11
83.3776,-4.65309222686e-10
83.3876,3.72226179046e-10
83.3976,-1.205348192e-10
83.4076,3.90629257593e-10
83.4176,-1.86337206706e-10
83.4276,1.13392005769e-11
83.4376,7.9630035343e-10
83.4476,4.76832993949e-10
83.4576,-1.22477898533e-09
83.4676,3.62567065498e-10
83.4776,2.97678131957e-10
83.4876,-2.74578364915e-10
83.4976,-7.72714189362e-11
83.5076,-7.64378096942e-10
83.5176,-2.01768919992e-10
83.5276,6.60011147109e-10
83.5376,3.78510429863e-11
83.5476,-5.62929084279e-10
83.5576,-3.68024195081e-11
83.5676,-2.90224745577e-10
83.5776,1.18230209568e-10
83.5876,-6.01223528572e-10
83.5976,1.02233041836e-09
83.6076,-1.83049599824e-11
83.6176,9.45775527737e-10
83.6276,6.33993758106e-10
83.6376,-1.50199633505e-10
83.6476,4.61608080108e-10
83.6576,-3.02709119815e-10
83.6676,-8.31744442995e-10
83.6776,2.90520756837e-10
83.6876,-1.59956344467e-10
83.6976,1.31057173646e-10
83.7076,-5.04614348328e-10
83.7176,-7.57162944125e-10
83.7276,-3.82372349818e-10
83.7376,-7.38218618415e-10
83.7476,1.95553433974e-10
83.7576,-6.5114694274e-10
83.7676,-1.121714579e-09
83.7776,-3.19976787186e-10
83.7876,2.11384520066e-10
83.7976,-3.82432800447e-10
83.8076,8.77149595651e-11
83.8176,5.17527586355e-10
83.8276,5.48361444926e-11
83.8376,1.12644596176e-10
83.8476,-2.87400062551e-10
83.8576,2.5638438461e-10
83.8676,2.92850694246e-10
83.8776,-9.41660087463e-10
83.8876,-7.2925321915e-10
83.8976,-9.35536093224e-11
83.9076,-2.45443666857e-10
83.9176,8.77942416585e-10
83.9276,-1.31723014288e-09
83.9376,4.09136920641e-10
83.9476,-2.1178647504e-10
83.9576,6.26794824846e-10
83.9676,4.9964409267e-11
83.9776,6.51608903896e-10
83.9876,-2.50794010014e-10
83.9976,1.35103934816e-10
84.0076,-7.7220900341e-10
84.0176,-1.23921631648e-11
84.0276,-2.26510900382e-10
84.0376,5.90966996612e-10
84.0476,-1.9278937394e-10
84.0576,-3.34497923719e-11
84.0676,1.30999246351e-09
84.0776,-1.42568194016e-10
84.0876,-3.13956683963e-10
84.0976,-1.32192922131e-09
84.1076,-3.25882358212e-10
84.1176,2.95086630521e-11
84.1276,-2.96502781837e-10
84.1376,6.58145922897e-10
84.1476,-6.64736943564e-10
84.1576,-7.3492969773e-10
84.1676,-8.50661676186e-10
84.1776,-2.74735004855e-10
84.1876,-1.04392793856e-10
84.1976,-3.78647171243e-10
84.2076,3.36226567695e-10
84.2176,-3.17364779602e-10
84.2276,9.68927864395e-11
84.2376,-5.73450514259e-10
84.2476,-1.12785664232e-09
84.2576,1.20099461419e-09
84.2676,7.6605680436e-11
84.2776,2.41842511976e-10
84.2876,1.08260339919e-09
84.2976,1.34408419034e-10
84.3076,7.03484697454e-10
84.3176,-3.28312951735e-10
84.3276,-1.85724793397e-09
84.3376,-2.05397159212e-10
84.3476,1.01506093801e-10
84.3576,-9.38769192084e-12
84.3676,3.60587537718e-10
84.3776,3.71848117191e-10
84.3876,7.91866956586e-10
84.3976,-1.50081825523e-09
84.4076,4.10063496202e-11
84.4176,2.13716969732e-11
84.4276,7.65950470321e-10
84.4376,-7.42109416743e-10
84.4476,-1.72929233069e-11
84.4576,8.14105860673e-10
84.4676,-8.91149474635e-11
84.4776,6.03513836306e-10
84.4876,1.05535978518e-12
84.4976,1.99866100712e-10
84.5076,-9.23287365046e-10
84.5176,4.96787550211e-10
84.5276,2.24355387726e-10
84.5376,-7.85053854098e-11
84.5476,1.23981470483e-09
84.5576,5.61783594686e-10
84.5676,-1.74210602273e-09
84.5776,-6.3197624255e-10
84.5876,-5.41245355041e-10
84.5976,-1.94885496354e-10
84.6076,5.51523064966e-10
84.6176,-9.66862572051e-11
84.6276,-7.78113409662e-10
84.6376,2.89335115804e-10
84.6476,5.98644685452e-10
84.6576,-9.00760086022e-10
84.6676,-1.1339529395e-09
84.6776,-1.73430644028e-10
84.6876,-3.39779462768e-10
84.6976,-1.05312597951e-09
84.7076,-6.10803994256e-10
84.7176,-4.82726132613e-10
84.7276,-8.76682686596e-10
84.7376,-6.52998497992e-10
84.7476,-3.10071144216e-10
84.7576,-1.32374019496e-10
84.7676,-2.65024731473e-10
84.7776,-1.43762875778e-10
84.7876,-1.11263975405e-09
84.7976,-9.64504321234e-10
84.8076,-8.09777718299e-11
84.8176,-1.35668138573e-09
84.8276,1.11230570956e-09
84.8376,-7.07775312561e-11
84.8476,3.6538339282e-10
84.8576,-4.22985108936e-10
84.8676,5.07209926263e-10
84.8776,7.72913399894e-10
84.8876,1.1115985719e-09
84.8976,1.2200849253e-09
84.9076,-2.62991801552e-10
84.9176,-9.95568460767e-10
84.9276,-7.7373529615e-10
84.9376,-1.09668242553e-09
84.9476,-6.17357871151e-10
84.9576,-7.94376794704e-10
84.9676,-3.54922156327e-10
84.9776,6.6709690913e-11
84.9876,1.29470247304e-10
84.9976,-4.81980604777e-10
85.0076,5.82936468864e-10
85.0176,6.7980115007e-10
85.0276,-1.83751442476e-10
85.0376,1.41195018701e-09
85.0476,8.33013695471e-10
85.0576,-2.6483805049e-10
85.0676,7.9153203582e-10
85.0776,-3.40623129541e-10
85.0876,1.02589263947e-09
85.0976,-7.29503976287e-10
85.1076,-1.16970474001e-09
85.1176,1.09739748045e-09
85.1276,4.20606266419e-10
85.1376,-5.98020901206e-10
85.1476,1.82764943211e-10
85.1576,-3.3359532475e-10
85.1676,-1.34604285873e-10
85.1776,4.40497493552e-10
85.1876,-5.13529731026e-10
85.1976,-4.43506296632e-10
85.2076,7.42301133947e-11
85.2176,3.38865372011e-10
85.2276,-5.49425983653e-10
85.2376,-2.30440149112e-10
85.2476,-6.62897396843e-10
85.2576,1.0024351741e-09
85.2676,3.60263044948e-11
85.2776,7.72253914032e-10
85.2876,-3.55151889675e-10
85.2976,8.22573275943e-10
85.3076,-1.65006232119e-09
85.3176,-5.72616356718e-11
85.3276,2.04667894875e-10
85.3376,-1.3082248488e-10
85.3476,2.69807979872e-11
85.3576,-4.42060170927e-10
85.3676,1.17761798781e-10
85.3776,-1.01277847831e-09
85.3876,-2.04552350676e-10
85.3976,-3.68545642993e-10
85.4076,2.92188819936e-10
85.4176,-5.78760557246e-10
85.4276,1.69268499627e-10
85.4376,-3.04536231882e-10
85.4476,3.98634188564e-10
85.4576,-5.47920349032e-10
85.4676,-1.67610215343e-10
85.4776,-1.83339750896e-10
85.4876,8.95668930172e-11
85.4976,-9.22652275168e-10
85.5076,-1.50390667543e-10
85.5176,1.58513655641e-10
85.5276,1.95232299742e-10
85.5376,1.88685869939e-11
85.5476,-9.00449673112e-10
85.5576,3.46675659223e-10
85.5676,-2.17519593001e-10
85.5776,1.89834207822e-10
85.5876,8.76286061079e-10
85.5976,1.16567260153e-09
85.6076,-8.63621659506e-11
85.6176,-1.84402020513e-11
85.6276,-1.1917603928e-09
85.6376,-1.14207137407e-09
85.6476,-7.84113964675e-10
85.6576,-2.84003706925e-10
85.6676,8.47211192714e-10
85.6776,-1.50352340052e-09
85.6876,-4.8394466104e-10
85.6976,3.11622389619e-10
85.7076,-8.05359145865e-10
85.7176,-3.006137569e-10
85.7276,9.68416786882e-10
85.7376,-3.47206000184e-10
85.7476,2.2308624866e-10
85.7576,3.89384248393e-10
85.7676,-9.02272625738e-10
85.7776,-1.00684463977e-09
85.7876,-1.65755590952e-10
85.7976,-1.05318918755e-09
85.8076,6.6928842925e-10
85.8176,1.27504592825e-09
85.8276,-1.03542839402e-09
85.8376,-1.46983362533e-09
85.8476,-9.2322656104e-10
85.8576,6.94543690489e-10
85.8676,-1.43102196551e-09
85.8776,5.30887567194e-10
85.8876,-3.69205470889e-10
85.8976,-3.93028094886e-10
85.9076,-4.80192220614e-11
85.9176,2.36080189816e-10
85.9276,5.33063716022e-10
85.9376,3.87545728046e-10
85.9476,-2.63757905281e-10
85.9576,-1.31263248018e-09
85.9676,1.05941006463e-10
85.9776,-2.08934198211e-10
85.9876,-1.29845835416e-09
85.9976,5.39548631727e-10
86.0076,2.76677808577e-10
86.0176,-3.69329682954e-10
86.0276,3.05789931139e-10
86.0376,-1.48576928856e-09
86.0476,-1.07841208109e-09
86.0576,9.03553701439e-10
86.0676,-1.01229362864e-09
86.0776,-4.67438052223e-10
86.0876,-1.33188408127e-09
86.0976,-2.98533986028e-10
86.1076,-7.51474357858e-10
86.1176,8.88113039444e-10
86.1276,2.82233768576e-10
86.1376,4.15637401931e-10
86.1476,9.59629847897e-12
86.1576,-4.50850302401e-10
86.1676,6.58653796325e-11
86.1776,-1.21616585772e-11
86.1876,-5.46862882983e-10
86.1976,-6.25042076244e-10
86.2076,2.01967597577e-10
86.2176,-1.76828688433e-10
86.2276,-9.52474487758e-10
86.2376,-6.01967852718e-10
86.2476,-1.49258164602e-09
86.2576,-9.86521800595e-10
86.2676,3.36465220635e-10
86.2776,-2.37540163654e-10
86.2876,1.33613857214e-09
86.2976,4.43843666358e-10
86.3076,9.42422490921e-10
86.3176,-7.71859604625e-10
86.3276,-8.09549463673e-11
86.3376,-2.15997425421e-09
86.3476,-7.20065821694e-10
86.3576,-3.68221794299e-11
86.3676,-1.01801033684e-09
86.3776,-9.8701563604e-10
86.3876,1.35590662017e-11
86.3976,1.02773219894e-09
86.4076,-1.85447104858e-10
86.4176,-1.22207121717e-09
86.4276,-4.93309818554e-10
86.4376,-5.47157677113e-10
86.4476,2.45148900472e-10
86.4576,-6.61825566294e-10
86.4676,-1.31914028492e-09
86.4776,-1.68709117126e-09
86.4876,-3.89161987851e-10
86.4976,-1.69950835982e-10
86.5076,-2.02565794908e-09
86.5176,9.82890287311e-10
86.5276,-4.0831007584e-10
86.5376,-8.48751929794e-10
86.5476,-6.07501796175e-10
86.5576,3.26037769065e-10
86.5676,-1.9768928988e-09
86.5776,-2.88512127255e-10
86.5876,-7.59600409684e-10
86.5976,-4.52295020679e-10
86.6076,-5.80270646936e-10
86.6176,4.06695342481e-10
86.6276,-1.7259538888e-09
86.6376,1.15174124669e-09
86.6476,1.58107562763e-09
86.6576,3.55345689352e-10
86.6676,-3.04830381e-10
86.6776,-8.4894476983e-10
86.6876,-1.16423326524e-09
86.6976,3.78447817851e-11
86.7076,-3.69658883931e-10
86.7176,-1.522964001e-09
86.7276,-1.99937434069e-09
86.7376,1.24414821138e-09
86.7476,-7.72805610497e-10
86.7576,-4.94537402578e-10
86.7676,-1.25871641612e-09
86.7776,-9.88851764877e-10
86.7876,3.85563052052e-11
86.7976,-4.08605892672e-10
86.8076,-8.26276444125e-11
86.8176,-1.56450057897e-09
86.8276,2.70526672599e-10
86.8376,-3.93789221989e-10
86.8476,-1.91691654131e-10
86.8576,3.78732792048e-10
86.8676,-1.11115713716e-09
86.8776,-9.32969435816e-10
86.8876,1.54373322192e-09
86.8976,-8.29646962054e-10
86.9076,1.03945287231e-09
86.9176,3.48787238224e-10
86.9276,-1.87673022949e-10
86.9376,6.5779679772e-10
86.9476,-5.35811492158e-10
86.9576,-6.32049001592e-10
86.9676,4.18691925458e-10
86.9776,1.34420443852e-09
86.9876,4.85759052547e-10
86.9976,-1.31412149264e-09
87.0076,-1.33020465439e-09
87.0176,-1.04341048422e-09
87.0276,-9.3120931295e-10
87.0376,-8.08530055453e-10
87.0476,1.97329216805e-12
87.0576,-4.35481966671e-10
87.0676,-3.93170637312e-10
87.0776,1.7137177775e-09
87.0876,1.21682778733e-09
87.0976,-1.16738964747e-09
87.1076,4.64379122164e-10
87.1176,2.24796224331e-10
87.1276,-6.79403512881e-10
87.1376,5.28236728509e-10
87.1476,-1.14218136811e-09
87.1576,-1.23740234853e-09
87.1676,1.368894455e-09
87.1776,1.3325787613e-09
87.1876,1.93528437396e-10
87.1976,1.73623356293e-10
87.2076,-8.20640240821e-10
87.2176,-2.14108125466e-09
87.2276,-4.12433576333e-10
87.2376,-1.40317807787e-09
87.2476,-3.99928985177e-10
87.2576,-5.27721406463e-10
87.2676,-2.60890653988e-09
87.2776,-5.71087622101e-11
87.2876,1.07618324525e-09
87.2976,-7.46636773875e-10
87.3076,-4.22676575738e-10
87.3176,-9.92926544562e-10
87.3276,1.56984212156e-09
87.3376,1.18006487849e-09
87.3476,-5.80242095219e-10
87.3576,-1.04365926801e-09
87.3676,6.06901510101e-10
87.3776,-9.25060146047e-10
87.3876,-7.63434545918e-10
87.3976,-1.09555068432e-09
87.4076,-2.91992789179e-10
87.4176,4.23342633513e-10
87.4276,1.21024686859e-11
87.4376,-2.27650192667e-10
87.4476,7.27047967931e-10
87.4576,2.06132069819e-10
87.4676,-1.56849839401e-09
87.4776,2.5772015695e-09
87.4876,-4.79215272734e-10
87.4976,8.08761222683e-10
87.5076,3.66779376235e-11
87.5176,6.64822347948e-10
87.5276,-1.22625863232e-09
87.5376,1.78004417734e-09
87.5476,1.30498838327e-10
87.5576,-4.46499691092e-11
87.5676,1.54121085615e-10
87.5776,-9.44950732293e-10
87.5876,-9.64806764778e-10
87.5976,-1.15039037553e-09
87.6076,-8.87380650457e-10
87.6176,-3.3608138192e-12
87.6276,-2.71828850523e-10
87.6376,-1.31641074557e-09
87.6476,-2.15462939733e-09
87.6576,3.03493670017e-10
87.6676,2.59440381215e-10
87.6776,7.92230558717e-10
87.6876,1.20961678797e-10
87.6976,-5.94331743236e-10
87.7076,4.2473344134e-11
87.7176,-4.86488686985e-10
87.7276,-8.24384879746e-10
87.7376,-1.75866885427e-09
87.7476,6.85925131721e-10
87.7576,1.93530532221e-10
87.7676,-5.96317514202e-10
87.7776,-1.63144362369e-09
87.7876,-1.63602020964e-09
87.7976,-7.1553559279e-10
87.8076,-6.41637358507e-10
87.8176,4.46675843833e-10
87.8276,-2.98979380341e-10
87.8376,9.44739529537e-10
87.8476,-5.20787152506e-10
87.8576,-8.26235310952e-11
87.8676,1.89185385596e-10
87.8776,-1.46961983618e-10
87.8876,-2.56383051753e-09
87.8976,-1.35384448154e-09
87.9076,-1.33990158295e-10
87.9176,-3.43078733381e-10
87.9276,-1.26854583559e-09
87.9376,7.20448150563e-10
87.9476,-2.86330285677e-10
87.9576,-1.64376061903e-09
87.9676,3.9595076262e-10
87.9776,1.30272252764e-09
87.9876,7.90572351464e-10
87.9976,-4.94451665506e-10
88.0076,2.41034724491e-11
88.0176,9.1952748002e-10
88.0276,8.86077739927e-10
88.0376,3.69986512811e-10
88.0476,-3.78032103003e-10
88.0576,-1.34494179871e-09
88.0676,-4.73707013904e-10
88.0776,6.73851781056e-10
88.0876,-1.01241067921e-09
88.0976,-2.76476169737e-09
88.1076,-1.20055993491e-11
88.1176,-9.20652355039e-10
88.1276,-2.6020632971e-10
88.1376,-2.28457430435e-09
88.1476,-1.07552544485e-09
88.1576,4.43664457446e-10
88.1676,-4.81882253476e-10
88.1776,-4.57540886585e-10
88.1876,-5.20765408716e-10
88.1976,-1.48639809828e-09
88.2076,-2.9078978317e-10
88.2176,6.90265572394e-10
88.2276,4.74960884667e-10
88.2376,-3.74496775045e-10
88.2476,1.27695134631e-10
88.2576,1.15343652747e-09
88.2676,-1.3181853298e-09
88.2776,-1.85929921469e-09
88.2876,-2.57407185143e-09
88.2976,-8.27340001845e-10
88.3076,2.23231313342e-09
88.3176,-1.65607105786e-09
88.3276,-6.16397689452e-10
88.3376,4.46600698044e-10
88.3476,-2.51953836311e-10
88.3576,-1.36383684832e-09
88.3676,3.32990807511e-11
88.3776,-1.3595806102e-09
88.3876,5.27674560656e-10
88.3976,-1.12185880635e-10
88.4076,2.21479825923e-09
88.4176,5.59727026631e-10
88.4276,2.09905903084e-09
88.4376,5.05916688607e-10
88.4476,1.02972665071e-09
88.4576,-8.52629847548e-10
88.4676,-1.0288753356e-09
88.4776,-7.95384416255e-10
88.4876,2.24881042416e-09
88.4976,6.67971558548e-10
88.5076,-5.93647198989e-10
88.5176,6.20536818323e-10
88.5276,-8.13839688748e-10
88.5376,7.55331518071e-10
88.5476,-1.40894977393e-09
88.5576,-2.0087928989e-09
88.5676,7.17453845523e-10
88.5776,1.00432278465e-09
88.5876,-1.91494222662e-09
88.5976,-6.3634881292e-10
88.6076,-1.8497749391e-09
88.6176,-1.29855916483e-09
88.6276,1.3839149749e-09
88.6376,-7.98914371305e-11
88.6476,1.08820816956e-10
88.6576,2.78434786881e-09
88.6676,4.78856391891e-10
88.6776,7.37747144477e-10
88.6876,1.31528802579e-10
88.6976,-5.97397055911e-10
88.7076,1.44372727319e-09
88.7176,-9.89942182872e-10
88.7276,-1.63378936438e-10
88.7376,-1.35373720176e-09
88.7476,-1.73779921022e-09
88.7576,-2.86069767066e-09
88.7676,-8.03756670666e-11
88.7776,-3.50346490841e-09
88.7876,2.30938143044e-10
88.7976,1.7004677353e-09
88.8076,-8.22784895501e-10
88.8176,-6.24599636349e-10
88.8276,-1.86231959124e-09
88.8376,-2.14568314329e-09
88.8476,8.93224439586e-10
88.8576,-1.31267544557e-09
88.8676,-1.55777377547e-09
88.8776,-5.79124345375e-10
88.8876,6.09333307875e-10
88.8976,6.6661741447e-10
88.9076,7.04401204909e-10
88.9176,-3.45374831057e-11
88.9276,-9.07704972736e-10
88.9376,-2.65760450484e-09
88.9476,-1.31529953968e-10
88.9576,6.61810637293e-10
88.9676,2.69417877161e-10
88.9776,2.1045288269e-09
88.9876,-5.37177129485e-10
88.9976,-2.62152475388e-10
89.0076,-7.20785224866e-11
89.0176,-2.40678539771e-09
89.0276,-1.27253088869e-09
89.0376,-1.93299583458e-09
89.0476,-2.51286462872e-09
89.0576,2.36918625638e-10
89.0676,-1.24911479623e-09
89.0776,-7.14894792651e-10
89.0876,-9.02510838919e-10
89.0976,-2.72478777811e-10
89.1076,-8.64232274216e-10
89.1176,-1.30438211674e-09
89.1276,3.06068794001e-10
89.1376,-2.31920160137e-09
89.1476,-9.84497199341e-10
89.1576,1.53026619134e-09
89.1676,-2.56740721721e-09
89.1776,1.63484869819e-10
89.1876,-3.99969528834e-09
89.1976,7.63015248981e-10
89.2076,6.00801371788e-10
89.2176,-1.37470994859e-09
89.2276,-3.23936178702e-10
89.2376,5.6323577242e-10
89.2476,1.73056176759e-09
89.2576,-2.88399407278e-09
89.2676,-3.9901538802e-10
89.2776,-6.45511563733e-10
89.2876,9.30420948255e-10
89.2976,-1.13209091105e-09
89.3076,1.40088661142e-10
89.3176,2.24077001752e-09
89.3276,-7.5145367087e-10
89.3376,-9.75363171382e-10
89.3476,-1.21439223093e-10
89.3576,-3.63152247282e-10
89.3676,1.83336199229e-10
89.3776,6.22684626544e-11
89.3876,2.65418501175e-09
89.3976,-5.49978400997e-09
89.4076,-2.72191496761e-09
89.4176,-2.86905960554e-09
89.4276,-9.90360368448e-11
89.4376,-5.64234439319e-10
89.4476,5.52263722325e-10
89.4576,-2.09620756437e-09
89.4676,1.9191586382e-10
89.4776,2.76097667483e-11
89.4876,1.65042742698e-09
89.4976,8.54141524702e-10
89.5076,1.53511331728e-09
89.5176,-2.15396945804e-09
89.5276,4.99637856574e-10
89.5376,-4.44998186735e-10
89.5476,-5.43365289758e-10
89.5576,8.43542147371e-10
89.5676,-7.36201495086e-10
89.5776,2.18496319364e-09
89.5876,-3.58892204913e-09
89.5976,-1.54036501944e-09
89.6076,-1.42257411883e-09
89.6176,-5.43908479443e-10
89.6276,-1.63743708418e-09
89.6376,-1.10241582243e-09
89.6476,-2.30172155886e-10
89.6576,2.73777172104e-09
89.6676,9.46372335726e-10
89.6776,1.02425907719e-09
89.6876,1.79960657895e-09
89.6976,-1.40368945767e-09
89.7076,1.08153993931e-09
89.7176,-1.58541322668e-09
89.7276,-5.34930036676e-10
89.7376,9.45025072712e-11
89.7476,-5.94453191861e-10
89.7576,-7.98009995579e-10
89.7676,-2.7079803215e-09
89.7776,-1.86670714359e-09
89.7876,-1.47467271955e-10
89.7976,3.26897951137e-09
89.8076,-1.21533344559e-10
89.8176,-1.62273446729e-09
89.8276,3.58925731382e-10
89.8376,-2.86990805076e-09
89.8476,3.05973643964e-10
89.8576,-1.42787352977e-09
89.8676,-1.27489517389e-09
89.8776,-1.19832770264e-10
89.8876,-7.84073087727e-10
89.8976,1.20553937502e-09
89.9076,-2.18786132434e-09
89.9176,6.46011790064e-10
89.9276,-5.39395435514e-10
89.9376,-8.59622322962e-10
89.9476,-2.66153194872e-09
89.9576,-3.01448924851e-09
89.9676,-3.58842283642e-09
89.9776,-8.97840644098e-10
89.9876,-1.41716731989e-09
89.9976,-9.85501686139e-10
90.0076,2.55958268866e-10
90.0176,-1.79353808206e-10
90.0276,-1.57446629675e-09
90.0376,3.61051327648e-10
90.0476,1.42615168313e-09
90.0576,8.89148509168e-10
90.0676,-3.09480170982e-09
90.0776,-7.50451011631e-10
90.0876,1.92187675059e-09
90.0976,1.69411032489e-09
90.1076,-3.96677915329e-09
90.1176,-1.97838288349e-10
90.1276,4.55687216677e-11
90.1376,2.32046538366e-09
90.1476,2.33229919234e-09
90.1576,2.26497089328e-09
90.1676,-5.22577161718e-09
90.1776,-9.56708273974e-10
90.1876,2.80965745491e-10
90.1976,1.58486940857e-09
90.2076,1.13906990814e-09
90.2176,-1.54117948635e-09
90.2276,-8.24214293835e-10
90.2376,-3.6940092921e-09
90.2476,-1.96351329138e-09
90.2576,7.41988393738e-10
90.2676,-1.13313908806e-09
90.2776,2.0185579901e-09
90.2876,1.11963806853e-09
90.2976,-8.51664809778e-10
90.3076,-1.13696662068e-09
90.3176,-8.09910480587e-10
90.3276,1.44493915948e-10
90.3376,-1.81663676901e-09
90.3476,-1.67133690429e-09
90.3576,-1.96422646236e-09
90.3676,-1.50207351011e-09
90.3776,-1.81790712438e-09
90.3876,-5.24124097569e-10
90.3976,-1.456155176e-09
90.4076,-1.43982470211e-09
90.4176,-2.05750558555e-09
90.4276,-2.18490940579e-09
90.4376,2.08369270942e-09
90.4476,8.8102261998e-10
90.4576,-1.75047248118e-09
90.4676,-1.40047741915e-09
90.4776,6.6599348223e-10
90.4876,-2.57608666334e-11
90.4976,-7.41755318676e-10
90.5076,1.08228613168e-09
90.5176,4.40450143209e-10
90.5276,-1.25493408006e-09
90.5376,9.42572916349e-10
90.5476,1.53052206276e-09
90.5576,4.87948233963e-11
90.5676,-5.79722561105e-10
90.5776,-1.33587527021e-09
90.5876,-8.32191159604e-10
90.5976,-1.14852609884e-09
90.6076,-2.97004310608e-10
90.6176,-1.80293726011e-09
90.6276,-2.15162700461e-09
90.6376,-2.27586910492e-10
90.6476,-1.03877710891e-09
90.6576,-4.61569421851e-10
90.6676,-1.66531706437e-10
90.6776,8.92036866148e-10
90.6876,6.99414307223e-11
90.6976,-1.66069400859e-09
90.7076,-1.49874527089e-09
90.7176,-5.46507295227e-10
90.7276,2.00427716521e-10
90.7376,8.81374937817e-10
90.7476,6.98984784621e-10
90.7576,-9.93562926523e-10
90.7676,-1.66783391555e-09
90.7776,6.65233502784e-10
90.7876,-3.99840945721e-10
90.7976,6.5527060435e-10
90.8076,-1.18616291734e-10
90.8176,-3.70265864534e-10
90.8276,2.32503605931e-10
90.8376,3.74801445674e-10
90.8476,6.44125858122e-10
90.8576,-1.85127944065e-09
90.8676,-2.70771805957e-10
90.8776,-1.6845552049e-09
90.8876,3.21542324039e-10
90.8976,-1.21445219341e-10
90.9076,-6.80076846242e-10
90.9176,-4.33474645402e-10
90.9276,4.91871862793e-10
90.9376,-9.7135987492e-10
90.9476,-3.63134707138e-10
90.9576,9.70735619319e-10
90.9676,-1.53792295519e-09
90.9776,-4.37431230617e-10
90.9876,1.08932421954e-13
90.9976,5.317051904e-12
91.0076,-8.06485402574e-10
91.0176,-3.33915449091e-10
91.0276,3.46341724885e-10
91.0376,-1.89641882895e-12
91.0476,-1.49624170722e-10
91.0576,3.4484616328e-10
91.0676,-6.71584010559e-12
91.0776,-1.93953859526e-11
91.0876,-2.62411249041e-10
91.0976,1.54199720264e-10
91.1076,-1.14421068155e-10
91.1176,1.95909620408e-10
91.1276,3.70220186465e-11
91.1376,6.13270758462e-11
91.1476,-8.38263659389e-11
91.1576,-1.88043070859e-10
91.1676,1.92132592053e-11
91.1776,2.38411493989e-11
91.1876,-9.63423286145e-21
91.1976,-7.50133328105e-12
91.2076,-3.97419796287e-12
91.2176,-2.65216969431e-12
91.2276,-1.1681221248e-10
91.2376,1.86527250664e-10
91.2476,1.78972404254e-10
91.2576,-8.65729346964e-11
91.2676,-8.13550905542e-11
91.2776,-3.23934946465e-10
91.2876,-7.44393815983e-11
91.2976,2.10910727987e-10
91.3076,-1.02019330011e-10
91.3176,4.36736411724e-10
91.3276,7.72673422313e-11
91.3376,3.38042261865e-10
91.3476,-2.06094773292e-10
91.3576,1.00595724503e-10
91.3676,-3.33189491382e-10
91.3776,1.96187204638e-10
91.3876,7.43001763908e-10
91.3976,9.78077707897e-10
91.4076,3.89020683667e-10
91.4176,7.37470951299e-10
91.4276,-1.75178166414e-10
91.4376,1.48336437489e-10
91.4476,2.41065584892e-11
91.4576,3.06082768046e-10
91.4676,1.34810659611e-10
91.4776,1.26571055834e-09
91.4876,1.80504557552e-10
91.4976,1.43638372851e-09
91.5076,7.94964805766e-10
91.5176,5.73240420582e-10
91.5276,-2.2990150435e-10
91.5376,1.69187729527e-10
91.5476,-4.19992132848e-11
91.5576,7.39753342085e-10
91.5676,5.50906859516e-10
91.5776,-3.55443869676e-10
91.5876,3.14725777971e-10
91.5976,3.89917147187e-10
91.6076,3.71737732738e-11
91.6176,-1.02334246847e-09
91.6276,8.18758237718e-10
91.6376,-1.69743921223e-10
91.6476,2.34187483585e-10
91.6576,1.7537997518e-09
91.6676,-2.23935575269e-13
91.6776,-4.35918533502e-10
91.6876,5.39737364142e-10
91.6976,8.66085408308e-11
91.7076,-1.14138414831e-10
91.7176,1.4860356293e-09
91.7276,-4.65213415375e-10
91.7376,2.61310123753e-09
91.7476,7.43653952045e-10
91.7576,4.83626952655e-10
91.7676,-5.91964609516e-10
91.7776,-1.23699634847e-09
91.7876,2.10547800912e-10
91.7976,8.52049742744e-10
91.8076,1.34996730674e-09
91.8176,5.26538984009e-10
91.8276,9.6105653048e-10
91.8376,1.22677972284e-09
91.8476,1.44531054692e-09
91.8576,1.00453032841e-09
91.8676,2.99654076521e-10
91.8776,-1.48498632564e-09
91.8876,-7.18140629608e-10
91.8976,1.24199205864e-09
91.9076,-7.41142476005e-10
91.9176,-2.64258457029e-09
91.9276,2.12689373736e-09
91.9376,-2.12883623239e-09
91.9476,1.42808075526e-10
91.9576,1.2514462754e-09
91.9676,-1.12304437395e-10
91.9776,-7.60904253917e-10
91.9876,-1.36108366512e-09
91.9976,-7.74627352101e-10
92.0076,-1.895817312e-09
92.0176,2.37697554409e-09
92.0276,-2.4114778993e-09
92.0376,1.25363888407e-09
92.0476,-1.26736980297e-10
92.0576,8.3200434569e-10
92.0676,-1.96982444843e-09
92.0776,1.3743545547e-09
92.0876,7.04021321673e-10
92.0976,-4.19908236744e-10
92.1076,6.2258300409e-10
92.1176,-8.95862586868e-11
92.1276,-3.14667902345e-09
92.1376,-1.21179497388e-09
92.1476,-8.11881759731e-10
92.1576,8.10617697715e-10
92.1676,-1.19185764678e-09
92.1776,2.33515915329e-09
92.1876,3.54323661633e-09
92.1976,6.18057190427e-10
92.2076,1.53684920311e-09
92.2176,-1.74528372448e-09
92.2276,8.7121477592e-10
92.2376,1.32126736421e-09
92.2476,5.98244707599e-10
92.2576,-8.42550916282e-10
92.2676,-7.49669158299e-10
92.2776,-4.14175374265e-10
92.2876,-2.03044154889e-10
92.2976,-2.37932383642e-09
92.3076,3.99642737507e-09
92.3176,2.24643757832e-09
92.3276,1.21119111464e-09
92.3376,-1.48251980752e-09
92.3476,2.53732581755e-09
92.3576,-4.31760807997e-10
92.3676,3.26481277656e-09
92.3776,1.53855447378e-09
92.3876,3.87161011405e-09
92.3976,-1.160383433e-09
92.4076,-5.78759911965e-10
92.4176,-7.38480667361e-10
92.4276,5.10510345734e-09
92.4376,7.88101562056e-10
92.4476,1.01674287951e-09
92.4576,3.97648250824e-12
92.4676,1.41345238538e-10
92.4776,-1.12077589738e-09
92.4876,2.40933923725e-10
92.4976,9.66580346614e-10
92.5076,-4.73436758074e-10
92.5176,-2.71784285924e-09
92.5276,1.66151279812e-09
92.5376,-2.31658131572e-10
92.5476,-8.86692434069e-10
92.5576,1.30245558413e-09
92.5676,6.29941638154e-10
92.5776,-2.70180182674e-09
92.5876,3.41408931043e-09
92.5976,3.02201835199e-09
92.6076,-5.19530694121e-10
92.6176,1.65714399746e-09
92.6276,1.54787413713e-09
92.6376,1.26904770884e-10
92.6476,1.44444459249e-09
92.6576,8.76181518011e-11
92.6676,4.52073364483e-10
92.6776,1.26651874179e-09
92.6876,-1.06340456065e-09
92.6976,-2.04815981837e-09
92.7076,-2.86920712266e-09
92.7176,-3.00287129453e-10
92.7276,-1.13631904992e-09
92.7376,2.39966294863e-09
92.7476,3.36118858403e-09
92.7576,1.15383962541e-09
92.7676,-2.9435895932e-09
92.7776,2.88860132043e-09
92.7876,-7.78079475956e-10
92.7976,2.55160439459e-10
92.8076,-3.49385367969e-11
92.8176,6.93976777486e-10
92.8276,-2.10978805335e-09
92.8376,-1.20269179116e-09
92.8476,3.41665781722e-10
92.8576,-1.73976531101e-09
92.8676,2.32808972123e-09
92.8776,3.91194671161e-09
92.8876,-5.71332865254e-10
92.8976,-1.46445149392e-10
92.9076,7.44920988308e-10
92.9176,-6.4251568056e-10
92.9276,3.48837660667e-10
92.9376,1.97119166112e-09
92.9476,1.54928169674e-09
92.9576,-2.45950484148e-10
92.9676,1.68636364113e-09
92.9776,-2.86300284784e-09
92.9876,-2.13665377924e-09
92.9976,-2.99307157254e-10
93.0076,-9.87032203864e-10
93.0176,-1.44391049513e-09
93.0276,-2.35700300599e-10
93.0376,5.48481492501e-10
93.0476,-5.82424451231e-10
93.0576,1.53895508288e-09
93.0676,-2.09703078961e-10
93.0776,1.30079752859e-09
93.0876,-6.59152008501e-10
93.0976,1.97083691826e-09
93.1076,-1.23365077139e-10
93.1176,1.41476077629e-09
93.1276,2.01424139769e-09
93.1376,1.84696348095e-09
93.1476,8.17346191466e-10
93.1576,-4.92743049008e-10
93.1676,-4.1698224578e-09
93.1776,-1.19215637576e-09
93.1876,1.6555663122e-09
93.1976,-4.69716459494e-10
93.2076,-1.38383187214e-09
93.2176,-2.33651581067e-09
93.2276,7.74377130862e-10
93.2376,8.02431321376e-10
93.2476,3.04428014501e-09
93.2576,-6.20311500311e-10
93.2676,1.71476611724e-09
93.2776,1.0924783286e-10
93.2876,1.56593374988e-09
93.2976,-9.9270421003e-11
93.3076,-1.20616790096e-09
93.3176,-1.81136861189e-09
93.3276,4.64773539264e-11
93.3376,-2.78852528523e-09
93.3476,1.55948853404e-09
93.3576,-7.11365675178e-10
93.3676,2.72281978642e-09
93.3776,-7.90191607153e-10
93.3876,-2.46424501908e-09
93.3976,4.8888165522e-10
93.4076,2.02067204681e-09
93.4176,-2.13307375702e-09
93.4276,1.42956984362e-09
93.4376,2.82966025036e-09
93.4476,6.24452752862e-10
93.4576,6.21995606879e-10
93.4676,1.66626734545e-09
93.4776,-7.92771905071e-10
93.4876,-7.98025891914e-10
93.4976,1.521162518e-09
93.5076,-1.30754468137e-09
93.5176,-4.00812215982e-10
93.5276,9.04953541822e-10
93.5376,-6.32412548681e-11
93.5476,1.86086639e-09
93.5576,3.07013540186e-09
93.5676,6.73732099779e-10
93.5776,-9.62432448314e-10
93.5876,7.64718688513e-10
93.5976,2.22285255206e-10
93.6076,2.46254131289e-10
93.6176,1.80832969825e-09
93.6276,2.51193164553e-09
93.6376,7.60584120557e-10
93.6476,-1.04834054535e-09
93.6576,-9.42545237212e-10
93.6676,1.01015987719e-09
93.6776,1.37709008347e-09
93.6876,-1.37308907755e-09
93.6976,1.80012794355e-09
93.7076,1.08554738266e-09
93.7176,2.09075906641e-10
93.7276,-5.85944422545e-10
93.7376,4.01069088139e-10
93.7476,3.05599987418e-09
93.7576,1.55491912306e-09
93.7676,-1.12815255022e-09
93.7776,-1.12790311565e-09
93.7876,-5.20001178284e-10
93.7976,-5.28750078292e-10
93.8076,2.25612439329e-10
93.8176,-1.38530478854e-09
93.8276,4.507852929e-10
93.8376,-2.65668936292e-09
93.8476,-1.11213174481e-09
93.8576,-1.2307704637e-09
93.8676,-1.19167279964e-10
93.8776,2.31408852355e-09
93.8876,1.28304575269e-09
93.8976,2.46783979813e-09
93.9076,4.8108649844e-10
93.9176,8.13821212183e-11
93.9276,2.43161743617e-09
93.9376,2.0162746204e-09
93.9476,2.12194811941e-10
93.9576,-6.70938257126e-10
93.9676,3.51986577223e-11
93.9776,1.93202093241e-09
93.9876,-1.16316771557e-09
93.9976,-1.10370772258e-09
94.0076,1.18512719717e-09
94.0176,1.37264320342e-09
94.0276,1.18924549525e-09
94.0376,1.59475675969e-09
94.0476,-5.30144595548e-10
94.0576,-2.51726791412e-10
94.0676,5.54655530303e-10
94.0776,4.25840088454e-11
94.0876,1.21083971806e-10
94.0976,3.47138052862e-10
94.1076,3.02181525318e-10
94.1176,-9.9907691953e-10
94.1276,-4.61225436427e-10
94.1376,-9.00090162202e-10
94.1476,1.1142925218e-09
94.1576,2.52130296868e-10
94.1676,2.02773110962e-09
94.1776,2.56162768603e-10
94.1876,-3.99412957111e-10
94.1976,1.72841771655e-09
94.2076,3.85847456035e-10
94.2176,1.75955895108e-09
94.2276,1.21226967077e-09
94.2376,5.42343087545e-10
94.2476,1.86429679591e-10
94.2576,-1.15251248118e-10
94.2676,8.8974182945e-10
94.2776,5.94136048252e-10
94.2876,2.50077394127e-10
94.2976,6.16004201833e-10
94.3076,-3.51034260343e-10
94.3176,8.71881935279e-10
94.3276,1.02438327187e-09
94.3376,-3.699679203e-10
94.3476,1.97909526232e-09
94.3576,-2.29223973665e-10
94.3676,1.19284035017e-09
94.3776,-7.8217073839e-10
94.3876,7.32996592158e-10
94.3976,-1.27382283473e-09
94.4076,-6.12002325239e-11
94.4176,-2.30826779463e-09
94.4276,1.53337308634e-09
94.4376,1.69757155641e-09
94.4476,2.0189193354e-10
94.4576,1.78397996487e-09
94.4676,1.29624269372e-09
94.4776,-5.75253584144e-10
94.4876,3.26024857184e-09
94.4976,6.85810665505e-10
94.5076,-2.49068669044e-09
94.5176,-3.84414903681e-10
94.5276,7.15214305067e-10
94.5376,1.66425779281e-09
94.5476,4.69782031622e-10
94.5576,7.10672055262e-11
94.5676,7.58155924266e-10
94.5776,-1.52262844346e-10
94.5876,-2.16134536956e-10
94.5976,-1.27256184467e-09
94.6076,1.02300158701e-09
94.6176,2.8447731071e-09
94.6276,-9.22274976835e-10
94.6376,2.07453007607e-09
94.6476,1.56385288344e-10
94.6576,-1.11173774461e-09
94.6676,1.5300488768e-10
94.6776,2.40440774465e-10
94.6876,1.0732553891e-09
94.6976,-1.66343013548e-10
94.7076,1.75953813617e-09
94.7176,-1.19836299573e-09
94.7276,-4.80112018261e-10
94.7376,1.60566119049e-09
94.7476,2.95863869159e-09
94.7576,-8.0948262083e-10
94.7676,6.17676821069e-10
94.7776,2.82109031626e-10
94.7876,8.73471480616e-10
94.7976,4.69068075482e-11
94.8076,-2.10334233562e-10
94.8176,1.34355353623e-09
94.8276,1.92511309295e-09
94.8376,-2.26764392698e-10
94.8476,1.86769904699e-09
94.8576,-4.22232187664e-10
94.8676,-2.09616699531e-09
94.8776,-7.09425114525e-10
94.8876,1.63374646587e-09
94.8976,-9.98886729051e-10
94.9076,2.26220144027e-10
94.9176,1.66952009994e-09
94.9276,4.14851802815e-10
94.9376,1.95318049585e-09
94.9476,1.43837194716e-10
94.9576,1.10656145584e-09
94.9676,6.4917250016e-10
94.9776,-1.13180071174e-09
94.9876,1.01533392928e-09
94.9976,-1.80553349432e-09
95.0076,6.50010972141e-10
95.0176,1.04664888865e-09
95.0276,5.25776452377e-11
95.0376,2.39798161908e-10
95.0476,5.5675650035e-10
95.0576,-2.81712409782e-10
95.0676,-2.231418291e-09
95.0776,-9.33836626463e-10
95.0876,8.85503995519e-10
95.0976,1.07501108014e-09
95.1076,-1.17219152669e-09
95.1176,9.00108805539e-10
95.1276,1.80002412318e-09
95.1376,3.06123251318e-10
95.1476,3.26102098218e-10
95.1576,-2.95096096672e-10
95.1676,7.86100590644e-10
95.1776,-1.0946278094e-09
95.1876,6.17621674364e-10
95.1976,1.29632451949e-09
95.2076,3.45511811447e-11
95.2176,-3.17258817281e-10
95.2276,1.14659453617e-09
95.2376,8.17856445035e-10
95.2476,8.55981952607e-10
95.2576,2.01018060184e-09
95.2676,3.04922811219e-10
95.2776,-3.84049579907e-10
95.2876,7.30188787037e-10
95.2976,-4.058610738e-10
95.3076,1.66543257588e-09
95.3176,-5.0885092482e-10
95.3276,-1.26519143808e-09
95.3376,9.76136665585e-10
95.3476,3.71452666131e-10
95.3576,2.02648554413e-09
95.3676,-6.41097247962e-10
95.3776,6.29037281453e-10
95.3876,-7.43313880352e-10
95.3976,2.26902803175e-10
95.4076,-1.15772304493e-09
95.4176,6.76971545835e-10
95.4276,-1.45110891427e-09
95.4376,1.7785622229e-09
95.4476,4.96575301317e-10
95.4576,1.10355953688e-10
95.4676,5.51122024452e-10
95.4776,-1.20826154213e-10
95.4876,6.12469043303e-10
95.4976,1.13452240289e-09
95.5076,-8.76204649976e-10
95.5176,-5.97546981967e-10
95.5276,3.97398140191e-11
95.5376,-3.12170350478e-10
95.5476,1.21092306365e-09
95.5576,1.89262662981e-09
95.5676,-1.53087917122e-09
95.5776,3.76782476874e-10
95.5876,1.8398178323e-09
95.5976,2.25765470222e-10
95.6076,5.50271121342e-10
95.6176,-1.465020417e-09
95.6276,-2.40487952128e-10
95.6376,1.18964372155e-09
95.6476,1.45354540794e-10
95.6576,5.19950967168e-10
95.6676,9.57722647453e-11
95.6776,9.2929997269e-10
95.6876,-3.36373126918e-10
95.6976,-1.40266553579e-09
95.7076,2.56931105608e-10
95.7176,1.12442421465e-09
95.7276,-8.54971355269e-11
95.7376,1.22918960061e-09
95.7476,1.47704247963e-10
95.7576,7.55395135214e-10
95.7676,-8.78084109075e-10
95.7776,-6.70962327458e-10
95.7876,4.87737436373e-10
95.7976,1.85668876737e-10
95.8076,-7.2650471731e-10
95.8176,-1.75282449457e-10
95.8276,-3.96124465231e-10
95.8376,1.20844131856e-09
95.8476,-1.23639533769e-09
95.8576,-3.78511906627e-10
95.8676,1.45196670723e-09
95.8776,-8.7079109228e-10
95.8876,1.74099231362e-10
95.8976,1.38511402356e-09
95.9076,1.37680244385e-09
95.9176,3.88349248858e-10
95.9276,9.56695733955e-10
95.9376,1.57923712759e-09
95.9476,5.82749090623e-10
95.9576,7.78947564411e-10
95.9676,-1.12321154861e-09
95.9776,-5.55466753833e-11
95.9876,-8.6454751614e-10
95.9976,-1.61686495814e-10
96.0076,2.17365576007e-10
96.0176,-8.82388065829e-10
96.0276,8.70072329887e-10
96.0376,1.37441340514e-10
96.0476,-3.31714157474e-10
96.0576,-2.42285176168e-10
96.0676,2.4227101624e-10
96.0776,8.35082130298e-10
96.0876,1.41024241459e-09
96.0976,-5.71598794455e-10
96.1076,1.16885860985e-09
96.1176,4.36054891088e-10
96.1276,-6.23614383469e-10
96.1376,-4.36958361992e-11
96.1476,8.6790140661e-10
96.1576,-2.89469453428e-10
96.1676,3.41884551214e-10
96.1776,2.47767757945e-10
96.1876,1.57194722774e-10
96.1976,-3.59351687729e-10
96.2076,8.07049991009e-10
96.2176,-6.52815036418e-10
96.2276,8.53690816734e-10
96.2376,-6.55665031646e-10
96.2476,4.1016006151e-10
96.2576,7.37859246738e-10
96.2676,-7.81609292294e-10
96.2776,2.06493990365e-11
96.2876,-7.92698836748e-10
96.2976,-2.18105576652e-10
96.3076,2.273642185e-10
96.3176,-3.17368130011e-10
96.3276,-1.28173576936e-10
96.3376,-6.50288660279e-10
96.3476,-3.46132317945e-10
96.3576,-1.44555228674e-09
96.3676,9.97128443607e-10
96.3776,2.36007395706e-11
96.3876,-1.15201291025e-09
96.3976,8.04448275975e-11
96.4076,-4.81677197895e-11
96.4176,1.15574139354e-09
96.4276,-3.35406275409e-10
96.4376,-6.81147703786e-10
96.4476,1.67516275552e-10
96.4576,-5.68021220331e-10
96.4676,7.83988436215e-10
96.4776,-9.5843352364e-10
96.4876,1.90928316447e-09
96.4976,-1.17820434281e-09
96.5076,1.72927044573e-10
96.5176,-7.7631818634e-10
96.5276,-9.09117659715e-10
96.5376,-7.6324874926e-10
96.5476,-1.35394478048e-09
96.5576,1.14251967174e-10
96.5676,-3.69802886901e-10
96.5776,-1.19929022736e-10
96.5876,7.78118494175e-10
96.5976,7.83253442772e-10
96.6076,-1.30654049193e-09
96.6176,2.06240947611e-10
96.6276,-6.76405048155e-11
96.6376,4.38209135243e-10
96.6476,2.50018517168e-10
96.6576,4.44634208657e-10
96.6676,5.28743418817e-11
96.6776,8.22968228292e-10
96.6876,1.535980876e-10
96.6976,1.03218180818e-09
96.7076,5.8930252589e-10
96.7176,-6.17031996925e-10
96.7276,1.99784106335e-10
96.7376,-6.60660536199e-10
96.7476,5.11464386155e-10
96.7576,6.89406896633e-10
96.7676,-2.62587171611e-10
96.7776,-2.9852893901e-10
96.7876,-6.0001097559e-10
96.7976,-1.80239579372e-09
96.8076,7.91574151428e-10
96.8176,1.13091787456e-09
96.8276,1.16394544129e-09
96.8376,2.76507458715e-10
96.8476,7.98659284391e-10
96.8576,4.89259731487e-10
96.8676,-2.73565424711e-10
96.8776,8.38340715379e-11
96.8876,-6.72595706671e-10
96.8976,-2.21709075863e-10
96.9076,-9.66637303911e-10
96.9176,6.52685995807e-10
96.9276,7.29123841951e-10
96.9376,6.3663386127e-11
96.9476,7.4391526844e-10
96.9576,8.6955709436e-10
96.9676,9.8966964588e-11
96.9776,1.13120124449e-09
96.9876,-8.06179693157e-10
96.9976,9.57776068623e-11
97.0076,-1.49752064167e-10
97.0176,-5.18835522275e-10
97.0276,-1.28101160353e-09
97.0376,-4.67161800586e-10
97.0476,3.58548741141e-10
97.0576,7.74525464436e-10
97.0676,1.2942974744e-09
97.0776,6.18918339774e-10
97.0876,-5.20369314686e-10
97.0976,-2.62824075126e-11
97.1076,-3.47032500802e-10
97.1176,3.58558760676e-10
97.1276,5.14319056807e-10
97.1376,-1.17887159643e-09
97.1476,-5.73560708476e-10
97.1576,8.3949113708e-10
97.1676,-9.19425185679e-10
97.1776,-6.56977799063e-10
97.1876,2.40995366869e-10
97.1976,-3.06086457676e-10
97.2076,-2.14403984e-10
97.2176,6.71487000511e-10
97.2276,3.5819186053e-10
97.2376,7.41306902402e-10
97.2476,4.84480789047e-10
97.2576,-4.12939806476e-11
97.2676,9.81427664458e-10
97.2776,-1.09174462253e-10
97.2876,6.09860927318e-11
97.2976,1.17406914756e-10
97.3076,4.47869104131e-10
97.3176,1.07006214249e-09
97.3276,-2.33432908998e-12
97.3376,8.06214325124e-10
97.3476,2.11016582258e-10
97.3576,3.43710603115e-10
97.3676,1.20489138517e-09
97.3776,-1.29324233017e-09
97.3876,-2.02899402414e-10
97.3976,3.42124836045e-10
97.4076,3.79572907804e-10
97.4176,5.20713941041e-10
97.4276,5.71548151383e-10
97.4376,3.97957539439e-10
97.4476,-6.67485490136e-10
97.4576,5.92558701779e-10
97.4676,-4.16687430073e-11
97.4776,1.29966507291e-09
97.4876,6.72298051452e-10
97.4976,6.42396013816e-11
97.5076,-4.03217610741e-11
97.5176,1.969094072e-10
97.5276,7.06373416729e-10
97.5376,1.13911323839e-10
97.5476,-3.15337498016e-10
97.5576,-1.24345894765e-10
97.5676,3.18110863538e-10
97.5776,-1.37223826065e-10
97.5876,8.51265421998e-10
97.5976,-8.05263262602e-10
97.6076,3.83103807786e-10
97.6176,-1.52899956389e-09
97.6276,-1.14307984375e-09
97.6376,-6.12244789212e-10
97.6476,6.29420033395e-10
97.6576,7.29631538272e-10
97.6676,4.25062905292e-10
97.6776,-7.99682843665e-10
97.6876,1.27116320848e-10
97.6976,-1.79358554303e-10
97.7076,-3.10560971503e-10
97.7176,4.54148480109e-10
97.7276,-2.89553105741e-10
97.7376,-3.78184876739e-10
97.7476,-1.490669593e-11
97.7576,-4.20670760829e-10
97.7676,-6.15739871989e-10
97.7776,2.08921376122e-10
97.7876,9.20247320207e-10
97.7976,-3.30325193692e-10
97.8076,1.72986208623e-11
97.8176,-1.062822983e-09
97.8276,1.74496466729e-10
97.8376,-1.59593625107e-10
97.8476,1.75817835033e-10
97.8576,4.7012027898e-10
97.8676,-1.14726417464e-09
97.8776,4.11616020936e-10
97.8876,4.26905399992e-11
97.8976,-1.1018104755e-09
97.9076,-7.11509375913e-10
97.9176,5.4032842212e-10
97.9276,6.65445165697e-10
97.9376,7.13133443766e-10
97.9476,-3.43113555596e-10
97.9576,3.6031232347e-10
97.9676,-7.11696092701e-11
97.9776,-4.5407711044e-10
97.9876,-8.87706875134e-11
97.9976,3.24447391837e-11
98.0076,2.04729371352e-10
98.0176,6.79582470907e-10
98.0276,7.11376504738e-10
98.0376,-1.14375463101e-09
98.0476,3.25656034085e-10
98.0576,-2.28313622845e-10
98.0676,9.49402491206e-10
98.0776,-8.52645692105e-11
98.0876,2.40699704635e-10
98.0976,2.32264499279e-10
98.1076,-3.14597774637e-10
98.1176,-7.04006464582e-10
98.1276,2.32137680966e-10
98.1376,8.36988437397e-11
98.1476,5.94175451322e-10
98.1576,-1.41376408335e-10
98.1676,-3.60476369265e-10
98.1776,5.63910861589e-10
98.1876,6.39318624969e-10
98.1976,-8.42291097282e-10
98.2076,8.71938595032e-10
98.2176,-5.66586736194e-10
98.2276,-2.4174262012e-10
98.2376,1.02740708493e-09
98.2476,-6.70752065985e-10
98.2576,7.02183345505e-10
98.2676,-3.63140893061e-10
98.2776,3.45054286084e-10
98.2876,2.01048205232e-10
98.2976,9.10801887771e-11
98.3076,-3.29016990629e-10
98.3176,3.85514020687e-10
98.3276,-1.70816005819e-10
98.3376,-3.19699689166e-10
98.3476,-1.8813985192e-10
98.3576,-5.42172102268e-10
98.3676,-2.06881158017e-10
98.3776,8.73403736296e-10
98.3876,1.46111387026e-10
98.3976,-5.89347564158e-10
98.4076,2.30086794937e-10
98.4176,-4.36313967619e-10
98.4276,7.38752726805e-10
98.4376,6.33976315327e-10
98.4476,3.37389540728e-11
98.4576,5.29919291179e-10
98.4676,-2.14084658523e-10
98.4776,-1.66389607256e-11
98.4876,-5.43947955255e-10
98.4976,4.62569537208e-10
98.5076,6.34286596512e-10
98.5176,3.7349574543e-10
98.5276,-7.56786085168e-11
98.5376,8.90677006998e-11
98.5476,2.60091230691e-11
98.5576,-6.73319654023e-10
98.5676,-6.23018334578e-11
98.5776,1.12255377629e-09
98.5876,1.40646383391e-10
98.5976,-7.80352108127e-11
98.6076,-1.7573279363e-10
98.6176,-9.41925352238e-10
98.6276,8.01515688876e-10
98.6376,-1.57263504825e-10
98.6476,2.83593148789e-10
98.6576,1.06427032745e-09
98.6676,-1.08922947652e-09
98.6776,5.1630885335e-10
98.6876,6.00495783876e-10
98.6976,1.0703184855e-09
98.7076,-2.58036155378e-10
98.7176,8.58224956458e-10
98.7276,2.56982753579e-10
98.7376,-7.60210965078e-10
98.7476,6.9615618652e-10
98.7576,5.61798585626e-10
98.7676,6.70164781125e-10
98.7776,6.11768975716e-10
98.7876,-4.75008300503e-11
98.7976,7.7445107071e-11
98.8076,1.09554340758e-09
98.8176,5.1441715383e-10
98.8276,-1.63787443054e-10
98.8376,1.17991885126e-09
98.8476,-1.53589898589e-09
98.8576,5.39143590497e-10
98.8676,3.79735187494e-11
98.8776,-1.81124406203e-09
98.8876,3.60525881861e-10
98.8976,8.85644947216e-11
98.9076,-6.83796510579e-10
98.9176,3.72048172421e-10
98.9276,3.48989966209e-11
98.9376,6.32273572105e-10
98.9476,2.71516297563e-10
98.9576,-4.94599201837e-10
98.9676,-6.75666336734e-10
98.9776,1.61695815673e-10
98.9876,2.39505222314e-10
98.9976,3.17973163937e-17
99.0076,9.50351937546e-10
99.0176,6.07971290781e-11
99.0276,1.40767387977e-09
99.0376,1.71452167471e-10
99.0476,3.97867072552e-12
99.0576,-3.96374244465e-10
99.0676,7.81167511437e-10
99.0776,-2.08004677445e-10
99.0876,-5.65321182269e-10
99.0976,-9.93692899351e-10
99.1076,2.91648498618e-10
99.1176,1.22259060736e-10
99.1276,2.54619012137e-10
99.1376,-8.68715180857e-10
99.1476,-2.83318541675e-11
99.1576,-7.18323645862e-10
99.1676,-1.55897465935e-10
99.1776,1.72368146068e-10
99.1876,-1.1561096494e-10
99.1976,-6.03345964296e-10
99.2076,2.30486870562e-10
99.2176,-9.03897134249e-10
99.2276,2.12215662178e-10
99.2376,-1.47806564813e-10
99.2476,7.17448062798e-10
99.2576,-6.99758769037e-10
99.2676,-1.10444721821e-10
99.2776,-6.98839654804e-11
99.2876,4.71454905558e-11
99.2976,3.0406252193e-10
99.3076,-3.64764648332e-10
99.3176,1.66433651348e-10
99.3276,-7.93174090037e-10
99.3376,-9.08599508269e-12
99.3476,3.81898205941e-10
99.3576,-6.75847903212e-10
99.3676,-8.4053468036e-11
99.3776,1.47091681639e-10
99.3876,6.19620188483e-10
99.3976,-1.6503412351e-10
99.4076,-6.44058249298e-11
99.4176,2.39468330277e-10
99.4276,-1.99998095122e-10
99.4376,-3.42265731501e-10
99.4476,1.28069118659e-09
99.4576,5.1970467216e-10
99.4676,5.17819739876e-11
99.4776,-1.26367956474e-10
99.4876,-8.21851651703e-10
99.4976,1.79930663399e-11
99.5076,4.5774423592e-10
99.5176,5.85973740715e-10
99.5276,4.62253344643e-10
99.5376,3.86559579829e-10
99.5476,-8.01770910677e-11
99.5576,9.33139855809e-10
99.5676,3.56935792399e-10
99.5776,-2.95426884044e-10
99.5876,4.65278718844e-10
99.5976,-3.21867714446e-10
99.6076,-1.94560544997e-10
99.6176,-4.75712145032e-10
99.6276,-3.31352031408e-10
99.6376,-3.73086278134e-10
99.6476,-9.13598827813e-10
99.6576,-5.42413498734e-10
99.6676,3.54865961487e-11
99.6776,-1.90664787777e-10
99.6876,2.2834091341e-10
99.6976,3.17340009375e-10
99.7076,3.85990429696e-10
99.7176,-3.87395491315e-10
99.7276,-3.57590225187e-11
99.7376,2.63835240423e-11
99.7476,4.82296178688e-10
99.7576,-1.23679685399e-09
99.7676,-1.15226850413e-10
99.7776,1.40315697193e-10
99.7876,-1.37426927637e-10
99.7976,1.10308356086e-09
99.8076,2.57398563097e-10
99.8176,6.70939402522e-10
99.8276,3.58913048966e-11
99.8376,5.40704636624e-10
99.8476,3.99996836652e-10
99.8576,1.13269968391e-10
99.8676,1.13955671961e-09
99.8776,-4.60553284202e-10
99.8876,-1.16334803037e-09
99.8976,8.99652272188e-10
99.9076,-6.13991198834e-10
99.9176,-3.50971504737e-11
99.9276,-1.67553460168e-10
99.9376,6.43468605814e-10
99.9476,3.44050157564e-10
99.9576,1.00410960467e-10
99.9676,1.00862090264e-10
99.9776,-1.79630093108e-10
99.9876,3.52666731356e-10
99.9976,-7.58989546463e-10
100.0076,2.81109355233e-10
100.0176,-6.51719317902e-10
100.0276,3.02715746347e-10
100.0376,6.7426251079e-10
100.0476,1.04576249165e-10
100.0576,-9.42119716306e-12
100.0676,5.7316488963e-10
100.0776,1.6853802758e-11
100.0876,-4.21470238022e-10
100.0976,6.14329002969e-10
100.1076,-1.24544836608e-10
100.1176,6.6816669351e-10
100.1276,-2.72692184447e-10
100.1376,-6.05265711444e-10
100.1476,5.49793055496e-10
100.1576,3.91105447386e-10
100.1676,-1.036420267e-09
100.1776,-1.06684495065e-10
100.1876,-6.1073151345e-10
100.1976,2.24468875273e-10
100.2076,-1.88857871328e-10
100.2176,2.9463608181e-10
100.2276,2.53738377716e-10
100.2376,1.04660177974e-10
100.2476,4.24931493291e-11
100.2576,-4.7011017292e-10
100.2676,6.62403071763e-10
100.2776,1.15292939711e-10
100.2876,3.40221182231e-10
100.2976,6.9510465685e-10
100.3076,-9.91994781387e-11
100.3176,-4.70056537963e-10
100.3276,-1.59452562036e-11
100.3376,1.42680320099e-10
100.3476,-1.15934651931e-10
100.3576,8.44989074608e-10
100.3676,1.79451475277e-10
100.3776,-2.64153569652e-10
100.3876,6.32750168965e-10
100.3976,-3.79771491504e-10
100.4076,-5.66533108651e-11
100.4176,-2.76727343022e-10
100.4276,5.49009005891e-10
100.4376,-4.39776357586e-10
100.4476,8.20667792217e-10
100.4576,-2.77338860681e-10
100.4676,4.37737499291e-10
100.4776,-7.74537537148e-12
100.4876,8.8425223636e-10
100.4976,-5.17256615406e-10
100.5076,5.6331962844e-10
100.5176,2.95217865167e-12
100.5276,-2.71519155163e-10
100.5376,-2.2914828347e-10
100.5476,6.77721251564e-10
100.5576,-2.9144121502e-10
100.5676,-6.4546476584e-10
100.5776,6.8226258106e-10
100.5876,-9.3149544048e-10
100.5976,-9.69536238568e-10
100.6076,8.19164350776e-10
100.6176,-4.27611868875e-10
100.6276,9.72505920842e-10
100.6376,-1.10494576042e-10
100.6476,2.02486787327e-10
100.6576,5.52273718692e-11
100.6676,-8.01664907564e-10
100.6776,1.70910639566e-10
100.6876,-7.73696055098e-10
100.6976,-7.08176634528e-10
100.7076,2.66167156545e-10
100.7176,6.09935029678e-11
100.7276,7.66446520367e-10
100.7376,2.04133490898e-10
100.7476,4.38789303324e-10
100.7576,9.34144997071e-11
100.7676,-9.4167663049e-11
100.7776,-2.60826643995e-10
100.7876,-2.31911116161e-10
100.7976,-8.02694442951e-12
100.8076,3.56080008461e-10
100.8176,-2.49274858983e-12
100.8276,6.05238887764e-10
100.8376,-1.24216820081e-11
100.8476,-4.73493792214e-10
100.8576,1.98917175426e-10
100.8676,-1.85142380231e-10
100.8776,1.37205217093e-11
100.8876,-6.42838479212e-10
100.8976,5.46486077419e-11
100.9076,-1.18249559548e-10
100.9176,7.54725198574e-10
100.9276,4.352892044e-11
100.9376,-1.43792327149e-10
100.9476,-1.61349944099e-10
100.9576,5.19858347237e-10
100.9676,4.28801208604e-10
100.9776,3.15280274236e-10
100.9876,4.89855741333e-10
100.9976,-1.77675306658e-10
101.0076,2.04507824586e-10
101.0176,7.49249583127e-10
101.0276,2.52156044186e-10
101.0376,4.21735064643e-10
101.0476,3.74845767227e-10
101.0576,-3.77819031438e-10
101.0676,-5.01582258068e-10
101.0776,-4.55048627874e-10
101.0876,1.61664530997e-10
101.0976,7.98641248403e-10
101.1076,-6.53766716304e-10
101.1176,-7.5044390478e-11
101.1276,-7.16913234554e-10
101.1376,-5.17935811041e-10
101.1476,5.46925527385e-10
101.1576,9.95526823355e-11
101.1676,2.07797550532e-10
101.1776,3.64047464273e-10
101.1876,-6.86648219891e-11
101.1976,4.11942702694e-10
101.2076,1.71200971644e-10
101.2176,5.45493241803e-10
101.2276,5.68951647063e-10
101.2376,3.97788743414e-10
101.2476,3.3373036364e-10
101.2576,-5.19863621053e-10
101.2676,2.67496851817e-10
101.2776,1.84733279964e-11
101.2876,1.97851626497e-10
101.2976,1.76000886247e-10
101.3076,-3.90143485795e-10
101.3176,-1.02091667795e-10
101.3276,-2.90852004514e-10
101.3376,9.11610923468e-10
101.3476,-3.44967396461e-10
101.3576,-4.04920592374e-11
101.3676,3.09349256103e-10
101.3776,-2.25630488923e-10
101.3876,-3.18020960386e-12
101.3976,-4.87443623773e-10
101.4076,7.79355441585e-10
101.4176,1.63106809431e-10
101.4276,1.74892239998e-10
101.4376,8.54421501501e-11
101.4476,8.8959807861e-10
101.4576,-5.06736987344e-10
101.4676,2.04295574009e-10
101.4776,4.96117539923e-10
101.4876,-2.39626682887e-10
101.4976,6.84287563384e-10
101.5076,2.38872508577e-10
101.5176,1.29682476018e-10
101.5276,-5.22164774057e-10
101.5376,2.61941770529e-10
101.5476,2.50531745316e-10
101.5576,1.90057992714e-10
101.5676,1.78568877732e-10
101.5776,4.43561634312e-10
101.5876,7.93573913405e-10
101.5976,4.26294198423e-10
101.6076,-4.45832321552e-10
101.6176,-5.39750941521e-10
101.6276,1.03466435876e-09
101.6376,3.43172858561e-10
101.6476,2.59634186072e-10
101.6576,-2.3382068294e-10
101.6676,-2.04583661406e-10
101.6776,8.23637950359e-10
101.6876,1.05112424008e-10
101.6976,2.65321469124e-10
101.7076,6.9572478934e-10
101.7176,6.35531718321e-11
101.7276,3.97113959979e-10
101.7376,7.14866791073e-11
101.7476,-1.78147882442e-11
101.7576,2.90845660279e-10
101.7676,8.38764281303e-11
101.7776,4.27511790284e-10
101.7876,2.16429631902e-10
101.7976,7.46845784911e-10
101.8076,1.57102774114e-10
101.8176,2.10728369112e-10
101.8276,-4.71801788171e-11
101.8376,-1.18279584371e-10
101.8476,6.14343068027e-11
101.8576,-3.20127816681e-10
101.8676,-1.86476279286e-10
101.8776,-6.90882145678e-11
101.8876,8.38202180538e-10
101.8976,-1.72277925534e-10
101.9076,-5.83172143557e-10
101.9176,1.89148733875e-11
101.9276,2.54701973769e-10
101.9376,7.03081888984e-10
101.9476,1.36952373815e-10
101.9576,-5.85276396534e-11
101.9676,-1.41877739102e-10
101.9776,-2.40380194333e-10
101.9876,2.90539297805e-10
101.9976,2.26519753252e-10
102.0076,1.86509423657e-10
102.0176,5.90483714152e-11
102.0276,-2.49558041768e-11
102.0376,-8.74882018164e-11
102.0476,-3.82803797278e-10
102.0576,-2.60769392031e-10
102.0676,-8.28031037214e-10
102.0776,-3.97114695517e-10
102.0876,-1.37369399081e-10
102.0976,1.1537330118e-10
102.1076,-4.41318505918e-11
102.1176,3.50054988033e-10
102.1276,-3.52154568235e-10
102.1376,-1.83901842579e-10
102.1476,1.7738468535e-10
102.1576,9.41192230111e-10
102.1676,-3.41149156364e-10
102.1776,-2.11354412759e-10
102.1876,-2.01574741323e-10
102.1976,2.62153530712e-10
102.2076,4.65340874501e-10
102.2176,-5.12929763897e-10
102.2276,-4.40381721647e-10
102.2376,4.91496551171e-10
102.2476,-5.53754447676e-10
102.2576,-2.48284312508e-10
102.2676,6.15053836569e-11
102.2776,-4.51980848029e-10
102.2876,-3.7308322384e-10
102.2976,3.63163618825e-10
102.3076,3.83937551315e-11
102.3176,2.6181886904e-10
102.3276,8.19693240116e-10
102.3376,-4.37983470537e-10
102.3476,3.04741183792e-10
102.3576,5.10063523567e-10
102.3676,7.4822590196e-10
102.3776,-1.52581556286e-10
102.3876,8.47401574279e-12
102.3976,6.6912130991e-11
102.4076,1.09030443736e-10
102.4176,4.94887199554e-10
102.4276,3.62655487692e-10
102.4376,-9.59114956964e-11
102.4476,8.05951024194e-11
102.4576,5.06700049409e-10
102.4676,-5.29951357384e-10
102.4776,2.36714277249e-10
102.4876,7.18843921689e-10
102.4976,-5.77353848316e-10
102.5076,-2.89886647132e-11
102.5176,-7.59084970196e-10
102.5276,-3.59204164583e-11
102.5376,-2.72289731592e-10
102.5476,5.0313012392e-10
102.5576,3.10686839857e-10
102.5676,-8.4055981033e-10
102.5776,-2.99545339816e-10
102.5876,3.96715216181e-11
102.5976,5.56152338078e-10
102.6076,2.04819036624e-10
102.6176,-5.48555094466e-10
102.6276,2.85093659384e-10
102.6376,-6.41727506207e-10
102.6476,4.12055441038e-11
102.6576,-2.14659029594e-10
102.6676,-1.72270479783e-10
102.6776,-7.67997182094e-11
102.6876,-6.92091796238e-10
102.6976,3.27419259404e-10
102.7076,-1.30661645142e-10
102.7176,4.58130970015e-10
102.7276,8.50127563313e-11
102.7376,4.56639522281e-10
102.7476,-1.15102211913e-11
102.7576,-2.5338497843e-10
102.7676,-2.07919782299e-10
102.7776,-1.02325067046e-11
102.7876,-3.13514736966e-10
102.7976,4.41998051041e-10
102.8076,-4.19922574022e-10
102.8176,6.08829254301e-10
102.8276,9.49180651759e-11
102.8376,5.94848238211e-11
102.8476,-2.73033188745e-10
102.8576,5.7080803863e-10
102.8676,-4.58649413961e-10
102.8776,-1.18887537963e-10
102.8876,-7.1054246347e-11
102.8976,-2.37537070632e-10
102.9076,-5.05427616621e-10
102.9176,-1.0569558867e-11
102.9276,2.6357821628e-10
102.9376,1.80498704453e-10
102.9476,2.780033787e-10
102.9576,5.56160775034e-10
102.9676,-3.42843344978e-10
102.9776,-3.8002602973e-10
102.9876,-3.64516353392e-10
102.9976,-6.7634860861e-10
103.0076,-7.59070837017e-11
103.0176,5.80116853331e-10
103.0276,1.23729593631e-10
103.0376,-1.38034895912e-10
103.0476,4.08700577447e-10
103.0576,3.32780482089e-11
103.0676,-3.1817294304e-11
103.0776,-2.47082941012e-10
103.0876,-8.70469048581e-11
103.0976,-3.98867184482e-10
103.1076,8.30002156742e-10
103.1176,-8.55648621112e-10
103.1276,4.49842365088e-10
103.1376,5.81986911549e-10
103.1476,-8.10650738348e-11
103.1576,-6.09701293125e-11
103.1676,-1.73220573376e-10
103.1776,6.84377532938e-11
103.1876,-6.07104923581e-10
103.1976,-2.49953663049e-10
103.2076,1.86948930503e-10
103.2176,-5.1525216841e-10
103.2276,1.19682373724e-10
103.2376,-8.81487437156e-11
103.2476,-3.07580970843e-11
103.2576,1.32558403889e-11
103.2676,3.71683506742e-10
103.2776,2.48191853956e-10
103.2876,-5.74676903684e-11
103.2976,1.35156346582e-10
103.3076,1.65712552971e-11
103.3176,1.89249699205e-10
103.3276,-1.06402392666e-10
103.3376,2.23954108149e-10
103.3476,4.05889088846e-10
103.3576,-3.10241741269e-10
103.3676,3.71184222164e-10
103.3776,3.32776463929e-10
103.3876,-5.10495278581e-10
103.3976,1.55356641188e-10
103.4076,-1.52212541461e-10
103.4176,-2.08527604319e-10
103.4276,-2.68587275081e-10
103.4376,9.72089125982e-10
103.4476,2.97325693489e-10
103.4576,-6.44468398072e-11
103.4676,-2.3766258009e-10
103.4776,-4.23496650331e-10
103.4876,6.29470670675e-10
103.4976,6.52954521623e-10
103.5076,5.39134353073e-11
103.5176,1.22952158922e-10
103.5276,-6.60036705494e-10
103.5376,-2.80394285389e-11
103.5476,2.9329985975e-10
103.5576,-3.15390295423e-10
103.5676,1.69400222462e-10
103.5776,-3.26174326368e-10
103.5876,5.95742904513e-10
103.5976,-3.38653573226e-10
103.6076,1.98106956988e-10
103.6176,9.71773073814e-11
103.6276,-4.30359110734e-10
103.6376,7.06546176345e-10
103.6476,2.46936330549e-10
103.6576,1.34826489007e-11
103.6676,4.05536425017e-10
103.6776,-1.54981623354e-11
103.6876,5.40704572272e-10
103.6976,5.06456130784e-10
103.7076,5.20376500423e-11
103.7176,-1.1282915041e-10
103.7276,5.42981452441e-10
103.7376,5.12349140056e-11
103.7476,-1.04400002238e-10
103.7576,6.49989432509e-10
103.7676,-2.62956016055e-10
103.7776,2.66647087267e-10
103.7876,3.70803129381e-10
103.7976,1.85784621073e-10
103.8076,-4.71867957324e-10
103.8176,1.75188335475e-10
103.8276,6.02658335985e-10
103.8376,-1.68417739594e-10
103.8476,2.76822317131e-10
103.8576,-8.19326320913e-11
103.8676,-2.82528696979e-10
103.8776,4.45278298285e-10
103.8876,-2.95131707857e-12
103.8976,-1.25140819614e-11
103.9076,2.79904001717e-10
103.9176,-5.36578996177e-10
103.9276,-5.75640537924e-10
103.9376,-2.03569351419e-10
103.9476,7.01678410499e-10
103.9576,1.17650074353e-10
103.9676,6.728133168e-10
103.9776,4.68060826763e-10
103.9876,-1.47356491843e-10
103.9976,-1.03051944997e-10
104.0076,2.24506590699e-10
104.0176,8.419119538e-11
104.0276,3.8608870137e-10
104.0376,-1.04067612693e-10
104.0476,-3.13571473853e-10
104.0576,1.28430998486e-10
104.0676,-1.62294091022e-10
104.0776,-4.65946605685e-10
104.0876,8.41768221833e-10
104.0976,-9.82123399784e-11
104.1076,-1.12272930704e-10
104.1176,-6.51032744787e-11
104.1276,1.42534428788e-10
104.1376,1.74560339749e-10
104.1476,6.31150176995e-10
104.1576,2.07215508401e-10
104.1676,2.36736266441e-10
104.1776,-1.67514895139e-10
104.1876,-1.60894623338e-10
104.1976,-4.3762923524e-12
104.2076,-4.64312045678e-11
104.2176,3.99665635714e-10
104.2276,4.90595549704e-11
104.2376,-1.76253692082e-10
104.2476,6.2955517145e-10
104.2576,1.68171952352e-10
104.2676,-8.560449276e-11
104.2776,3.50516146471e-10
104.2876,1.48883286777e-10
104.2976,3.078948817e-10
104.3076,-5.65129386982e-11
104.3176,1.48857868796e-10
104.3276,5.98078106332e-11
104.3376,8.98087294164e-10
104.3476,6.56913130498e-10
104.3576,4.08418574334e-10
104.3676,5.01808589908e-10
104.3776,6.08357606634e-10
104.3876,7.48815526692e-11
104.3976,4.21605085632e-10
104.4076,-3.33034973189e-10
104.4176,1.29884765343e-10
104.4276,-7.84149293348e-11
104.4376,-9.41262744992e-11
104.4476,6.02994674339e-11
104.4576,5.91901216971e-10
104.4676,1.73588450164e-10
104.4776,-3.42911542612e-10
104.4876,2.87812735038e-10
104.4976,4.53947721707e-10
104.5076,1.08229136177e-10
104.5176,1.03599173993e-10
104.5276,3.81181872367e-10
104.5376,3.53692599983e-10
104.5476,2.8629275634e-10
104.5576,4.43884925188e-11
104.5676,-1.55729228117e-10
104.5776,6.54935379709e-11
104.5876,-4.06972722142e-10
104.5976,8.00746883985e-11
104.6076,-1.84324936425e-10
104.6176,3.13907732413e-10
104.6276,8.0399712713e-11
104.6376,-4.18971119264e-11
104.6476,-1.97244348098e-10
104.6576,-4.33343409041e-10
104.6676,4.57532763842e-10
104.6776,9.85931727065e-11
104.6876,-8.76401107351e-11
104.6976,-1.21104347205e-10
104.7076,2.05722599648e-10
104.7176,-1.57580871272e-11
104.7276,3.71447496819e-10
104.7376,1.66599977798e-11
104.7476,1.70212066926e-10
104.7576,1.91707682831e-10
104.7676,4.0793172616e-10
104.7776,-3.72881623079e-10
104.7876,-3.64418622963e-10
104.7976,4.05244781898e-10
104.8076,2.6953538647e-11
104.8176,-2.72660621536e-10
104.8276,-2.23626558734e-10
104.8376,-1.05701210386e-11
104.8476,4.14527471221e-11
104.8576,-2.59653294825e-10
104.8676,-2.0246083382e-10
104.8776,4.87005368878e-10
104.8876,-2.03996957667e-10
104.8976,1.42610632326e-10
104.9076,3.02872772068e-10
104.9176,-1.51794596519e-10
104.9276,6.76548387209e-11
104.9376,1.71512262184e-10
104.9476,3.72765201896e-10
104.9576,-1.90150803991e-10
104.9676,4.29548135666e-10
104.9776,-3.93662580711e-10
104.9876,8.49154268541e-11
104.9976,-4.68138396546e-10
105.0076,-1.83871974349e-10
105.0176,2.4657323865e-10
105.0276,6.68212167825e-11
105.0376,3.031896862e-10
105.0476,-3.20420632582e-10
105.0576,-2.79149338463e-11
105.0676,3.04947381346e-10
105.0776,-6.47966274782e-10
105.0876,-3.80463070426e-10
105.0976,3.60409473319e-10
105.1076,1.44157687297e-10
105.1176,-2.66453615498e-10
105.1276,-5.54888179222e-10
105.1376,5.87644620708e-10
105.1476,5.41869752534e-11
105.1576,-2.25043353219e-10
105.1676,-4.52430959243e-10
105.1776,1.76177373852e-10
105.1876,9.59133679369e-11
105.1976,-3.62462845111e-10
105.2076,2.53061500214e-11
105.2176,1.29473440943e-10
105.2276,1.58093807979e-10
105.2376,-1.91728951799e-11
105.2476,-1.46738239891e-10
105.2576,3.73291606473e-10
105.2676,2.71625609052e-10
105.2776,-1.67883334701e-10
105.2876,3.34079398581e-10
105.2976,2.45768520513e-10
105.3076,1.38374186877e-10
105.3176,-2.83788314823e-10
105.3276,7.44050656293e-11
105.3376,-6.25918668774e-11
105.3476,8.4647519335e-11
105.3576,1.82091063547e-10
105.3676,6.81175036049e-10
105.3776,3.45683741526e-10
105.3876,-3.62818078848e-11
105.3976,7.56457013598e-11
105.4076,1.59298091522e-11
105.4176,1.13680566659e-10
105.4276,-8.99728710539e-11
105.4376,1.72707718876e-10
105.4476,1.33675654908e-10
105.4576,4.26885172577e-10
105.4676,3.19332854251e-10
105.4776,-2.12238165175e-10
105.4876,-2.48152387186e-10
105.4976,1.17663709095e-10
105.5076,-3.44902247305e-12
105.5176,3.02603274663e-10
105.5276,6.26776418541e-11
105.5376,3.38291724062e-10
105.5476,1.2822623645e-10
105.5576,7.03107473218e-11
105.5676,-5.61800479451e-10
105.5776,3.43728190289e-10
105.5876,3.91847899602e-10
105.5976,5.18796181081e-11
105.6076,-2.34490669316e-10
105.6176,2.18956391774e-10
105.6276,1.59340953005e-10
105.6376,1.27636757039e-10
105.6476,3.74413878846e-10
105.6576,-2.87207942251e-10
105.6676,-4.36088496634e-10
105.6776,5.60405802356e-10
105.6876,-1.16211140998e-10
105.6976,-1.95756673181e-10
105.7076,2.55572855997e-10
105.7176,-1.01899202753e-10
105.7276,6.31859937555e-11
105.7376,1.64423550209e-10
105.7476,2.06542169112e-10
105.7576,-2.77277131112e-10
105.7676,-1.41827043337e-10
105.7776,-1.47305294529e-10
105.7876,-4.24504674705e-10
105.7976,-1.00599846132e-10
105.8076,7.33767001052e-10
105.8176,-1.71948082157e-10
105.8276,-2.73023569728e-10
105.8376,-3.77817560783e-11
105.8476,3.77270459129e-10
105.8576,5.16551573559e-11
105.8676,-2.74682574683e-10
105.8776,6.6396205511e-10
105.8876,2.97765782126e-10
105.8976,-1.48555854643e-10
105.9076,-3.44376934551e-11
105.9176,-1.39000591102e-10
105.9276,5.27720359699e-10
105.9376,-2.48145941417e-10
105.9476,1.93957888937e-10
105.9576,6.50521049772e-10
105.9676,1.92750756437e-11
105.9776,1.57573252549e-10
105.9876,7.94511454209e-11
105.9976,-1.19274861517e-10
106.0076,5.20777155738e-12
106.0176,-1.40869746219e-10
106.0276,5.04788770312e-11
106.0376,1.11645219676e-10
106.0476,3.29582816032e-10
106.0576,1.06321264262e-10
106.0676,2.94831033258e-11
106.0776,2.04092901696e-10
106.0876,4.26182378592e-10
106.0976,-3.14115679419e-11
106.1076,-1.87515240052e-10
106.1176,-1.08917323247e-10
106.1276,-1.88631576929e-11
106.1376,2.7391987243e-10
106.1476,2.44982791726e-10
106.1576,-4.09780242631e-12
106.1676,9.5161181204e-11
106.1776,-1.45453365951e-10
