8.60546673827e-07,91.0376
8.63150752663e-07,91.2676
8.52694490347e-07,91.0376
8.48576328832e-07,91.1876
8.6784427436e-07,91.2876
8.52891231691e-07,91.2976
8.58016553403e-07,91.2076
8.64338322209e-07,91.0076
8.47627502503e-07,91.1776
8.60029040101e-07,91.2176
8.45758788577e-07,91.1376
8.64342409876e-07,91.2676
8.7117425872e-07,91.0576
8.62586802524e-07,91.1176
8.45247829262e-07,91.1176
8.54692046428e-07,91.4076
8.50571882115e-07,91.3376
8.53825682722e-07,91.2776
8.49707900133e-07,91.1476
8.48741524078e-07,91.1876
8.40094416411e-07,91.1076
8.50132545148e-07,91.1576
8.51994797082e-07,91.2876
8.57479478474e-07,91.2476
8.48428950196e-07,91.2376
8.47144375445e-07,91.3276
8.41326338567e-07,91.1276
8.45606744238e-07,91.4076
8.44558149973e-07,91.1776
8.41797715357e-07,91.0376
8.50371323216e-07,91.1376
8.49230875213e-07,91.3176
8.47894924286e-07,91.2176
8.48485509926e-07,91.1276
8.60865676241e-07,91.2376
8.64376050515e-07,91.1576
8.43318200609e-07,91.3576
8.62576980668e-07,91.1676
8.52966998974e-07,91.2076
8.44577694718e-07,91.2676
8.60273800831e-07,91.2676
8.42543146535e-07,91.2776
8.61436712256e-07,91.2076
8.54018302455e-07,91.1976
8.45851808415e-07,91.2376
8.73567631298e-07,91.2076
8.79373769876e-07,91.2276
8.71944419046e-07,91.1976
8.66618518802e-07,91.1876
8.40468460192e-07,91.2376
8.52600471003e-07,91.1976
8.48340917894e-07,91.2676
8.49894508872e-07,91.3276
8.60161041901e-07,91.1876
8.38632079289e-07,91.1976
8.58315854764e-07,91.1076
8.51618947136e-07,91.1176
8.4873002073e-07,91.3476
8.80374721991e-07,91.2376
8.45272575975e-07,91.2276
8.64984488766e-07,91.2576
8.55054676446e-07,91.1776
8.54859181156e-07,91.2876
8.55976806641e-07,91.1676
8.5060083501e-07,91.1876
8.61843998858e-07,91.3376
8.54559101048e-07,91.2876
8.69936106771e-07,91.1476
8.53756527839e-07,91.2976
8.49750963516e-07,91.3276
8.54877835071e-07,91.1676
8.55833658823e-07,91.2376
8.65575182511e-07,91.1076
8.74070477085e-07,91.1476
8.44485434283e-07,91.1076
8.55879027748e-07,91.2676
8.51444689602e-07,91.2276
8.56615182652e-07,91.2976
8.58569060473e-07,91.2276
8.70806453228e-07,91.1576
8.47074198177e-07,91.1776
8.62035532108e-07,91.1776
8.45107689322e-07,91.1676
8.3867783014e-07,91.2476
8.47780471641e-07,91.1176
8.45072722427e-07,91.3976
8.51720039235e-07,91.2676
8.47294090034e-07,91.2176
8.58891413671e-07,91.0176
8.60747201882e-07,91.2076
8.55928261482e-07,91.2376
8.45149511691e-07,91.3776
8.4471417468e-07,91.2476
8.64111345084e-07,91.1476
8.60696383701e-07,91.1676
8.54381678703e-07,91.3676
8.61142969192e-07,91.2776
8.57984198623e-07,91.2376
8.47210906187e-07,91.1076
8.53330586861e-07,91.3176
8.72552099383e-07,91.2776
8.46984412941e-07,91.1376
8.52786927419e-07,91.1576
8.41441191538e-07,91.2676
8.58568921041e-07,91.2176
8.40666558221e-07,91.1676
8.39223633856e-07,91.0476
8.41676965988e-07,91.2676
8.40835171113e-07,91.2376
8.50062226627e-07,91.0876
8.4694739213e-07,91.2576
8.44772953862e-07,91.1776
8.53001839053e-07,91.1976
8.53498641935e-07,91.1776
8.46480740826e-07,91.1876
8.42629314642e-07,91.1376
8.48669248119e-07,91.2576
8.54992665625e-07,91.2776
8.62101263197e-07,91.2476
8.5874070629e-07,91.3776
8.63830918459e-07,91.2176
8.56997179843e-07,91.1676
8.44419692891e-07,91.1776
8.75099122314e-07,91.1376
8.39660215824e-07,91.1176
8.57304999427e-07,91.3076
8.48696068634e-07,91.3576
8.51744339693e-07,91.2176
8.48850481394e-07,91.1776
8.52292496581e-07,91.0876
8.68696868729e-07,91.2276
8.81611133933e-07,91.1876
8.48073737064e-07,91.1576
8.51180726381e-07,91.3876
8.41052363168e-07,91.3876
8.45522766077e-07,91.3176
8.60879713177e-07,91.1576
8.48326405493e-07,91.0676
8.50235880803e-07,91.2776
8.41915630831e-07,90.9276
8.4608440593e-07,91.1176
8.55122755663e-07,91.3076
8.53674608782e-07,91.0976
8.54691507808e-07,91.0476
8.60716562763e-07,91.1476
8.42370879591e-07,91.2276
8.54818163597e-07,91.2476
8.42312299253e-07,91.2376
8.44277328943e-07,91.1776
8.5070704699e-07,90.9876
8.49422967449e-07,91.2476
8.61342317187e-07,91.2576
8.47883760916e-07,91.2676
8.48148678587e-07,91.1776
8.44487331699e-07,91.2276
8.43689355333e-07,91.3476
8.54572094165e-07,91.2676
8.45365344437e-07,91.4076
8.42495111476e-07,91.2776
8.55047969502e-07,91.1876
8.56749878409e-07,91.2476
8.52580973019e-07,91.3176
8.47884109888e-07,91.3376
8.53071591077e-07,91.3076
8.47560532153e-07,91.1376
8.34764002128e-07,91.2976
8.61600945814e-07,91.2276
8.38235539584e-07,91.1776
8.58217801592e-07,91.1276
8.56607874925e-07,91.2776
8.4064731484e-07,91.2376
8.42114174484e-07,91.2876
8.71691507259e-07,91.1276
8.59987183515e-07,91.3476
8.66666698521e-07,91.2176
8.48866464415e-07,91.1276
8.47177775704e-07,91.3176
8.60487645944e-07,91.2576
8.35540645637e-07,91.3676
8.59507864963e-07,91.1276
8.5438223697e-07,91.2876
8.89304705516e-07,91.2976
8.56877001851e-07,91.2976
8.52091469548e-07,91.3476
8.43624922208e-07,91.0876
8.54886895039e-07,91.2576
8.73131190646e-07,91.1676
8.45748738082e-07,91.1576
8.59050328872e-07,91.3076
8.53086631778e-07,91.2776
8.34631399288e-07,91.1076
8.53905809147e-07,91.1776
8.46468829668e-07,91.1476
8.40811069956e-07,91.1776
8.49282288313e-07,91.3376
8.44186785728e-07,91.2376
8.46842660209e-07,91.2876
8.4450403069e-07,91.0776
8.44533949895e-07,91.1376
8.47876936677e-07,91.1576
8.55827159896e-07,91.1476
8.40766578701e-07,91.3076
8.62032002727e-07,91.1676
8.45430799863e-07,91.1876
8.45141924436e-07,91.2076
8.50252015013e-07,91.1976
8.54486954567e-07,91.2676
8.72095559079e-07,91.2176
8.55136740404e-07,91.2376
8.81274261113e-07,91.1576
8.53991014675e-07,91.3176
8.50930801974e-07,91.1076
8.60959308764e-07,91.2576
8.44029879334e-07,91.1776
8.45834022116e-07,91.1176
8.59086883408e-07,91.3376
8.50679580924e-07,91.0476
8.6322160732e-07,91.2276
8.47599701708e-07,91.3276
8.50023107538e-07,91.1976
8.76297668162e-07,91.1376
8.53239864597e-07,91.2176
8.29961293194e-07,91.2176
8.50111657304e-07,91.1576
8.51732401388e-07,91.2576
8.44118109086e-07,91.3876
8.61823317998e-07,91.1976
8.47581706593e-07,91.1976
8.40563161207e-07,91.1076
8.51491894078e-07,91.0476
8.43591146497e-07,91.1176
8.47344341225e-07,91.0576
8.55416962953e-07,91.0676
8.62471735506e-07,91.1076
8.35482717867e-07,91.1276
8.53675872869e-07,91.3076
8.56450416583e-07,91.2976
8.55293474282e-07,91.2676
8.46577994623e-07,91.2176
8.45509265758e-07,91.3776
8.65641063354e-07,91.1876
8.62911887018e-07,91.1476
8.52286496951e-07,91.3276
8.48864286013e-07,91.3976
8.74733183224e-07,91.2076
8.36681511305e-07,91.2176
8.49532834719e-07,91.2776
8.5385012691e-07,91.1076
8.48564772983e-07,91.2076
8.56316692471e-07,91.3476
8.53148308305e-07,91.2776
8.46131098475e-07,91.2776
8.44117630918e-07,91.1476
8.55476903775e-07,91.3276
8.63375074249e-07,91.1776
8.48191766156e-07,91.3376
8.54593085157e-07,91.1476
8.44904789822e-07,91.0676
8.45107875993e-07,91.3676
8.61085008183e-07,91.1276
8.63269432423e-07,91.1476
8.42262474589e-07,91.0576
8.54866419554e-07,91.1876
8.56182238011e-07,91.0476
8.53957300159e-07,91.3376
8.5579960813e-07,91.1776
8.50600391524e-07,91.0776
8.61390723937e-07,91.2276
8.41135702875e-07,91.2776
8.54442916419e-07,91.0876
8.54229467304e-07,91.2476
8.45167191166e-07,91.1076
8.52140686103e-07,91.2176
8.4745297213e-07,91.1276
8.610994604e-07,91.1676
8.62867613838e-07,91.2976
8.43270409863e-07,91.3776
8.53113545359e-07,91.1076
8.58162044325e-07,91.1376
8.55791092265e-07,91.1176
8.5432341651e-07,91.3576
8.60232299227e-07,91.0976
8.42149436451e-07,91.1376
8.51119456073e-07,91.1776
8.58003972962e-07,91.2776
8.72968698932e-07,91.1776
8.58806286983e-07,91.1276
8.55819267783e-07,91.1476
8.55700363087e-07,91.0876
8.63620803113e-07,91.1876
8.4770064416e-07,91.3776
8.59397680216e-07,91.2776
8.55812492804e-07,91.2376
8.50874235094e-07,91.1676
8.59992369258e-07,91.2076
8.55427394235e-07,91.3176
8.67283504347e-07,91.2276
8.58961925872e-07,91.2076
8.73173551853e-07,91.2476
8.53818617119e-07,91.3476
8.50771826895e-07,91.2076
8.3458806123e-07,91.0976
8.53516872544e-07,91.2176
8.49308209698e-07,91.2876
8.50396795345e-07,91.2576
8.43449100577e-07,91.3276
8.53889885976e-07,91.2076
8.36587740146e-07,91.1476
8.5445390232e-07,91.1876
8.52513707292e-07,91.2176
8.50235837088e-07,91.1976
8.45916577509e-07,91.1376
8.55101991557e-07,91.2976
8.43011215757e-07,91.1976
8.74053226649e-07,91.1576
8.6327002194e-07,91.2076
8.48842300137e-07,91.2776
8.40951549586e-07,91.0576
8.60666783661e-07,91.2176
8.58877205489e-07,91.2976
8.51126981912e-07,91.3076
8.527663495e-07,91.2376
8.69692023325e-07,91.3176
8.57410939478e-07,91.2676
8.42202867127e-07,91.1976
8.50290892564e-07,91.1676
8.48817931777e-07,91.1076
8.49296105055e-07,91.1576
8.51461987515e-07,91.2676
8.51971840406e-07,91.2276
8.58683216599e-07,91.0976
8.43470727923e-07,91.2176
8.51380109749e-07,91.1976
8.59217456443e-07,91.2676
8.42977943189e-07,91.1976
8.38712448414e-07,91.1876
8.37477229156e-07,91.0876
8.57551841746e-07,91.3876
8.35887747106e-07,91.3276
8.63091950695e-07,91.2676
8.5446715894e-07,91.2176
8.44753021291e-07,91.2276
8.41552854105e-07,91.2776
8.55568441888e-07,91.1176
8.41196423797e-07,91.1376
8.68981681045e-07,91.1976
8.57966942686e-07,91.1976
8.50318132251e-07,91.2776
8.49811013575e-07,91.3576
8.41171755424e-07,91.2976
8.47182984315e-07,91.2676
8.44251243713e-07,91.2176
8.4993629996e-07,91.2676
8.53850374188e-07,91.1876
8.54411496369e-07,91.1176
8.50857239159e-07,91.2376
8.50617294169e-07,91.1476
8.57002845344e-07,91.1876
8.59312343645e-07,91.2476
8.52627696577e-07,91.2776
8.48105013327e-07,91.1576
8.39188017098e-07,91.1576
8.74636103581e-07,91.2076
8.51553949149e-07,91.2276
8.50194731698e-07,91.2476
8.4234496854e-07,91.1176
8.63354123216e-07,91.2176
8.59980661491e-07,91.3676
8.36544015467e-07,91.2976
8.46949317263e-07,90.9676
8.37337974193e-07,91.2876
8.5475988106e-07,91.2676
8.4592247575e-07,91.1776
8.50062857332e-07,91.2076
8.64328583839e-07,91.2476
8.61185774571e-07,91.2276
8.48863662811e-07,91.0376
8.5325385745e-07,91.2176
8.50444425851e-07,91.2176
8.49780853857e-07,91.1376
8.43239440398e-07,91.2876
8.5252669145e-07,91.2376
8.66524931528e-07,91.2276
8.43675221277e-07,91.1376
8.67738571156e-07,91.1676
8.53982582553e-07,91.1676
8.46676382284e-07,91.0976
8.59794370133e-07,91.1976
8.53434680419e-07,91.0576
8.50704055031e-07,91.0276
8.63885834531e-07,91.1676
8.58022948693e-07,91.0576
8.65106208005e-07,91.2576
8.51143784502e-07,91.1776
8.58054889113e-07,91.0876
8.40717310632e-07,91.0376
8.51892892051e-07,91.3076
8.61122756606e-07,91.2276
8.67726552969e-07,91.2476
8.49666351973e-07,91.1976
8.44311903731e-07,91.2276
8.39424291145e-07,91.0476
8.49597018985e-07,91.2176
8.52065916853e-07,91.1576
8.56414708143e-07,91.1876
8.47651875152e-07,91.2676
8.6571774488e-07,91.1776
8.77872446992e-07,91.1276
8.42554544971e-07,91.0676
8.42832108677e-07,91.1876
8.35939660627e-07,91.3176
8.62468248366e-07,91.1776
8.47902017202e-07,91.2876
8.55278149513e-07,91.1376
8.5649822248e-07,91.1876
8.55058736136e-07,91.1376
8.51206518847e-07,91.2476
8.34568258019e-07,91.3176
8.54271285234e-07,91.2476
8.56507354612e-07,91.1376
8.68198081036e-07,91.1376
8.52004762629e-07,91.2076
8.5108491082e-07,91.1976
8.510918487e-07,91.2076
8.47753858757e-07,91.1476
8.49851998429e-07,91.2676
8.62812674465e-07,91.0976
8.45019505265e-07,91.1876
8.53571752712e-07,91.2476
8.66686076705e-07,91.1576
8.40352363845e-07,91.1276
8.5927821014e-07,91.2676
8.76322987982e-07,91.0476
8.46973850087e-07,91.2476
8.52158273019e-07,91.1876
8.58686888363e-07,91.2976
8.45074981584e-07,91.2576
8.35984429695e-07,91.2576
8.39458860786e-07,91.0676
8.5208063276e-07,91.1776
8.45424214268e-07,91.2876
8.59115008743e-07,91.1876
8.57385278087e-07,91.0876
8.5691727666e-07,91.3576
8.46056512109e-07,91.2276
8.41236450347e-07,91.2176
8.58879990769e-07,91.0776
8.73078320527e-07,91.2476
8.54697514006e-07,91.2176
8.61192973682e-07,91.2476
8.53871330669e-07,91.2176
8.46515863045e-07,91.2476
8.55625737509e-07,91.0376
8.47170103948e-07,91.1476
8.45828638416e-07,91.1176
8.6728591252e-07,91.2576
8.56081157295e-07,91.2176
8.599478748e-07,91.0776
8.50975871792e-07,91.1276
8.65290296428e-07,91.2476
8.66631476218e-07,91.3376
8.50028140664e-07,91.2076
8.45230767757e-07,91.0176
8.40839689601e-07,91.3276
8.63775907998e-07,91.1776
8.49336648707e-07,91.2476
8.86701103046e-07,91.1676
8.43227250567e-07,91.1876
8.52133461738e-07,91.3576
8.48615301212e-07,91.1976
8.68292720377e-07,91.1876
8.4769269197e-07,91.2676
8.44524525045e-07,91.1776
8.49279642905e-07,91.1276
8.46655089378e-07,91.3476
8.57488744378e-07,91.2376
8.59404721355e-07,91.2176
8.3927917757e-07,91.0676
8.44266935694e-07,91.2176
8.58724843209e-07,91.1776
8.5635269254e-07,91.2076
8.68579070179e-07,91.1876
8.52768160941e-07,91.2376
8.57082965008e-07,91.3076
8.46794468274e-07,91.1676
8.44109024501e-07,91.2576
8.42758428677e-07,91.2076
8.68225767215e-07,91.1776
8.51060784499e-07,91.0876
8.55448056134e-07,91.2376
8.46113800633e-07,91.2576
8.46242492177e-07,91.0376
8.55505757838e-07,91.3076
8.44814178738e-07,91.1476
8.6161890832e-07,91.3476
8.70642304346e-07,91.1976
8.4401757629e-07,91.2776
8.43325099847e-07,91.0476
8.39916568186e-07,91.1676
8.6979668115e-07,91.1476
8.45621358322e-07,91.3176
8.49840848587e-07,91.3276
8.3979053771e-07,91.2876
8.50647277697e-07,91.2476
8.46513541384e-07,91.2676
8.40089171012e-07,91.2776
8.72529649092e-07,91.1176
8.59467875774e-07,91.2776
8.46129111016e-07,91.2076
8.52526457598e-07,91.2076
8.43321739426e-07,91.1176
8.62562749771e-07,91.2376
8.65794556213e-07,91.2876
8.50957393641e-07,91.1776
8.42700920581e-07,91.1976
8.8660925992e-07,91.1876
8.51923539582e-07,91.1276
8.55340785948e-07,91.0776
8.69022644078e-07,91.1576
8.48572080597e-07,91.2876
8.58823749979e-07,91.1976
8.46512184416e-07,91.1576
8.62918877707e-07,91.0276
8.64493828793e-07,91.1076
8.57657244838e-07,91.1476
8.30785429757e-07,91.2576
8.46128023584e-07,91.2276
8.41227558044e-07,91.1876
8.43448857689e-07,91.2076
8.52188695804e-07,91.1376
8.53018475728e-07,91.3876
8.50715710672e-07,91.1876
8.5425221335e-07,91.2376
8.51244944122e-07,91.1576
8.48713732835e-07,91.3276
8.72676281759e-07,91.1676
8.48032378356e-07,91.0976
8.40947231824e-07,91.2776
8.51561746128e-07,91.1276
8.47703366527e-07,91.2176
8.72689972666e-07,91.1576
8.47167281742e-07,91.2076
8.53461111948e-07,91.2276
8.5893267323e-07,91.2476
8.47347389429e-07,91.2676
8.51511940143e-07,91.2676
8.49097533206e-07,91.1876
8.61538080305e-07,91.2676
8.51174741909e-07,91.2676
8.56583896158e-07,91.1976
8.43956676122e-07,91.2776
8.49043201817e-07,91.0676
8.48800285735e-07,91.2376
8.5953962524e-07,91.2976
8.59228421027e-07,91.3176
8.39745525294e-07,91.2076
8.5294183494e-07,91.2676
8.50009417191e-07,91.2276
8.58299577149e-07,91.2076
8.48825754365e-07,91.2076
8.54860317387e-07,91.1776
8.58712985762e-07,91.2976
8.44406739602e-07,91.1876
8.57131932534e-07,91.0776
8.51283254097e-07,91.3076
8.63776876352e-07,91.2176
8.48334623508e-07,91.1576
8.52359228766e-07,91.1376
8.51575732145e-07,91.1676
8.43587664864e-07,91.1276
8.48045357592e-07,91.1876
8.40809452879e-07,91.0776
8.60529772954e-07,91.1776
8.61950050769e-07,91.1476
8.57028285617e-07,91.0676
8.54133368725e-07,91.1976
8.75666428503e-07,91.2876
8.47476490015e-07,91.1176
8.51231138566e-07,91.0276
8.51050616101e-07,91.2176
8.48411814682e-07,91.2776
8.38977796811e-07,91.2876
8.39955279931e-07,91.1876
8.43183554511e-07,91.2576
8.45453991425e-07,91.2676
8.43673255556e-07,91.0476
8.36124113805e-07,91.0776
8.45235097686e-07,90.9876
8.39568877518e-07,91.1776
8.54561360916e-07,91.1776
8.51836041682e-07,91.1176
8.48380407681e-07,91.1476
8.41363416555e-07,91.1876
8.59294320636e-07,91.0876
8.46779430345e-07,91.1376
8.3934676909e-07,91.1876
8.48127889735e-07,91.1876
8.6861739494e-07,91.2976
8.50445688597e-07,91.1576
8.48236563063e-07,91.1676
8.5314494508e-07,91.1876
8.480642141e-07,91.1176
8.43177390229e-07,91.2776
8.55390574696e-07,91.2676
8.40741959839e-07,91.3076
8.53244825987e-07,91.2876
8.53897542707e-07,91.1376
8.49224347731e-07,91.1376
8.55904711009e-07,91.1476
8.35105519991e-07,91.3076
8.51188464029e-07,91.1176
8.4522546697e-07,91.2276
8.61835720682e-07,91.2176
8.53935445574e-07,91.2076
8.85368464931e-07,91.2676
8.43737388935e-07,91.3776
8.53882952532e-07,91.2176
8.59347796883e-07,91.1476
8.54855551865e-07,91.2776
8.36546009056e-07,91.2676
8.45753225031e-07,91.0776
8.50610826368e-07,91.4576
8.549547189e-07,91.1676
8.67629741859e-07,91.0776
8.52732545288e-07,91.3176
8.43955438133e-07,91.0176
8.59228824693e-07,91.2376
8.42585175551e-07,91.3776
8.48511101952e-07,91.2276
8.43917028256e-07,91.2376
8.74447945455e-07,91.2076
8.63267055747e-07,91.2076
8.59681994792e-07,91.3776
8.70269957315e-07,91.3076
8.51370730989e-07,91.2876
8.52706766346e-07,91.0676
8.56110112613e-07,91.1876
8.48021294385e-07,91.2576
8.58889097076e-07,91.0776
8.55078609713e-07,91.2776
8.56007328369e-07,91.2576
8.60167607093e-07,91.2376
8.52556369673e-07,91.0876
8.41196869337e-07,91.3076
8.51236618495e-07,91.2176
8.50881849309e-07,91.1776
8.49739125329e-07,91.3876
8.52786487716e-07,91.0876
8.58255610039e-07,91.3276
8.54789266067e-07,91.2676
8.33967699428e-07,91.0476
8.44227153847e-07,91.1976
8.57120985985e-07,91.1876
8.46928675034e-07,91.0276
8.56276583431e-07,91.0276
8.56807785722e-07,91.0976
8.58787007064e-07,91.2076
8.56946926308e-07,91.2376
8.45530528518e-07,91.1276
8.58906910974e-07,91.3176
8.56968850828e-07,91.1676
8.47718637441e-07,91.3076
8.54123381031e-07,91.2376
8.39568614153e-07,91.1376
8.56437438841e-07,91.2676
8.46440604764e-07,91.2476
8.47628025154e-07,91.2776
8.46891431092e-07,91.2676
8.51597010386e-07,91.2376
8.52437541661e-07,91.1476
8.50048655892e-07,91.2576
8.39031408016e-07,91.1276
8.49514019388e-07,91.2976
8.55514524023e-07,91.2776
8.49006374583e-07,91.2276
8.62279931765e-07,91.1976
8.49116372575e-07,91.1876
8.5814104944e-07,91.2176
8.54262970219e-07,91.2976
8.45983323513e-07,91.3776
8.51424304866e-07,91.2676
8.44756048668e-07,91.1276
8.47856617388e-07,91.2476
8.42056342416e-07,91.0376
8.47524121016e-07,91.1876
8.63039689926e-07,91.2276
8.37876984253e-07,91.2176
8.6114658602e-07,91.1176
8.42010209453e-07,91.3276
8.49399963439e-07,91.4476
8.38440466219e-07,91.1776
8.56442928889e-07,91.2676
8.47177790557e-07,91.1476
8.48207178776e-07,91.1676
8.75035545339e-07,91.2276
8.53485217293e-07,91.0176
8.4458456437e-07,91.1276
8.61586272863e-07,91.1976
8.57536554519e-07,91.2476
8.5498154573e-07,91.1776
8.46922707071e-07,91.3076
8.52020312478e-07,91.1976
8.4093758699e-07,91.3576
8.42919377389e-07,91.1776
8.47262795402e-07,91.2076
8.63332531911e-07,91.2676
8.61721719201e-07,91.2076
8.37671958186e-07,91.0776
8.56971010521e-07,91.2376
8.47386060288e-07,91.1176
8.45272114953e-07,91.2376
8.52218802211e-07,91.2176
8.69776436838e-07,91.2376
8.51109955951e-07,91.2776
8.42775541647e-07,91.1976
8.48036022139e-07,91.2676
8.42395523129e-07,91.0976
8.40995073962e-07,91.1976
8.49433001531e-07,91.3076
8.64117705966e-07,91.1076
8.55086880393e-07,91.1676
8.65352430672e-07,91.1576
8.85992520233e-07,91.2176
8.47125707446e-07,90.9976
8.58264423527e-07,91.3076
8.54354496658e-07,91.3376
8.57805911649e-07,91.2276
8.57283689806e-07,91.0876
8.57009148073e-07,91.1276
8.38869364637e-07,91.2076
8.58434767324e-07,91.3376
8.45167508034e-07,91.1876
8.51477030351e-07,91.2676
8.59344449233e-07,91.3776
8.52658659373e-07,91.2176
8.53638413262e-07,91.1676
8.49902212167e-07,91.1476
8.56281721289e-07,91.1076
8.57201027437e-07,91.1676
8.3549403155e-07,91.1576
8.51436654793e-07,90.9776
8.61119911641e-07,91.2276
8.67378968749e-07,91.1376
8.5098812126e-07,91.3376
8.38288433686e-07,91.3176
8.40374921288e-07,91.1476
8.40417077697e-07,91.0576
8.58500825209e-07,91.2176
8.57438948315e-07,91.2876
8.6371831751e-07,91.1676
8.54373129753e-07,91.3076
8.36940259926e-07,91.4376
8.42180774437e-07,91.3476
8.58129719643e-07,91.1476
8.55401574551e-07,91.1276
8.57191007268e-07,91.0676
8.6411374192e-07,91.1176
8.5618194345e-07,91.2176
8.55864848867e-07,91.0976
8.63204970479e-07,91.0776
8.46343470155e-07,91.1276
8.66988385099e-07,91.2876
8.63496597426e-07,91.0576
8.46230750997e-07,91.2776
8.49370118099e-07,91.2376
8.52998943413e-07,91.2776
8.47520432049e-07,91.2376
8.55683459118e-07,91.1576
8.57893822471e-07,91.2476
8.75393594425e-07,91.2176
8.56827333384e-07,91.1976
8.44918596425e-07,91.0376
8.57820198578e-07,91.1876
8.57667835062e-07,91.1776
8.56727478674e-07,91.2076
8.53592058981e-07,91.0576
8.55319998823e-07,91.2576
8.46296885737e-07,91.2176
8.56776223208e-07,91.1176
8.41318455202e-07,91.2976
8.46896436529e-07,91.1176
8.77005719245e-07,91.1876
8.42096290926e-07,91.1976
8.35239724346e-07,91.1276
8.50419829737e-07,91.1276
8.4139740771e-07,91.2976
8.65729281103e-07,91.2376
8.5065090767e-07,91.1276
8.53869638796e-07,91.2376
8.70245268344e-07,91.2576
8.30015802961e-07,91.2876
8.41884727946e-07,91.1376
8.57805868767e-07,91.2676
8.55818450521e-07,91.2776
8.58538883439e-07,91.2376
8.59681045881e-07,91.2576
8.72306813416e-07,91.1676
8.51579889102e-07,91.1376
8.77623172019e-07,91.1776
8.48052661253e-07,91.0676
8.51804899051e-07,91.2176
8.55216611176e-07,91.3276
8.56564163521e-07,91.1376
8.63104028009e-07,91.1976
8.54786811282e-07,91.2576
8.46461430572e-07,91.1876
8.44771415146e-07,91.3676
8.49642299972e-07,91.2176
8.42056247569e-07,91.1376
8.56427822401e-07,91.2476
8.42983353272e-07,91.2676
8.41450512603e-07,91.2376
8.51393923163e-07,91.0476
8.47584043655e-07,91.3276
8.76525376844e-07,91.1776
8.50186825244e-07,91.3576
8.75815263311e-07,91.2876
8.60129231924e-07,91.3476
8.5056012438e-07,91.0476
8.46349095195e-07,91.0676
8.48255700771e-07,91.2976
8.5420179117e-07,91.1676
8.44019174723e-07,91.2276
8.51816910206e-07,91.1576
8.51897204943e-07,91.0476
8.54029667966e-07,91.1376
8.49262551207e-07,91.1776
8.46656875508e-07,91.3076
8.48496250549e-07,91.2076
8.57980611314e-07,91.1476
8.47433053415e-07,91.1776
8.52568719979e-07,91.3776
8.51668477701e-07,91.2676
8.45468831462e-07,91.3876
8.40301653351e-07,91.3676
8.67611302391e-07,91.3076
8.42565421646e-07,91.2376
8.56736638523e-07,91.1576
8.55429740663e-07,91.1676
8.50148730723e-07,91.1376
8.4368151913e-07,91.2876
8.45127715866e-07,91.0876
8.62929296245e-07,91.2976
8.45847955889e-07,91.2076
8.59507967575e-07,91.3376
8.51423278632e-07,91.2376
8.49128598566e-07,91.0676
8.50759727802e-07,91.1476
8.52888219224e-07,91.1676
8.38774409791e-07,91.2676
8.5077730496e-07,91.1776
8.46316179259e-07,91.1776
8.48787244255e-07,91.1776
8.4590903438e-07,91.2176
8.64391798599e-07,91.3076
8.57804097249e-07,91.1576
8.54530732515e-07,91.1676
8.55378440395e-07,91.2976
8.44989512412e-07,91.1076
8.4195650651e-07,91.1176
8.50125151001e-07,91.2276
8.39949182449e-07,91.2676
8.50632839376e-07,91.1276
8.59463533247e-07,91.3376
8.56675560278e-07,91.2076
8.5669037753e-07,91.3276
8.60640152496e-07,91.1076
8.46774055868e-07,91.2576
8.49613962016e-07,91.2776
8.44452264416e-07,91.0876
8.54645712121e-07,91.2576
8.6506119419e-07,91.1676
8.41499161341e-07,91.2076
8.54095324234e-07,91.1776
8.6054495887e-07,91.1476
8.54048823282e-07,91.1576
8.59832534384e-07,91.3176
8.47664103659e-07,91.2176
8.42072547422e-07,91.1476
8.55088271841e-07,91.1576
8.69321213779e-07,91.3976
8.48232794229e-07,91.3376
8.5219455691e-07,91.3676
8.4708983097e-07,91.0876
8.44978999331e-07,91.2376
8.5438222099e-07,91.2076
8.44661436658e-07,91.2076
8.58307506066e-07,91.2076
8.47650923027e-07,91.2876
8.54372095498e-07,91.2476
8.42005906589e-07,91.3076
8.61272778521e-07,91.1876
8.66307392729e-07,91.3576
8.43542790805e-07,91.1976
8.50151101651e-07,91.1976
8.54185223386e-07,91.0476
8.51806743079e-07,91.2176
8.55254576564e-07,91.2176
8.54284132335e-07,91.1576
8.45254195301e-07,91.2876
8.61455705702e-07,91.2776
8.53860263487e-07,91.0976
8.64320382993e-07,91.1376
8.57132468396e-07,91.4076
8.58947869539e-07,91.3276
8.51434126139e-07,91.2176
8.67922665844e-07,91.1876
8.52313246484e-07,91.2076
8.60545592222e-07,91.1176
8.58795081807e-07,91.1976
8.43956912613e-07,91.2976
8.62660350537e-07,91.0976
8.5750518091e-07,91.1476
8.53829820073e-07,91.1676
8.56290745634e-07,91.1576
8.63922892763e-07,91.2476
8.54978303393e-07,91.2576
8.54157409367e-07,91.1276
8.55994845484e-07,91.1076
8.4836855424e-07,91.1876
8.3966374353e-07,91.1276
8.73112743695e-07,91.1576
8.51375328364e-07,91.2176
8.34937106993e-07,91.2776
8.47562262548e-07,91.1376
8.54168814099e-07,91.2176
8.52195066215e-07,91.2176
8.49381320455e-07,91.1776
8.44750121683e-07,91.2776
8.49567381965e-07,91.2676
8.54609630751e-07,91.2376
8.54556310315e-07,91.2976
8.54673722088e-07,91.1376
8.49728292899e-07,91.1176
8.52753202716e-07,91.1776
8.46017940214e-07,91.2576
8.60619304958e-07,91.1276
8.51377369758e-07,91.1576
8.39734457796e-07,91.0576
8.564029116e-07,91.1076
8.66274304865e-07,91.3076
8.41434867343e-07,91.1976
8.58129391523e-07,91.1076
8.62380204253e-07,91.2376
8.67501256396e-07,91.2376
8.47362045311e-07,91.0276
8.46606226798e-07,91.1476
8.7086728755e-07,91.2776
8.40923461012e-07,91.0876
8.36748814232e-07,91.3176
8.50546730379e-07,91.1376
8.357613489e-07,91.1276
8.52479879976e-07,91.3576
8.39949678867e-07,91.1876
8.48595015229e-07,91.1676
8.48309316016e-07,91.2776
8.50917806762e-07,91.2676
8.5224359493e-07,91.4176
8.43778886729e-07,91.2876
8.51971339554e-07,91.1276
8.68013840707e-07,91.2576
8.6230699328e-07,91.0876
8.67300635518e-07,91.3176
8.60102471293e-07,91.0476
8.62541341188e-07,91.2776
8.43157416507e-07,91.1176
8.48403601582e-07,91.2476
8.62589259864e-07,91.1776
8.42339513307e-07,91.2476
8.43586960387e-07,91.1976
8.35554375042e-07,91.1276
8.42540548728e-07,91.3376
8.43404954872e-07,91.3476
8.43046640331e-07,91.1876
8.50598678839e-07,91.1976
8.553590895e-07,91.2176
8.64049048467e-07,91.3176
8.58045141883e-07,91.1876
8.61250458805e-07,91.0076
8.56374880541e-07,91.2076
8.52781493409e-07,91.3676
8.78495314951e-07,91.1476
8.40470260336e-07,91.2476
8.43821839096e-07,91.2476
8.64348867102e-07,91.3176
8.61258134262e-07,91.3076
8.50188628408e-07,91.0476
8.41803020141e-07,91.0876
8.5027065488e-07,90.9676
8.5522523673e-07,91.2976
8.52684846128e-07,91.1876
8.55197994762e-07,91.1976
8.42563376978e-07,91.2176
8.40067136166e-07,91.1476
8.71979464925e-07,91.2776
8.58687578066e-07,91.2676
8.43529893813e-07,91.2976
8.43387449201e-07,91.0276
8.55586731351e-07,91.3476
8.50951843267e-07,91.2176