76.1876,1.15846437448e-08
76.1976,1.15895728033e-08
76.2076,1.15945164497e-08
76.2176,1.1599474721e-08
76.2276,1.16044476539e-08
76.2376,1.16094352857e-08
76.2476,1.16144376533e-08
76.2576,1.16194547943e-08
76.2676,1.1624486746e-08
76.2776,1.16295335459e-08
76.2876,1.16345952318e-08
76.2976,1.16396718414e-08
76.3076,1.16447634128e-08
76.3176,1.16498699839e-08
76.3276,1.16549915931e-08
76.3376,1.16601282785e-08
76.3476,1.16652800787e-08
76.3576,1.16704470323e-08
76.3676,1.1675629178e-08
76.3776,1.16808265546e-08
76.3876,1.16860392011e-08
76.3976,1.16912671567e-08
76.4076,1.16965104606e-08
76.4176,1.17017691522e-08
76.4276,1.1707043271e-08
76.4376,1.17123328566e-08
76.4476,1.17176379489e-08
76.4576,1.17229585878e-08
76.4676,1.17282948133e-08
76.4776,1.17336466656e-08
76.4876,1.17390141851e-08
76.4976,1.17443974122e-08
76.5076,1.17497963876e-08
76.5176,1.1755211152e-08
76.5276,1.17606417463e-08
76.5376,1.17660882116e-08
76.5476,1.17715505889e-08
76.5576,1.17770289197e-08
76.5676,1.17825232453e-08
76.5776,1.17880336074e-08
76.5876,1.17935600478e-08
76.5976,1.17991026082e-08
76.6076,1.18046613308e-08
76.6176,1.18102362577e-08
76.6276,1.18158274312e-08
76.6376,1.18214348938e-08
76.6476,1.18270586882e-08
76.6576,1.1832698857e-08
76.6676,1.18383554432e-08
76.6776,1.18440284898e-08
76.6876,1.18497180401e-08
76.6976,1.18554241374e-08
76.7076,1.18611468252e-08
76.7176,1.18668861472e-08
76.7276,1.18726421471e-08
76.7376,1.1878414869e-08
76.7476,1.18842043569e-08
76.7576,1.18900106552e-08
76.7676,1.18958338082e-08
76.7776,1.19016738605e-08
76.7876,1.19075308568e-08
76.7976,1.19134048421e-08
76.8076,1.19192958614e-08
76.8176,1.19252039599e-08
76.8276,1.19311291829e-08
76.8376,1.1937071576e-08
76.8476,1.19430311848e-08
76.8576,1.19490080551e-08
76.8676,1.19550022331e-08
76.8776,1.19610137648e-08
76.8876,1.19670426965e-08
76.8976,1.19730890748e-08
76.9076,1.19791529462e-08
76.9176,1.19852343577e-08
76.9276,1.19913333561e-08
76.9376,1.19974499886e-08
76.9476,1.20035843025e-08
76.9576,1.20097363453e-08
76.9676,1.20159061647e-08
76.9776,1.20220938083e-08
76.9876,1.20282993243e-08
76.9976,1.20345227608e-08
77.0076,1.2040764166e-08
77.0176,1.20470235884e-08
77.0276,1.20533010768e-08
77.0376,1.205959668e-08
77.0476,1.20659104469e-08
77.0576,1.20722424267e-08
77.0676,1.20785926688e-08
77.0776,1.20849612227e-08
77.0876,1.20913481381e-08
77.0976,1.2097753465e-08
77.1076,1.21041772532e-08
77.1176,1.21106195532e-08
77.1276,1.21170804153e-08
77.1376,1.212355989e-08
77.1476,1.21300580283e-08
77.1576,1.21365748809e-08
77.1676,1.21431104991e-08
77.1776,1.21496649342e-08
77.1876,1.21562382377e-08
77.1976,1.21628304612e-08
77.2076,1.21694416567e-08
77.2176,1.21760718762e-08
77.2276,1.2182721172e-08
77.2376,1.21893895964e-08
77.2476,1.21960772022e-08
77.2576,1.2202784042e-08
77.2676,1.2209510169e-08
77.2776,1.22162556362e-08
77.2876,1.22230204972e-08
77.2976,1.22298048054e-08
77.3076,1.22366086146e-08
77.3176,1.22434319788e-08
77.3276,1.22502749521e-08
77.3376,1.2257137589e-08
77.3476,1.22640199438e-08
77.3576,1.22709220715e-08
77.3676,1.22778440269e-08
77.3776,1.22847858651e-08
77.3876,1.22917476415e-08
77.3976,1.22987294117e-08
77.4076,1.23057312314e-08
77.4176,1.23127531565e-08
77.4276,1.23197952432e-08
77.4376,1.23268575478e-08
77.4476,1.23339401269e-08
77.4576,1.23410430373e-08
77.4676,1.23481663359e-08
77.4776,1.23553100799e-08
77.4876,1.23624743267e-08
77.4976,1.23696591338e-08
77.5076,1.23768645592e-08
77.5176,1.23840906607e-08
77.5276,1.23913374967e-08
77.5376,1.23986051256e-08
77.5476,1.2405893606e-08
77.5576,1.24132029968e-08
77.5676,1.24205333571e-08
77.5776,1.24278847461e-08
77.5876,1.24352572235e-08
77.5976,1.24426508489e-08
77.6076,1.24500656824e-08
77.6176,1.2457501784e-08
77.6276,1.24649592142e-08
77.6376,1.24724380337e-08
77.6476,1.24799383032e-08
77.6576,1.24874600838e-08
77.6676,1.24950034369e-08
77.6776,1.25025684239e-08
77.6876,1.25101551066e-08
77.6976,1.2517763547e-08
77.7076,1.25253938073e-08
77.7176,1.25330459499e-08
77.7276,1.25407200375e-08
77.7376,1.2548416133e-08
77.7476,1.25561342996e-08
77.7576,1.25638746006e-08
77.7676,1.25716370995e-08
77.7776,1.25794218604e-08
77.7876,1.25872289471e-08
77.7976,1.25950584241e-08
77.8076,1.2602910356e-08
77.8176,1.26107848074e-08
77.8276,1.26186818435e-08
77.8376,1.26266015295e-08
77.8476,1.2634543931e-08
77.8576,1.26425091137e-08
77.8676,1.26504971436e-08
77.8776,1.26585080871e-08
77.8876,1.26665420106e-08
77.8976,1.26745989809e-08
77.9076,1.26826790651e-08
77.9176,1.26907823303e-08
77.9276,1.2698908844e-08
77.9376,1.27070586742e-08
77.9476,1.27152318887e-08
77.9576,1.27234285559e-08
77.9676,1.27316487443e-08
77.9776,1.27398925228e-08
77.9876,1.27481599603e-08
77.9976,1.27564511262e-08
78.0076,1.276476609e-08
78.0176,1.27731049217e-08
78.0276,1.27814676913e-08
78.0376,1.27898544692e-08
78.0476,1.2798265326e-08
78.0576,1.28067003327e-08
78.0676,1.28151595604e-08
78.0776,1.28236430806e-08
78.0876,1.28321509649e-08
78.0976,1.28406832854e-08
78.1076,1.28492401144e-08
78.1176,1.28578215244e-08
78.1276,1.28664275881e-08
78.1376,1.28750583788e-08
78.1476,1.28837139697e-08
78.1576,1.28923944346e-08
78.1676,1.29010998473e-08
78.1776,1.29098302821e-08
78.1876,1.29185858134e-08
78.1976,1.29273665162e-08
78.2076,1.29361724653e-08
78.2176,1.29450037363e-08
78.2276,1.29538604047e-08
78.2376,1.29627425465e-08
78.2476,1.29716502379e-08
78.2576,1.29805835555e-08
78.2676,1.29895425761e-08
78.2776,1.29985273767e-08
78.2876,1.30075380348e-08
78.2976,1.30165746282e-08
78.3076,1.30256372347e-08
78.3176,1.30347259329e-08
78.3276,1.30438408011e-08
78.3376,1.30529819185e-08
78.3476,1.30621493641e-08
78.3576,1.30713432176e-08
78.3676,1.30805635587e-08
78.3776,1.30898104677e-08
78.3876,1.30990840249e-08
78.3976,1.31083843113e-08
78.4076,1.31177114077e-08
78.4176,1.31270653957e-08
78.4276,1.3136446357e-08
78.4376,1.31458543736e-08
78.4476,1.31552895278e-08
78.4576,1.31647519024e-08
78.4676,1.31742415804e-08
78.4776,1.3183758645e-08
78.4876,1.319330318e-08
78.4976,1.32028752693e-08
78.5076,1.32124749971e-08
78.5176,1.32221024483e-08
78.5276,1.32317577077e-08
78.5376,1.32414408606e-08
78.5476,1.32511519926e-08
78.5576,1.32608911899e-08
78.5676,1.32706585386e-08
78.5776,1.32804541254e-08
78.5876,1.32902780373e-08
78.5976,1.33001303617e-08
78.6076,1.33100111862e-08
78.6176,1.33199205988e-08
78.6276,1.3329858688e-08
78.6376,1.33398255425e-08
78.6476,1.33498212513e-08
78.6576,1.33598459039e-08
78.6676,1.33698995901e-08
78.6776,1.33799823999e-08
78.6876,1.33900944239e-08
78.6976,1.3400235753e-08
78.7076,1.34104064783e-08
78.7176,1.34206066915e-08
78.7276,1.34308364845e-08
78.7376,1.34410959496e-08
78.7476,1.34513851795e-08
78.7576,1.34617042672e-08
78.7676,1.34720533062e-08
78.7776,1.34824323902e-08
78.7876,1.34928416134e-08
78.7976,1.35032810704e-08
78.8076,1.35137508561e-08
78.8176,1.35242510657e-08
78.8276,1.3534781795e-08
78.8376,1.35453431401e-08
78.8476,1.35559351974e-08
78.8576,1.35665580637e-08
78.8676,1.35772118363e-08
78.8776,1.35878966128e-08
78.8876,1.35986124912e-08
78.8976,1.360935957e-08
78.9076,1.36201379479e-08
78.9176,1.36309477241e-08
78.9276,1.36417889983e-08
78.9376,1.36526618705e-08
78.9476,1.36635664411e-08
78.9576,1.36745028108e-08
78.9676,1.3685471081e-08
78.9776,1.36964713533e-08
78.9876,1.37075037298e-08
78.9976,1.37185683128e-08
79.0076,1.37296652054e-08
79.0176,1.37407945107e-08
79.0276,1.37519563326e-08
79.0376,1.37631507751e-08
79.0476,1.37743779429e-08
79.0576,1.37856379409e-08
79.0676,1.37969308746e-08
79.0776,1.38082568498e-08
79.0876,1.38196159729e-08
79.0976,1.38310083504e-08
79.1076,1.38424340897e-08
79.1176,1.38538932984e-08
79.1276,1.38653860843e-08
79.1376,1.38769125561e-08
79.1476,1.38884728227e-08
79.1576,1.39000669935e-08
79.1676,1.39116951782e-08
79.1776,1.39233574872e-08
79.1876,1.39350540312e-08
79.1976,1.39467849214e-08
79.2076,1.39585502695e-08
79.2176,1.39703501876e-08
79.2276,1.39821847882e-08
79.2376,1.39940541844e-08
79.2476,1.40059584897e-08
79.2576,1.40178978182e-08
79.2676,1.40298722841e-08
79.2776,1.40418820026e-08
79.2876,1.40539270889e-08
79.2976,1.4066007659e-08
79.3076,1.40781238293e-08
79.3176,1.40902757165e-08
79.3276,1.41024634381e-08
79.3376,1.41146871119e-08
79.3476,1.41269468561e-08
79.3576,1.41392427897e-08
79.3676,1.41515750318e-08
79.3776,1.41639437025e-08
79.3876,1.41763489218e-08
79.3976,1.41887908107e-08
79.4076,1.42012694906e-08
79.4176,1.42137850831e-08
79.4276,1.42263377107e-08
79.4376,1.42389274962e-08
79.4476,1.4251554563e-08
79.4576,1.4264219035e-08
79.4676,1.42769210367e-08
79.4776,1.42896606928e-08
79.4876,1.4302438129e-08
79.4976,1.43152534713e-08
79.5076,1.4328106846e-08
79.5176,1.43409983804e-08
79.5276,1.4353928202e-08
79.5376,1.4366896439e-08
79.5476,1.437990322e-08
79.5576,1.43929486744e-08
79.5676,1.44060329318e-08
79.5776,1.44191561226e-08
79.5876,1.44323183777e-08
79.5976,1.44455198285e-08
79.6076,1.44587606071e-08
79.6176,1.4472040846e-08
79.6276,1.44853606783e-08
79.6376,1.44987202378e-08
79.6476,1.45121196588e-08
79.6576,1.4525559076e-08
79.6676,1.45390386249e-08
79.6776,1.45525584415e-08
79.6876,1.45661186624e-08
79.6976,1.45797194248e-08
79.7076,1.45933608664e-08
79.7176,1.46070431256e-08
79.7276,1.46207663414e-08
79.7376,1.46345306532e-08
79.7476,1.46483362013e-08
79.7576,1.46621831264e-08
79.7676,1.46760715699e-08
79.7776,1.46900016737e-08
79.7876,1.47039735805e-08
79.7976,1.47179874334e-08
79.8076,1.47320433762e-08
79.8176,1.47461415534e-08
79.8276,1.47602821102e-08
79.8376,1.47744651921e-08
79.8476,1.47886909455e-08
79.8576,1.48029595174e-08
79.8676,1.48172710554e-08
79.8776,1.48316257078e-08
79.8876,1.48460236234e-08
79.8976,1.48604649519e-08
79.9076,1.48749498434e-08
79.9176,1.48894784487e-08
79.9276,1.49040509195e-08
79.9376,1.49186674078e-08
79.9476,1.49333280666e-08
79.9576,1.49480330493e-08
79.9676,1.49627825101e-08
79.9776,1.4977576604e-08
79.9876,1.49924154864e-08
79.9976,1.50072993137e-08
80.0076,1.50222282426e-08
80.0176,1.50372024309e-08
80.0276,1.50522220368e-08
80.0376,1.50672872194e-08
80.0476,1.50823981384e-08
80.0576,1.50975549541e-08
80.0676,1.51127578277e-08
80.0776,1.51280069211e-08
80.0876,1.51433023967e-08
80.0976,1.5158644418e-08
80.1076,1.51740331488e-08
80.1176,1.51894687539e-08
80.1276,1.52049513988e-08
80.1376,1.52204812497e-08
80.1476,1.52360584734e-08
80.1576,1.52516832378e-08
80.1676,1.52673557112e-08
80.1776,1.52830760628e-08
80.1876,1.52988444625e-08
80.1976,1.53146610811e-08
80.2076,1.533052609e-08
80.2176,1.53464396614e-08
80.2276,1.53624019684e-08
80.2376,1.53784131847e-08
80.2476,1.53944734849e-08
80.2576,1.54105830443e-08
80.2676,1.54267420391e-08
80.2776,1.54429506462e-08
80.2876,1.54592090434e-08
80.2976,1.5475517409e-08
80.3076,1.54918759226e-08
80.3176,1.55082847642e-08
80.3276,1.55247441148e-08
80.3376,1.55412541561e-08
80.3476,1.55578150708e-08
80.3576,1.55744270423e-08
80.3676,1.55910902548e-08
80.3776,1.56078048935e-08
80.3876,1.56245711443e-08
80.3976,1.5641389194e-08
80.4076,1.56582592302e-08
80.4176,1.56751814414e-08
80.4276,1.56921560169e-08
80.4376,1.57091831471e-08
80.4476,1.57262630228e-08
80.4576,1.57433958362e-08
80.4676,1.57605817801e-08
80.4776,1.57778210481e-08
80.4876,1.57951138349e-08
80.4976,1.5812460336e-08
80.5076,1.58298607477e-08
80.5176,1.58473152675e-08
80.5276,1.58648240934e-08
80.5376,1.58823874247e-08
80.5476,1.59000054613e-08
80.5576,1.59176784043e-08
80.5676,1.59354064554e-08
80.5776,1.59531898177e-08
80.5876,1.59710286947e-08
80.5976,1.59889232912e-08
80.6076,1.60068738129e-08
80.6176,1.60248804664e-08
80.6276,1.60429434592e-08
80.6376,1.60610629999e-08
80.6476,1.6079239298e-08
80.6576,1.60974725639e-08
80.6676,1.61157630092e-08
80.6776,1.61341108462e-08
80.6876,1.61525162884e-08
80.6976,1.61709795502e-08
80.7076,1.61895008471e-08
80.7176,1.62080803955e-08
80.7276,1.62267184128e-08
80.7376,1.62454151175e-08
80.7476,1.62641707292e-08
80.7576,1.62829854684e-08
80.7676,1.63018595565e-08
80.7776,1.63207932163e-08
80.7876,1.63397866714e-08
80.7976,1.63588401464e-08
80.8076,1.63779538673e-08
80.8176,1.63971280607e-08
80.8276,1.64163629547e-08
80.8376,1.64356587781e-08
80.8476,1.64550157611e-08
80.8576,1.64744341349e-08
80.8676,1.64939141316e-08
80.8776,1.65134559847e-08
80.8876,1.65330599285e-08
80.8976,1.65527261988e-08
80.9076,1.65724550321e-08
80.9176,1.65922466664e-08
80.9276,1.66121013405e-08
80.9376,1.66320192947e-08
80.9476,1.665200077e-08
80.9576,1.6672046009e-08
80.9676,1.66921552552e-08
80.9776,1.67123287534e-08
80.9876,1.67325667494e-08
80.9976,1.67528694903e-08
81.0076,1.67732372243e-08
81.0176,1.67936702011e-08
81.0276,1.68141686711e-08
81.0376,1.68347328863e-08
81.0476,1.68553630998e-08
81.0576,1.68760595659e-08
81.0676,1.68968225401e-08
81.0776,1.69176522791e-08
81.0876,1.69385490411e-08
81.0976,1.69595130851e-08
81.1076,1.69805446719e-08
81.1176,1.7001644063e-08
81.1276,1.70228115217e-08
81.1376,1.70440473121e-08
81.1476,1.70653517e-08
81.1576,1.70867249523e-08
81.1676,1.7108167337e-08
81.1776,1.71296791239e-08
81.1876,1.71512605836e-08
81.1976,1.71729119883e-08
81.2076,1.71946336116e-08
81.2176,1.72164257283e-08
81.2276,1.72382886145e-08
81.2376,1.72602225477e-08
81.2476,1.72822278069e-08
81.2576,1.73043046723e-08
81.2676,1.73264534256e-08
81.2776,1.73486743497e-08
81.2876,1.73709677291e-08
81.2976,1.73933338496e-08
81.3076,1.74157729985e-08
81.3176,1.74382854644e-08
81.3276,1.74608715373e-08
81.3376,1.74835315088e-08
81.3476,1.75062656719e-08
81.3576,1.75290743209e-08
81.3676,1.75519577518e-08
81.3776,1.75749162619e-08
81.3876,1.759795015e-08
81.3976,1.76210597164e-08
81.4076,1.7644245263e-08
81.4176,1.7667507093e-08
81.4276,1.76908455113e-08
81.4376,1.77142608242e-08
81.4476,1.77377533397e-08
81.4576,1.7761323367e-08
81.4676,1.77849712174e-08
81.4776,1.78086972031e-08
81.4876,1.78325016385e-08
81.4976,1.78563848391e-08
81.5076,1.78803471222e-08
81.5176,1.79043888067e-08
81.5276,1.79285102131e-08
81.5376,1.79527116635e-08
81.5476,1.79769934816e-08
81.5576,1.80013559927e-08
81.5676,1.80257995239e-08
81.5776,1.80503244038e-08
81.5876,1.80749309628e-08
81.5976,1.80996195328e-08
81.6076,1.81243904476e-08
81.6176,1.81492440425e-08
81.6276,1.81741806546e-08
81.6376,1.81992006228e-08
81.6476,1.82243042875e-08
81.6576,1.82494919911e-08
81.6676,1.82747640776e-08
81.6776,1.83001208927e-08
81.6876,1.8325562784e-08
81.6976,1.83510901009e-08
81.7076,1.83767031945e-08
81.7176,1.84024024176e-08
81.7276,1.84281881252e-08
81.7376,1.84540606736e-08
81.7476,1.84800204213e-08
81.7576,1.85060677286e-08
81.7676,1.85322029576e-08
81.7776,1.85584264722e-08
81.7876,1.85847386383e-08
81.7976,1.86111398237e-08
81.8076,1.86376303981e-08
81.8176,1.86642107329e-08
81.8276,1.86908812017e-08
81.8376,1.87176421799e-08
81.8476,1.8744494045e-08
81.8576,1.87714371763e-08
81.8676,1.87984719551e-08
81.8776,1.88255987647e-08
81.8876,1.88528179905e-08
81.8976,1.88801300198e-08
81.9076,1.89075352419e-08
81.9176,1.89350340483e-08
81.9276,1.89626268324e-08
81.9376,1.89903139898e-08
81.9476,1.9018095918e-08
81.9576,1.90459730166e-08
81.9676,1.90739456876e-08
81.9776,1.91020143347e-08
81.9876,1.91301793641e-08
81.9976,1.91584411838e-08
82.0076,1.91868002043e-08
82.0176,1.9215256838e-08
82.0276,1.92438114995e-08
82.0376,1.92724646059e-08
82.0476,1.93012165761e-08
82.0576,1.93300678315e-08
82.0676,1.93590187956e-08
82.0776,1.93880698942e-08
82.0876,1.94172215555e-08
82.0976,1.94464742097e-08
82.1076,1.94758282895e-08
82.1176,1.95052842299e-08
82.1276,1.95348424681e-08
82.1376,1.95645034439e-08
82.1476,1.95942675991e-08
82.1576,1.96241353781e-08
82.1676,1.96541072277e-08
82.1776,1.9684183597e-08
82.1876,1.97143649375e-08
82.1976,1.97446517033e-08
82.2076,1.97750443507e-08
82.2176,1.98055433387e-08
82.2276,1.98361491286e-08
82.2376,1.98668621843e-08
82.2476,1.98976829722e-08
82.2576,1.99286119612e-08
82.2676,1.99596496227e-08
82.2776,1.99907964308e-08
82.2876,2.00220528619e-08
82.2976,2.00534193954e-08
82.3076,2.00848965129e-08
82.3176,2.01164846989e-08
82.3276,2.01481844404e-08
82.3376,2.01799962271e-08
82.3476,2.02119205515e-08
82.3576,2.02439579086e-08
82.3676,2.02761087962e-08
82.3776,2.03083737149e-08
82.3876,2.03407531679e-08
82.3976,2.03732476612e-08
82.4076,2.04058577037e-08
82.4176,2.0438583807e-08
82.4276,2.04714264856e-08
82.4376,2.05043862567e-08
82.4476,2.05374636405e-08
82.4576,2.057065916e-08
82.4676,2.06039733411e-08
82.4776,2.06374067127e-08
82.4876,2.06709598065e-08
82.4976,2.07046331572e-08
82.5076,2.07384273026e-08
82.5176,2.07723427833e-08
82.5276,2.08063801429e-08
82.5376,2.08405399283e-08
82.5476,2.08748226892e-08
82.5576,2.09092289785e-08
82.5676,2.09437593521e-08
82.5776,2.0978414369e-08
82.5876,2.10131945914e-08
82.5976,2.10481005848e-08
82.6076,2.10831329176e-08
82.6176,2.11182921615e-08
82.6276,2.11535788914e-08
82.6376,2.11889936857e-08
82.6476,2.12245371256e-08
82.6576,2.12602097959e-08
82.6676,2.12960122847e-08
82.6776,2.13319451833e-08
82.6876,2.13680090863e-08
82.6976,2.1404204592e-08
82.7076,2.14405323017e-08
82.7176,2.14769928204e-08
82.7276,2.15135867564e-08
82.7376,2.15503147215e-08
82.7476,2.1587177331e-08
82.7576,2.16241752037e-08
82.7676,2.16613089619e-08
82.7776,2.16985792315e-08
82.7876,2.17359866421e-08
82.7976,2.17735318267e-08
82.8076,2.1811215422e-08
82.8176,2.18490380684e-08
82.8276,2.18870004101e-08
82.8376,2.19251030946e-08
82.8476,2.19633467737e-08
82.8576,2.20017321025e-08
82.8676,2.20402597401e-08
82.8776,2.20789303494e-08
82.8876,2.2117744597e-08
82.8976,2.21567031536e-08
82.9076,2.21958066935e-08
82.9176,2.22350558952e-08
82.9276,2.2274451441e-08
82.9376,2.23139940171e-08
82.9476,2.23536843139e-08
82.9576,2.23935230256e-08
82.9676,2.24335108507e-08
82.9776,2.24736484916e-08
82.9876,2.25139366548e-08
82.9976,2.2554376051e-08
83.0076,2.25949673952e-08
83.0176,2.26357114064e-08
83.0276,2.26766088079e-08
83.0376,2.27176603271e-08
83.0476,2.27588666961e-08
83.0576,2.28002286509e-08
83.0676,2.2841746932e-08
83.0776,2.28834222843e-08
83.0876,2.29252554571e-08
83.0976,2.29672472042e-08
83.1076,2.30093982836e-08
83.1176,2.30517094581e-08
83.1276,2.30941814949e-08
83.1376,2.31368151659e-08
83.1476,2.31796112474e-08
83.1576,2.32225705204e-08
83.1676,2.32656937706e-08
83.1776,2.33089817884e-08
83.1876,2.33524353689e-08
83.1976,2.3396055312e-08
83.2076,2.34398424223e-08
83.2176,2.34837975093e-08
83.2276,2.35279213875e-08
83.2376,2.3572214876e-08
83.2476,2.36166787991e-08
83.2576,2.36613139859e-08
83.2676,2.37061212706e-08
83.2776,2.37511014925e-08
83.2876,2.37962554958e-08
83.2976,2.38415841299e-08
83.3076,2.38870882494e-08
83.3176,2.39327687141e-08
83.3276,2.39786263889e-08
83.3376,2.4024662144e-08
83.3476,2.40708768551e-08
83.3576,2.4117271403e-08
83.3676,2.41638466739e-08
83.3776,2.42106035596e-08
83.3876,2.42575429572e-08
83.3976,2.43046657692e-08
83.4076,2.4351972904e-08
83.4176,2.43994652751e-08
83.4276,2.44471438021e-08
83.4376,2.44950094099e-08
83.4476,2.45430630293e-08
83.4576,2.45913055966e-08
83.4676,2.46397380543e-08
83.4776,2.46883613502e-08
83.4876,2.47371764385e-08
83.4976,2.47861842789e-08
83.5076,2.48353858374e-08
83.5176,2.48847820856e-08
83.5276,2.49343740014e-08
83.5376,2.49841625689e-08
83.5476,2.5034148778e-08
83.5576,2.50843336251e-08
83.5676,2.51347181126e-08
83.5776,2.51853032493e-08
83.5876,2.52360900503e-08
83.5976,2.5287079537e-08
83.6076,2.53382727373e-08
83.6176,2.53896706855e-08
83.6276,2.54412744223e-08
83.6376,2.54930849953e-08
83.6476,2.55451034583e-08
83.6576,2.5597330872e-08
83.6676,2.56497683038e-08
83.6776,2.57024168277e-08
83.6876,2.57552775247e-08
83.6976,2.58083514824e-08
83.7076,2.58616397957e-08
83.7176,2.59151435661e-08
83.7276,2.59688639023e-08
83.7376,2.602280192e-08
83.7476,2.6076958742e-08
83.7576,2.61313354983e-08
83.7676,2.61859333262e-08
83.7776,2.62407533701e-08
83.7876,2.6295796782e-08
83.7976,2.63510647211e-08
83.8076,2.64065583541e-08
83.8176,2.64622788553e-08
83.8276,2.65182274062e-08
83.8376,2.65744051965e-08
83.8476,2.66308134231e-08
83.8576,2.66874532909e-08
83.8676,2.67443260126e-08
83.8776,2.68014328084e-08
83.8876,2.6858774907e-08
83.8976,2.69163535446e-08
83.9076,2.69741699657e-08
83.9176,2.70322254227e-08
83.9276,2.70905211765e-08
83.9376,2.71490584959e-08
83.9476,2.7207838658e-08
83.9576,2.72668629486e-08
83.9676,2.73261326615e-08
83.9776,2.73856490994e-08
83.9876,2.74454135731e-08
83.9976,2.75054274024e-08
84.0076,2.75656919156e-08
84.0176,2.76262084498e-08
84.0276,2.76869783509e-08
84.0376,2.77480029738e-08
84.0476,2.78092836822e-08
84.0576,2.7870821849e-08
84.0676,2.7932618856e-08
84.0776,2.79946760944e-08
84.0876,2.80569949646e-08
84.0976,2.81195768761e-08
84.1076,2.8182423248e-08
84.1176,2.82455355089e-08
84.1276,2.83089150968e-08
84.1376,2.83725634595e-08
84.1476,2.84364820543e-08
84.1576,2.85006723483e-08
84.1676,2.85651358187e-08
84.1776,2.86298739522e-08
84.1876,2.8694888246e-08
84.1976,2.87601802069e-08
84.2076,2.88257513522e-08
84.2176,2.88916032094e-08
84.2276,2.89577373162e-08
84.2376,2.90241552208e-08
84.2476,2.9090858482e-08
84.2576,2.91578486689e-08
84.2676,2.92251273616e-08
84.2776,2.92926961508e-08
84.2876,2.93605566379e-08
84.2976,2.94287104354e-08
84.3076,2.94971591669e-08
84.3176,2.95659044668e-08
84.3276,2.9634947981e-08
84.3376,2.97042913666e-08
84.3476,2.9773936292e-08
84.3576,2.9843884437e-08
84.3676,2.99141374932e-08
84.3776,2.99846971637e-08
84.3876,3.00555651634e-08
84.3976,3.01267432189e-08
84.4076,3.01982330691e-08
84.4176,3.02700364646e-08
84.4276,3.03421551683e-08
84.4376,3.04145909552e-08
84.4476,3.04873456129e-08
84.4576,3.05604209412e-08
84.4676,3.06338187525e-08
84.4776,3.0707540872e-08
84.4876,3.07815891375e-08
84.4976,3.08559653997e-08
84.5076,3.09306715223e-08
84.5176,3.1005709382e-08
84.5276,3.10810808687e-08
84.5376,3.11567878857e-08
84.5476,3.12328323495e-08
84.5576,3.13092161904e-08
84.5676,3.13859413521e-08
84.5776,3.14630097921e-08
84.5876,3.15404234818e-08
84.5976,3.16181844065e-08
84.6076,3.16962945656e-08
84.6176,3.17747559727e-08
84.6276,3.18535706559e-08
84.6376,3.19327406575e-08
84.6476,3.20122680346e-08
84.6576,3.20921548587e-08
84.6676,3.21724032165e-08
84.6776,3.22530152092e-08
84.6876,3.23339929535e-08
84.6976,3.2415338581e-08
84.7076,3.24970542387e-08
84.7176,3.25791420891e-08
84.7276,3.26616043103e-08
84.7376,3.27444430961e-08
84.7476,3.28276606561e-08
84.7576,3.2911259216e-08
84.7676,3.29952410174e-08
84.7776,3.30796083185e-08
84.7876,3.31643633937e-08
84.7976,3.32495085339e-08
84.8076,3.33350460468e-08
84.8176,3.34209782568e-08
84.8276,3.35073075056e-08
84.8376,3.35940361516e-08
84.8476,3.36811665707e-08
84.8576,3.37687011562e-08
84.8676,3.38566423189e-08
84.8776,3.39449924875e-08
84.8876,3.40337541084e-08
84.8976,3.41229296461e-08
84.9076,3.42125215832e-08
84.9176,3.43025324209e-08
84.9276,3.43929646785e-08
84.9376,3.44838208944e-08
84.9476,3.45751036256e-08
84.9576,3.46668154482e-08
84.9676,3.47589589572e-08
84.9776,3.48515367674e-08
84.9876,3.49445515127e-08
84.9976,3.50380058468e-08
85.0076,3.51319024434e-08
85.0176,3.52262439961e-08
85.0276,3.53210332186e-08
85.0376,3.54162728451e-08
85.0476,3.55119656304e-08
85.0576,3.56081143499e-08
85.0676,3.57047218002e-08
85.0776,3.58017907987e-08
85.0876,3.58993241842e-08
85.0976,3.59973248172e-08
85.1076,3.60957955795e-08
85.1176,3.61947393752e-08
85.1276,3.62941591302e-08
85.1376,3.63940577928e-08
85.1476,3.64944383336e-08
85.1576,3.6595303746e-08
85.1676,3.66966570464e-08
85.1776,3.67985012741e-08
85.1876,3.69008394918e-08
85.1976,3.70036747856e-08
85.2076,3.71070102654e-08
85.2176,3.72108490651e-08
85.2276,3.73151943425e-08
85.2376,3.74200492801e-08
85.2476,3.75254170847e-08
85.2576,3.7631300988e-08
85.2676,3.7737704247e-08
85.2776,3.78446301436e-08
85.2876,3.79520819854e-08
85.2976,3.80600631056e-08
85.3076,3.81685768636e-08
85.3176,3.82776266447e-08
85.3276,3.8387215861e-08
85.3376,3.84973479511e-08
85.3476,3.86080263804e-08
85.3576,3.87192546417e-08
85.3676,3.88310362553e-08
85.3776,3.8943374769e-08
85.3876,3.90562737586e-08
85.3976,3.91697368281e-08
85.4076,3.92837676101e-08
85.4176,3.93983697659e-08
85.4276,3.95135469856e-08
85.4376,3.96293029888e-08
85.4476,3.97456415246e-08
85.4576,3.98625663718e-08
85.4676,3.99800813395e-08
85.4776,4.00981902671e-08
85.4876,4.02168970246e-08
85.4976,4.0336205513e-08
85.5076,4.04561196646e-08
85.5176,4.05766434433e-08
85.5276,4.06977808447e-08
85.5376,4.08195358966e-08
85.5476,4.09419126593e-08
85.5576,4.10649152257e-08
85.5676,4.1188547722e-08
85.5776,4.13128143076e-08
85.5876,4.14377191757e-08
85.5976,4.15632665535e-08
85.6076,4.16894607024e-08
85.6176,4.18163059187e-08
85.6276,4.19438065337e-08
85.6376,4.20719669137e-08
85.6476,4.22007914611e-08
85.6576,4.23302846141e-08
85.6676,4.24604508473e-08
85.6776,4.25912946721e-08
85.6876,4.27228206368e-08
85.6976,4.28550333272e-08
85.7076,4.2987937367e-08
85.7176,4.3121537418e-08
85.7276,4.32558381804e-08
85.7376,4.33908443935e-08
85.7476,4.35265608358e-08
85.7576,4.36629923254e-08
85.7676,4.38001437204e-08
85.7776,4.39380199195e-08
85.7876,4.40766258623e-08
85.7976,4.42159665293e-08
85.8076,4.43560469429e-08
85.8176,4.44968721676e-08
85.8276,4.463844731e-08
85.8376,4.478077752e-08
85.8476,4.49238679906e-08
85.8576,4.50677239584e-08
85.8676,4.52123507045e-08
85.8776,4.53577535542e-08
85.8876,4.55039378781e-08
85.8976,4.56509090922e-08
85.9076,4.57986726585e-08
85.9176,4.59472340852e-08
85.9276,4.60965989276e-08
85.9376,4.62467727881e-08
85.9476,4.63977613171e-08
85.9576,4.65495702131e-08
85.9676,4.67022052233e-08
85.9776,4.68556721444e-08
85.9876,4.70099768227e-08
85.9976,4.71651251546e-08
86.0076,4.73211230874e-08
86.0176,4.74779766197e-08
86.0276,4.76356918016e-08
86.0376,4.77942747358e-08
86.0476,4.79537315776e-08
86.0576,4.81140685359e-08
86.0676,4.82752918731e-08
86.0776,4.84374079065e-08
86.0876,4.86004230081e-08
86.0976,4.87643436054e-08
86.1076,4.89291761823e-08
86.1176,4.90949272793e-08
86.1276,4.9261603494e-08
86.1376,4.94292114821e-08
86.1476,4.95977579575e-08
86.1576,4.97672496934e-08
86.1676,4.99376935226e-08
86.1776,5.01090963381e-08
86.1876,5.02814650938e-08
86.1976,5.04548068052e-08
86.2076,5.062912855e-08
86.2176,5.08044374685e-08
86.2276,5.09807407647e-08
86.2376,5.11580457065e-08
86.2476,5.13363596268e-08
86.2576,5.15156899238e-08
86.2676,5.16960440618e-08
86.2776,5.18774295721e-08
86.2876,5.20598540533e-08
86.2976,5.22433251725e-08
86.3076,5.24278506655e-08
86.3176,5.2613438338e-08
86.3276,5.28000960658e-08
86.3376,5.2987831796e-08
86.3476,5.31766535477e-08
86.3576,5.33665694126e-08
86.3676,5.35575875555e-08
86.3776,5.37497162159e-08
86.3876,5.39429637079e-08
86.3976,5.41373384214e-08
86.4076,5.43328488231e-08
86.4176,5.45295034569e-08
86.4276,5.47273109449e-08
86.4376,5.49262799883e-08
86.4476,5.51264193681e-08
86.4576,5.53277379463e-08
86.4676,5.55302446662e-08
86.4776,5.57339485536e-08
86.4876,5.5938858718e-08
86.4976,5.61449843526e-08
86.5076,5.63523347363e-08
86.5176,5.65609192337e-08
86.5276,5.67707472966e-08
86.5376,5.69818284648e-08
86.5476,5.71941723666e-08
86.5576,5.74077887208e-08
86.5676,5.76226873364e-08
86.5776,5.78388781146e-08
86.5876,5.80563710492e-08
86.5976,5.82751762281e-08
86.6076,5.84953038337e-08
86.6176,5.87167641446e-08
86.6276,5.8939567536e-08
86.6376,5.91637244813e-08
86.6476,5.93892455531e-08
86.6576,5.96161414237e-08
86.6676,5.9844422867e-08
86.6776,6.00741007591e-08
86.6876,6.03051860798e-08
86.6976,6.05376899131e-08
86.7076,6.07716234493e-08
86.7176,6.10069979851e-08
86.7276,6.12438249258e-08
86.7376,6.14821157857e-08
86.7476,6.17218821899e-08
86.7576,6.19631358749e-08
86.7676,6.22058886905e-08
86.7776,6.24501526007e-08
86.7876,6.26959396851e-08
86.7976,6.29432621399e-08
86.8076,6.31921322795e-08
86.8176,6.3442562538e-08
86.8276,6.369456547e-08
86.8376,6.39481537523e-08
86.8476,6.42033401853e-08
86.8576,6.44601376942e-08
86.8676,6.47185593306e-08
86.8776,6.49786182737e-08
86.8876,6.5240327832e-08
86.8976,6.55037014445e-08
86.9076,6.57687526825e-08
86.9176,6.60354952506e-08
86.9276,6.63039429887e-08
86.9376,6.65741098734e-08
86.9476,6.68460100194e-08
86.9576,6.71196576812e-08
86.9676,6.73950672545e-08
86.9776,6.76722532783e-08
86.9876,6.79512304359e-08
86.9976,6.8232013557e-08
87.0076,6.85146176193e-08
87.0176,6.87990577498e-08
87.0276,6.90853492273e-08
87.0376,6.93735074833e-08
87.0476,6.96635481043e-08
87.0576,6.99554868334e-08
87.0676,7.0249339572e-08
87.0776,7.0545122382e-08
87.0876,7.08428514872e-08
87.0976,7.11425432754e-08
87.1076,7.14442143003e-08
87.1176,7.17478812833e-08
87.1276,7.20535611156e-08
87.1376,7.23612708602e-08
87.1476,7.26710277536e-08
87.1576,7.29828492081e-08
87.1676,7.32967528139e-08
87.1776,7.36127563409e-08
87.1876,7.39308777408e-08
87.1976,7.42511351496e-08
87.2076,7.45735468895e-08
87.2176,7.48981314709e-08
87.2276,7.52249075949e-08
87.2376,7.55538941555e-08
87.2476,7.58851102418e-08
87.2576,7.62185751401e-08
87.2676,7.65543083366e-08
87.2776,7.68923295196e-08
87.2876,7.72326585816e-08
87.2976,7.75753156222e-08
87.3076,7.79203209503e-08
87.3176,7.82676950864e-08
87.3276,7.86174587654e-08
87.3376,7.8969632939e-08
87.3476,7.93242387782e-08
87.3576,7.96812976762e-08
87.3676,8.00408312507e-08
87.3776,8.04028613467e-08
87.3876,8.07674100392e-08
87.3976,8.11344996358e-08
87.4076,8.15041526801e-08
87.4176,8.18763919534e-08
87.4276,8.22512404785e-08
87.4376,8.26287215223e-08
87.4476,8.30088585986e-08
87.4576,8.3391675471e-08
87.4676,8.37771961562e-08
87.4776,8.41654449266e-08
87.4876,8.4556446314e-08
87.4976,8.49502251119e-08
87.5076,8.53468063794e-08
87.5176,8.5746215444e-08
87.5276,8.61484779046e-08
87.5376,8.65536196355e-08
87.5476,8.69616667889e-08
87.5576,8.73726457989e-08
87.5676,8.77865833845e-08
87.5776,8.82035065531e-08
87.5876,8.86234426042e-08
87.5976,8.90464191326e-08
87.6076,8.94724640324e-08
87.6176,8.99016055001e-08
87.6276,9.03338720385e-08
87.6376,9.07692924608e-08
87.6476,9.12078958936e-08
87.6576,9.16497117814e-08
87.6676,9.20947698898e-08
87.6776,9.254310031e-08
87.6876,9.29947334625e-08
87.6976,9.3449700101e-08
87.7076,9.39080313166e-08
87.7176,9.43697585418e-08
87.7276,9.48349135546e-08
87.7376,9.5303528483e-08
87.7476,9.5775635809e-08
87.7576,9.62512683729e-08
87.7676,9.67304593776e-08
87.7776,9.72132423933e-08
87.7876,9.76996513619e-08
87.7976,9.81897206012e-08
87.8076,9.86834848097e-08
87.8176,9.91809790715e-08
87.8276,9.96822388606e-08
87.8376,1.00187300046e-07
87.8476,1.00696198895e-07
87.8576,1.01208972082e-07
87.8676,1.01725656688e-07
87.8776,1.02246290211e-07
87.8876,1.02770910566e-07
87.8976,1.03299556093e-07
87.9076,1.03832265564e-07
87.9176,1.04369078184e-07
87.9276,1.04910033597e-07
87.9376,1.05455171896e-07
87.9476,1.06004533623e-07
87.9576,1.06558159775e-07
87.9676,1.07116091814e-07
87.9776,1.07678371668e-07
87.9876,1.0824504174e-07
87.9976,1.08816144909e-07
88.0076,1.09391724542e-07
88.0176,1.09971824495e-07
88.0276,1.10556489122e-07
88.0376,1.11145763278e-07
88.0476,1.11739692329e-07
88.0576,1.12338322155e-07
88.0676,1.12941699157e-07
88.0776,1.13549870263e-07
88.0876,1.14162882937e-07
88.0976,1.1478078518e-07
88.1076,1.15403625544e-07
88.1176,1.16031453132e-07
88.1276,1.16664317605e-07
88.1376,1.17302269196e-07
88.1476,1.17945358707e-07
88.1576,1.18593637522e-07
88.1676,1.19247157613e-07
88.1776,1.19905971546e-07
88.1876,1.20570132488e-07
88.1976,1.21239694216e-07
88.2076,1.2191471112e-07
88.2176,1.22595238216e-07
88.2276,1.23281331149e-07
88.2376,1.23973046204e-07
88.2476,1.24670440308e-07
88.2576,1.25373571045e-07
88.2676,1.26082496657e-07
88.2776,1.26797276055e-07
88.2876,1.27517968828e-07
88.2976,1.28244635246e-07
88.3076,1.28977336275e-07
88.3176,1.29716133579e-07
88.3276,1.30461089529e-07
88.3376,1.31212267216e-07
88.3476,1.31969730452e-07
88.3576,1.32733543785e-07
88.3676,1.33503772502e-07
88.3776,1.34280482642e-07
88.3876,1.35063741001e-07
88.3976,1.35853615141e-07
88.4076,1.36650173401e-07
88.4176,1.37453484904e-07
88.4276,1.38263619565e-07
88.4376,1.39080648103e-07
88.4476,1.39904642046e-07
88.4576,1.4073567374e-07
88.4676,1.41573816364e-07
88.4776,1.4241914393e-07
88.4876,1.43271731299e-07
88.4976,1.44131654189e-07
88.5076,1.44998989181e-07
88.5176,1.45873813731e-07
88.5276,1.46756206179e-07
88.5376,1.47646245757e-07
88.5476,1.48544012601e-07
88.5576,1.49449587756e-07
88.5676,1.50363053192e-07
88.5776,1.51284491805e-07
88.5876,1.52213987434e-07
88.5976,1.53151624867e-07
88.6076,1.54097489851e-07
88.6176,1.55051669101e-07
88.6276,1.5601425031e-07
88.6376,1.5698532216e-07
88.6476,1.57964974328e-07
88.6576,1.58953297499e-07
88.6676,1.59950383375e-07
88.6776,1.60956324682e-07
88.6876,1.61971215182e-07
88.6976,1.62995149682e-07
88.7076,1.64028224041e-07
88.7176,1.65070535184e-07
88.7276,1.66122181107e-07
88.7376,1.67183260889e-07
88.7476,1.68253874699e-07
88.7576,1.69334123807e-07
88.7676,1.70424110592e-07
88.7776,1.71523938551e-07
88.7876,1.72633712309e-07
88.7976,1.73753537626e-07
88.8076,1.74883521407e-07
88.8176,1.76023771709e-07
88.8276,1.77174397751e-07
88.8376,1.78335509921e-07
88.8476,1.79507219785e-07
88.8576,1.80689640095e-07
88.8676,1.81882884793e-07
88.8776,1.83087069025e-07
88.8876,1.84302309142e-07
88.8976,1.85528722712e-07
88.9076,1.86766428522e-07
88.9176,1.88015546588e-07
88.9276,1.89276198161e-07
88.9376,1.90548505731e-07
88.9476,1.91832593033e-07
88.9576,1.93128585054e-07
88.9676,1.94436608035e-07
88.9776,1.9575678948e-07
88.9876,1.97089258155e-07
88.9976,1.98434144095e-07
89.0076,1.99791578605e-07
89.0176,2.01161694265e-07
89.0276,2.02544624933e-07
89.0376,2.03940505741e-07
89.0476,2.05349473104e-07
89.0576,2.06771664714e-07
89.0676,2.08207219547e-07
89.0776,2.09656277854e-07
89.0876,2.11118981167e-07
89.0976,2.12595472292e-07
89.1076,2.14085895311e-07
89.1176,2.15590395574e-07
89.1276,2.17109119698e-07
89.1376,2.1864221556e-07
89.1476,2.20189832292e-07
89.1576,2.21752120273e-07
89.1676,2.23329231125e-07
89.1776,2.24921317698e-07
89.1876,2.26528534064e-07
89.1976,2.28151035506e-07
89.2076,2.29788978505e-07
89.2176,2.31442520727e-07
89.2276,2.33111821009e-07
89.2376,2.3479703934e-07
89.2476,2.3649833685e-07
89.2576,2.38215875784e-07
89.2676,2.39949819488e-07
89.2776,2.41700332385e-07
89.2876,2.43467579952e-07
89.2976,2.45251728693e-07
89.3076,2.47052946117e-07
89.3176,2.48871400705e-07
89.3276,2.50707261886e-07
89.3376,2.52560699996e-07
89.3476,2.54431886252e-07
89.3576,2.56320992712e-07
89.3676,2.58228192237e-07
89.3776,2.60153658451e-07
89.3876,2.62097565699e-07
89.3976,2.64060088997e-07
89.4076,2.66041403992e-07
89.4176,2.68041686905e-07
89.4276,2.7006111448e-07
89.4376,2.72099863928e-07
89.4476,2.74158112871e-07
89.4576,2.76236039275e-07
89.4676,2.78333821389e-07
89.4776,2.80451637676e-07
89.4876,2.8258966674e-07
89.4976,2.84748087254e-07
89.5076,2.8692707788e-07
89.5176,2.89126817188e-07
89.5276,2.91347483567e-07
89.5376,2.93589255141e-07
89.5476,2.95852309669e-07
89.5576,2.98136824453e-07
89.5676,3.00442976232e-07
89.5776,3.02770941075e-07
89.5876,3.05120894272e-07
89.5976,3.07493010219e-07
89.6076,3.09887462294e-07
89.6176,3.12304422732e-07
89.6276,3.14744062498e-07
89.6376,3.17206551144e-07
89.6476,3.19692056673e-07
89.6576,3.22200745392e-07
89.6676,3.24732781753e-07
89.6776,3.272883282e-07
89.6876,3.29867545004e-07
89.6976,3.32470590087e-07
89.7076,3.35097618848e-07
89.7176,3.37748783979e-07
89.7276,3.40424235274e-07
89.7376,3.43124119428e-07
89.7476,3.45848579837e-07
89.7576,3.48597756383e-07
89.7676,3.51371785216e-07
89.7776,3.54170798525e-07
89.7876,3.56994924307e-07
89.7976,3.5984428612e-07
89.8076,3.62719002837e-07
89.8176,3.65619188384e-07
89.8276,3.68544951474e-07
89.8376,3.71496395333e-07
89.8476,3.74473617415e-07
89.8576,3.77476709108e-07
89.8676,3.80505755433e-07
89.8776,3.83560834736e-07
89.8876,3.86642018362e-07
89.8976,3.89749370335e-07
89.9076,3.9288294701e-07
89.9176,3.96042796732e-07
89.9276,3.99228959477e-07
89.9376,4.02441466483e-07
89.9476,4.05680339877e-07
89.9576,4.08945592284e-07
89.9676,4.12237226437e-07
89.9776,4.15555234768e-07
89.9876,4.18899598992e-07
89.9976,4.22270289683e-07
90.0076,4.2566726584e-07
90.0176,4.29090474442e-07
90.0276,4.32539849995e-07
90.0376,4.36015314067e-07
90.0476,4.39516774817e-07
90.0576,4.43044126512e-07
90.0676,4.46597249039e-07
90.0776,4.50176007404e-07
90.0876,4.53780251224e-07
90.0976,4.57409814214e-07
90.1076,4.61064513658e-07
90.1176,4.64744149885e-07
90.1276,4.68448505724e-07
90.1376,4.72177345964e-07
90.1476,4.75930416802e-07
90.1576,4.79707445283e-07
90.1676,4.83508138744e-07
90.1776,4.87332184244e-07
90.1876,4.91179247995e-07
90.1976,4.9504897479e-07
90.2076,4.98940987427e-07
90.2176,5.02854886131e-07
90.2276,5.0679024798e-07
90.2376,5.10746626328e-07
90.2476,5.14723550225e-07
90.2576,5.18720523849e-07
90.2676,5.22737025936e-07
90.2776,5.26772509213e-07
90.2876,5.30826399842e-07
90.2976,5.34898096868e-07
90.3076,5.38986971677e-07
90.3176,5.43092367463e-07
90.3276,5.47213598709e-07
90.3376,5.51349950679e-07
90.3476,5.55500678925e-07
90.3576,5.59665008815e-07
90.3676,5.63842135073e-07
90.3776,5.68031221343e-07
90.3876,5.72231399776e-07
90.3976,5.7644177064e-07
90.4076,5.80661401953e-07
90.4176,5.84889329152e-07
90.4276,5.89124554787e-07
90.4376,5.93366048246e-07
90.4476,5.9761274552e-07
90.4576,6.01863549002e-07
90.4676,6.06117327326e-07
90.4776,6.10372915248e-07
90.4876,6.14629113574e-07
90.4976,6.18884689125e-07
90.5076,6.23138374765e-07
90.5176,6.27388869464e-07
90.5276,6.31634838434e-07
90.5376,6.35874913301e-07
90.5476,6.40107692347e-07
90.5576,6.44331740814e-07
90.5676,6.4854559126e-07
90.5776,6.52747743992e-07
90.5876,6.56936667558e-07
90.5976,6.61110799313e-07
90.6076,6.65268546049e-07
90.6176,6.69408284708e-07
90.6276,6.73528363161e-07
90.6376,6.77627101064e-07
90.6476,6.81702790799e-07
90.6576,6.85753698482e-07
90.6676,6.89778065059e-07
90.6776,6.9377410748e-07
90.6876,6.97740019955e-07
90.6976,7.0167397529e-07
90.7076,7.05574126307e-07
90.7176,7.09438607341e-07
90.7276,7.13265535828e-07
90.7376,7.17053013963e-07
90.7476,7.20799130447e-07
90.7576,7.24501962305e-07
90.7676,7.28159576789e-07
90.7776,7.31770033354e-07
90.7876,7.35331385701e-07
90.7976,7.38841683906e-07
90.8076,7.42298976602e-07
90.8176,7.45701313234e-07
90.8276,7.49046746378e-07
90.8376,7.52333334117e-07
90.8476,7.55559142462e-07
90.8576,7.58722247839e-07
90.8676,7.61820739608e-07
90.8776,7.64852722631e-07
90.8876,7.67816319867e-07
90.8976,7.70709675001e-07
90.9076,7.73530955095e-07
90.9176,7.7627835326e-07
90.9276,7.78950091329e-07
90.9376,7.81544422544e-07
90.9476,7.84059634236e-07
90.9576,7.86494050494e-07
90.9676,7.8884603482e-07
90.9776,7.91113992757e-07
90.9876,7.93296374486e-07
90.9976,7.95391677386e-07
91.0076,7.97398448548e-07
91.0176,7.99315287224e-07
91.0276,8.01140847235e-07
91.0376,8.02873839287e-07
91.0476,8.04513033229e-07
91.0576,8.0605726022e-07
91.0676,8.07505414802e-07
91.0776,8.08856456882e-07
91.0876,8.1010941361e-07
91.0976,8.11263381145e-07
91.1076,8.12317526301e-07
91.1176,8.13271088084e-07
91.1276,8.14123379085e-07
91.1376,8.1487378676e-07
91.1476,8.15521774559e-07
91.1576,8.16066882924e-07
91.1676,8.16508730138e-07
91.1776,8.16847013034e-07
91.1876,8.1708150755e-07
91.1976,8.17212069137e-07
91.2076,8.1723863301e-07
91.2176,8.1716121425e-07
91.2276,8.16979907756e-07
91.2376,8.16694888032e-07
91.2476,8.16306408838e-07
91.2576,8.15814802674e-07
91.2676,8.15220480129e-07
91.2776,8.14523929071e-07
91.2876,8.13725713702e-07
91.2976,8.12826473468e-07
91.3076,8.11826921838e-07
91.3176,8.10727844938e-07
91.3276,8.09530100073e-07
91.3376,8.08234614119e-07
91.3476,8.06842381796e-07
91.3576,8.05354463832e-07
91.3676,8.03771985026e-07
91.3776,8.02096132209e-07
91.3876,8.00328152109e-07
91.3976,7.98469349144e-07
91.4076,7.96521083121e-07
91.4176,7.94484766877e-07
91.4276,7.92361863854e-07
91.4376,7.90153885613e-07
91.4476,7.87862389308e-07
91.4576,7.85488975109e-07
91.4676,7.83035283606e-07
91.4776,7.8050299317e-07
91.4876,7.7789381731e-07
91.4976,7.7520950201e-07
91.5076,7.72451823064e-07
91.5176,7.69622583412e-07
91.5276,7.66723610487e-07
91.5376,7.63756753578e-07
91.5476,7.60723881207e-07
91.5576,7.57626878548e-07
91.5676,7.5446764486e-07
91.5776,7.51248090978e-07
91.5876,7.47970136831e-07
91.5976,7.44635709019e-07
91.6076,7.41246738437e-07
91.6176,7.37805157958e-07
91.6276,7.34312900177e-07
91.6376,7.30771895216e-07
91.6476,7.27184068599e-07
91.6576,7.23551339195e-07
91.6676,7.19875617234e-07
91.6776,7.16158802399e-07
91.6876,7.12402781987e-07
91.6976,7.0860942916e-07
91.7076,7.04780601263e-07
91.7176,7.0091813823e-07
91.7276,6.97023861064e-07
91.7376,6.93099570403e-07
91.7476,6.89147045165e-07
91.7576,6.8516804127e-07
91.7676,6.81164290453e-07
91.7776,6.77137499142e-07
91.7876,6.73089347429e-07
91.7976,6.69021488106e-07
91.8076,6.64935545791e-07
91.8176,6.6083311612e-07
91.8276,6.56715765015e-07
91.8376,6.52585028026e-07
91.8476,6.48442409743e-07
91.8576,6.44289383278e-07
91.8676,6.40127389808e-07
91.8776,6.35957838191e-07
91.8876,6.31782104641e-07
91.8976,6.2760153246e-07
91.9076,6.23417431833e-07
91.9176,6.19231079677e-07
91.9276,6.15043719545e-07
91.9376,6.10856561577e-07
91.9476,6.06670782507e-07
91.9576,6.02487525713e-07
91.9676,5.98307901305e-07
91.9776,5.9413298627e-07
91.9876,5.8996382464e-07
91.9976,5.85801427712e-07
92.0076,5.81646774291e-07
92.0176,5.77500810976e-07
92.0276,5.7336445247e-07
92.0376,5.69238581921e-07
92.0476,5.65124051291e-07
92.0576,5.6102168175e-07
92.0676,5.56932264088e-07
92.0776,5.52856559152e-07
92.0876,5.48795298305e-07
92.0976,5.44749183891e-07
92.1076,5.40718889729e-07
92.1176,5.36705061614e-07
92.1276,5.32708317827e-07
92.1376,5.28729249664e-07
92.1476,5.24768421966e-07
92.1576,5.20826373666e-07
92.1676,5.16903618333e-07
92.1776,5.13000644727e-07
92.1876,5.09117917358e-07
92.1976,5.05255877046e-07
92.2076,5.01414941484e-07
92.2176,4.97595505803e-07
92.2276,4.93797943133e-07
92.2376,4.90022605169e-07
92.2476,4.86269822732e-07
92.2576,4.82539906322e-07
92.2676,4.78833146683e-07
92.2776,4.75149815345e-07
92.2876,4.71490165177e-07
92.2976,4.67854430927e-07
92.3076,4.64242829754e-07
92.3176,4.60655561765e-07
92.3276,4.57092810532e-07
92.3376,4.53554743611e-07
92.3476,4.50041513052e-07
92.3576,4.46553255893e-07
92.3676,4.43090094664e-07
92.3776,4.3965213786e-07
92.3876,4.36239480427e-07
92.3976,4.32852204221e-07
92.4076,4.29490378474e-07
92.4176,4.26154060236e-07
92.4276,4.22843294821e-07
92.4376,4.19558116235e-07
92.4476,4.16298547598e-07
92.4576,4.13064601557e-07
92.4676,4.09856280689e-07
92.4776,4.0667357789e-07
92.4876,4.03516476765e-07
92.4976,4.00384952001e-07
92.5076,3.97278969726e-07
92.5176,3.94198487874e-07
92.5276,3.91143456524e-07
92.5376,3.88113818242e-07
92.5476,3.85109508405e-07
92.5576,3.82130455523e-07
92.5676,3.79176581548e-07
92.5776,3.76247802176e-07
92.5876,3.73344027139e-07
92.5976,3.70465160488e-07
92.6076,3.67611100871e-07
92.6176,3.64781741798e-07
92.6276,3.619769719e-07
92.6376,3.59196675183e-07
92.6476,3.56440731267e-07
92.6576,3.53709015625e-07
92.6676,3.51001399807e-07
92.6776,3.48317751667e-07
92.6876,3.45657935566e-07
92.6976,3.43021812587e-07
92.7076,3.40409240731e-07
92.7176,3.37820075108e-07
92.7276,3.35254168123e-07
92.7376,3.32711369656e-07
92.7476,3.30191527236e-07
92.7576,3.27694486203e-07
92.7676,3.25220089875e-07
92.7776,3.22768179695e-07
92.7876,3.20338595388e-07
92.7976,3.17931175099e-07
92.8076,3.15545755533e-07
92.8176,3.13182172087e-07
92.8276,3.1084025898e-07
92.8376,3.08519849372e-07
92.8476,3.06220775484e-07
92.8576,3.03942868711e-07
92.8676,3.01685959733e-07
92.8776,2.99449878612e-07
92.8876,2.97234454901e-07
92.8976,2.95039517733e-07
92.9076,2.92864895918e-07
92.9176,2.90710418025e-07
92.9276,2.88575912471e-07
92.9376,2.864612076e-07
92.9476,2.84366131758e-07
92.9576,2.82290513369e-07
92.9676,2.80234181005e-07
92.9776,2.78196963451e-07
92.9876,2.76178689771e-07
92.9976,2.74179189365e-07
93.0076,2.72198292034e-07
93.0176,2.70235828027e-07
93.0276,2.682916281e-07
93.0376,2.66365523562e-07
93.0476,2.64457346323e-07
93.0576,2.62566928942e-07
93.0676,2.60694104664e-07
93.0776,2.58838707464e-07
93.0876,2.57000572085e-07
93.0976,2.55179534074e-07
93.1076,2.53375429814e-07
93.1176,2.51588096558e-07
93.1276,2.4981737246e-07
93.1376,2.48063096599e-07
93.1476,2.46325109012e-07
93.1576,2.44603250713e-07
93.1676,2.42897363721e-07
93.1776,2.41207291078e-07
93.1876,2.39532876873e-07
93.1976,2.37873966258e-07
93.2076,2.36230405467e-07
93.2176,2.34602041831e-07
93.2276,2.32988723794e-07
93.2376,2.31390300927e-07
93.2476,2.2980662394e-07
93.2576,2.28237544694e-07
93.2676,2.2668291621e-07
93.2776,2.25142592678e-07
93.2876,2.23616429471e-07
93.2976,2.22104283143e-07
93.3076,2.20606011445e-07
93.3176,2.19121473324e-07
93.3276,2.17650528929e-07
93.3376,2.1619303962e-07
93.3476,2.14748867965e-07
93.3576,2.13317877746e-07
93.3676,2.1189993396e-07
93.3776,2.10494902819e-07
93.3876,2.09102651755e-07
93.3976,2.07723049415e-07
93.4076,2.06355965662e-07
93.4176,2.05001271577e-07
93.4276,2.03658839453e-07
93.4376,2.02328542794e-07
93.4476,2.01010256316e-07
93.4576,1.99703855939e-07
93.4676,1.98409218786e-07
93.4776,1.97126223181e-07
93.4876,1.95854748642e-07
93.4976,1.94594675876e-07
93.5076,1.93345886778e-07
93.5176,1.92108264421e-07
93.5276,1.90881693055e-07
93.5376,1.89666058097e-07
93.5476,1.88461246128e-07
93.5576,1.87267144888e-07
93.5676,1.86083643264e-07
93.5776,1.84910631287e-07
93.5876,1.83748000126e-07
93.5976,1.82595642079e-07
93.6076,1.81453450565e-07
93.6176,1.80321320119e-07
93.6276,1.79199146381e-07
93.6376,1.78086826093e-07
93.6476,1.76984257085e-07
93.6576,1.75891338272e-07
93.6676,1.74807969643e-07
93.6776,1.73734052254e-07
93.6876,1.72669488219e-07
93.6976,1.71614180702e-07
93.7076,1.70568033908e-07
93.7176,1.69530953075e-07
93.7276,1.68502844463e-07
93.7376,1.67483615349e-07
93.7476,1.66473174016e-07
93.7576,1.65471429744e-07
93.7676,1.64478292803e-07
93.7776,1.63493674439e-07
93.7876,1.62517486872e-07
93.7976,1.61549643284e-07
93.8076,1.60590057809e-07
93.8176,1.59638645523e-07
93.8276,1.58695322439e-07
93.8376,1.57760005497e-07
93.8476,1.5683261255e-07
93.8576,1.55913062364e-07
93.8676,1.55001274599e-07
93.8776,1.54097169809e-07
93.8876,1.53200669428e-07
93.8976,1.5231169576e-07
93.9076,1.51430171977e-07
93.9176,1.50556022102e-07
93.9276,1.49689171005e-07
93.9376,1.48829544393e-07
93.9476,1.47977068801e-07
93.9576,1.47131671586e-07
93.9676,1.46293280911e-07
93.9776,1.45461825748e-07
93.9876,1.44637235857e-07
93.9976,1.43819441787e-07
94.0076,1.43008374863e-07
94.0176,1.42203967177e-07
94.0276,1.41406151585e-07
94.0376,1.40614861691e-07
94.0476,1.39830031844e-07
94.0576,1.39051597131e-07
94.0676,1.38279493362e-07
94.0776,1.3751365707e-07
94.0876,1.36754025498e-07
94.0976,1.36000536592e-07
94.1076,1.35253128996e-07
94.1176,1.34511742038e-07
94.1276,1.33776315728e-07
94.1376,1.33046790751e-07
94.1476,1.32323108452e-07
94.1576,1.31605210836e-07
94.1676,1.30893040558e-07
94.1776,1.30186540914e-07
94.1876,1.29485655836e-07
94.1976,1.28790329884e-07
94.2076,1.28100508238e-07
94.2176,1.27416136691e-07
94.2276,1.26737161643e-07
94.2376,1.26063530094e-07
94.2476,1.25395189634e-07
94.2576,1.24732088441e-07
94.2676,1.24074175272e-07
94.2776,1.23421399453e-07
94.2876,1.22773710879e-07
94.2976,1.22131060001e-07
94.3076,1.21493397824e-07
94.3176,1.20860675898e-07
94.3276,1.20232846312e-07
94.3376,1.19609861689e-07
94.3476,1.18991675178e-07
94.3576,1.1837824045e-07
94.3676,1.17769511689e-07
94.3776,1.17165443588e-07
94.3876,1.16565991343e-07
94.3976,1.15971110644e-07
94.4076,1.15380757676e-07
94.4176,1.14794889106e-07
94.4276,1.1421346208e-07
94.4376,1.13636434218e-07
94.4476,1.13063763609e-07
94.4576,1.12495408802e-07
94.4676,1.11931328806e-07
94.4776,1.11371483079e-07
94.4876,1.10815831524e-07
94.4976,1.10264334489e-07
94.5076,1.09716952754e-07
94.5176,1.0917364753e-07
94.5276,1.08634380454e-07
94.5376,1.08099113583e-07
94.5476,1.07567809389e-07
94.5576,1.07040430755e-07
94.5676,1.06516940969e-07
94.5776,1.05997303718e-07
94.5876,1.05481483087e-07
94.5976,1.04969443552e-07
94.6076,1.04461149974e-07
94.6176,1.03956567597e-07
94.6276,1.03455662042e-07
94.6376,1.02958399303e-07
94.6476,1.02464745742e-07
94.6576,1.01974668085e-07
94.6676,1.01488133419e-07
94.6776,1.01005109185e-07
94.6876,1.00525563175e-07
94.6976,1.0004946353e-07
94.7076,9.95767787311e-08
94.7176,9.91074776004e-08
94.7276,9.86415292939e-08
94.7376,9.81789032988e-08
94.7476,9.77195694289e-08
94.7576,9.72634978212e-08
94.7676,9.68106589319e-08
94.7776,9.63610235326e-08
94.7876,9.59145627066e-08
94.7976,9.54712478451e-08
94.8076,9.50310506438e-08
94.8176,9.45939430991e-08
94.8276,9.41598975044e-08
94.8376,9.3728886447e-08
94.8476,9.33008828044e-08
94.8576,9.28758597407e-08
94.8676,9.24537907037e-08
94.8776,9.20346494209e-08
94.8876,9.16184098967e-08
94.8976,9.12050464092e-08
94.9076,9.07945335065e-08
94.9176,9.03868460039e-08
94.9276,8.99819589806e-08
94.9376,8.95798477768e-08
94.9476,8.91804879902e-08
94.9576,8.87838554737e-08
94.9676,8.83899263316e-08
94.9776,8.79986769171e-08
94.9876,8.76100838295e-08
94.9976,8.7224123911e-08
95.0076,8.68407742441e-08
95.0176,8.64600121484e-08
95.0276,8.60818151785e-08
95.0376,8.57061611207e-08
95.0476,8.53330279905e-08
95.0576,8.49623940299e-08
95.0676,8.45942377049e-08
95.0776,8.42285377025e-08
95.0876,8.38652729287e-08
95.0976,8.35044225056e-08
95.1076,8.31459657688e-08
95.1176,8.27898822654e-08
95.1276,8.24361517509e-08
95.1376,8.20847541873e-08
95.1476,8.17356697407e-08
95.1576,8.13888787784e-08
95.1676,8.10443618674e-08
95.1776,8.07020997714e-08
95.1876,8.03620734489e-08
95.1976,8.00242640509e-08
95.2076,7.96886529186e-08
95.2176,7.93552215812e-08
95.2276,7.9023951754e-08
95.2376,7.86948253359e-08
95.2476,7.83678244078e-08
95.2576,7.80429312298e-08
95.2676,7.77201282398e-08
95.2776,7.73993980513e-08
95.2876,7.70807234511e-08
95.2976,7.67640873977e-08
95.3076,7.64494730192e-08
95.3176,7.61368636114e-08
95.3276,7.58262426359e-08
95.3376,7.55175937181e-08
95.3476,7.52109006454e-08
95.3576,7.49061473657e-08
95.3676,7.4603317985e-08
95.3776,7.4302396766e-08
95.3876,7.40033681263e-08
95.3976,7.37062166366e-08
95.4076,7.3410927019e-08
95.4176,7.31174841451e-08
95.4276,7.28258730346e-08
95.4376,7.25360788538e-08
95.4476,7.22480869133e-08
95.4576,7.1961882667e-08
95.4676,7.16774517103e-08
95.4776,7.13947797784e-08
95.4876,7.11138527449e-08
95.4976,7.08346566202e-08
95.5076,7.055717755e-08
95.5176,7.02814018137e-08
95.5276,7.00073158232e-08
95.5376,6.9734906121e-08
95.5476,6.94641593791e-08
95.5576,6.91950623974e-08
95.5676,6.89276021023e-08
95.5776,6.86617655455e-08
95.5876,6.83975399024e-08
95.5976,6.81349124707e-08
95.6076,6.78738706692e-08
95.6176,6.76144020365e-08
95.6276,6.73564942295e-08
95.6376,6.71001350224e-08
95.6476,6.6845312305e-08
95.6576,6.65920140818e-08
95.6676,6.63402284706e-08
95.6776,6.60899437013e-08
95.6876,6.58411481146e-08
95.6976,6.5593830161e-08
95.7076,6.53479783994e-08
95.7176,6.51035814958e-08
95.7276,6.48606282226e-08
95.7376,6.4619107457e-08
95.7476,6.43790081802e-08
95.7576,6.41403194761e-08
95.7676,6.390303053e-08
95.7776,6.3667130628e-08
95.7876,6.34326091554e-08
95.7976,6.31994555962e-08
95.8076,6.29676595314e-08
95.8176,6.27372106383e-08
95.8276,6.25080986898e-08
95.8376,6.22803135525e-08
95.8476,6.20538451867e-08
95.8576,6.18286836447e-08
95.8676,6.16048190699e-08
95.8776,6.13822416964e-08
95.8876,6.11609418472e-08
95.8976,6.09409099339e-08
95.9076,6.07221364555e-08
95.9176,6.05046119975e-08
95.9276,6.02883272309e-08
95.9376,6.00732729116e-08
95.9476,5.98594398791e-08
95.9576,5.9646819056e-08
95.9676,5.94354014468e-08
95.9776,5.92251781372e-08
95.9876,5.90161402933e-08
95.9976,5.88082791607e-08
96.0076,5.86015860636e-08
96.0176,5.83960524042e-08
96.0276,5.81916696615e-08
96.0376,5.79884293908e-08
96.0476,5.77863232229e-08
96.0576,5.75853428633e-08
96.0676,5.73854800912e-08
96.0776,5.71867267591e-08
96.0876,5.69890747918e-08
96.0976,5.67925161855e-08
96.1076,5.65970430076e-08
96.1176,5.64026473955e-08
96.1276,5.62093215558e-08
96.1376,5.60170577642e-08
96.1476,5.58258483641e-08
96.1576,5.56356857664e-08
96.1676,5.54465624483e-08
96.1776,5.52584709533e-08
96.1876,5.50714038899e-08
96.1976,5.48853539313e-08
96.2076,5.47003138147e-08
96.2176,5.45162763403e-08
96.2276,5.43332343713e-08
96.2376,5.41511808327e-08
96.2476,5.39701087108e-08
96.2576,5.37900110529e-08
96.2676,5.36108809661e-08
96.2776,5.34327116174e-08
96.2876,5.32554962326e-08
96.2976,5.30792280956e-08
96.3076,5.29039005483e-08
96.3176,5.27295069898e-08
96.3276,5.25560408758e-08
96.3376,5.23834957177e-08
96.3476,5.22118650828e-08
96.3576,5.20411425931e-08
96.3676,5.1871321925e-08
96.3776,5.17023968087e-08
96.3876,5.15343610278e-08
96.3976,5.13672084185e-08
96.4076,5.12009328695e-08
96.4176,5.10355283208e-08
96.4276,5.0870988764e-08
96.4376,5.07073082413e-08
96.4476,5.0544480845e-08
96.4576,5.03825007172e-08
96.4676,5.02213620492e-08
96.4776,5.00610590809e-08
96.4876,4.99015861008e-08
96.4976,4.97429374448e-08
96.5076,4.95851074963e-08
96.5176,4.94280906855e-08
96.5276,4.92718814892e-08
96.5376,4.91164744298e-08
96.5476,4.89618640754e-08
96.5576,4.88080450391e-08
96.5676,4.86550119786e-08
96.5776,4.8502759596e-08
96.5876,4.83512826367e-08
96.5976,4.82005758898e-08
96.6076,4.80506341873e-08
96.6176,4.79014524035e-08
96.6276,4.77530254548e-08
96.6376,4.76053482995e-08
96.6476,4.7458415937e-08
96.6576,4.73122234077e-08
96.6676,4.71667657923e-08
96.6776,4.70220382118e-08
96.6876,4.68780358269e-08
96.6976,4.67347538375e-08
96.7076,4.65921874826e-08
96.7176,4.64503320397e-08
96.7276,4.63091828247e-08
96.7376,4.61687351912e-08
96.7476,4.60289845303e-08
96.7576,4.58899262704e-08
96.7676,4.57515558766e-08
96.7776,4.56138688503e-08
96.7876,4.54768607293e-08
96.7976,4.53405270871e-08
96.8076,4.52048635324e-08
96.8176,4.50698657092e-08
96.8276,4.49355292963e-08
96.8376,4.48018500068e-08
96.8476,4.4668823588e-08
96.8576,4.4536445821e-08
96.8676,4.44047125204e-08
96.8776,4.42736195339e-08
96.8876,4.4143162742e-08
96.8976,4.40133380581e-08
96.9076,4.38841414274e-08
96.9176,4.37555688273e-08
96.9276,4.3627616267e-08
96.9376,4.35002797867e-08
96.9476,4.3373555458e-08
96.9576,4.32474393831e-08
96.9676,4.31219276948e-08
96.9776,4.29970165561e-08
96.9876,4.28727021599e-08
96.9976,4.27489807289e-08
97.0076,4.2625848515e-08
97.0176,4.25033017993e-08
97.0276,4.2381336892e-08
97.0376,4.22599501316e-08
97.0476,4.2139137885e-08
97.0576,4.20188965473e-08
97.0676,4.18992225413e-08
97.0776,4.17801123175e-08
97.0876,4.16615623536e-08
97.0976,4.15435691544e-08
97.1076,4.14261292517e-08
97.1176,4.13092392035e-08
97.1276,4.11928955946e-08
97.1376,4.10770950356e-08
97.1476,4.0961834163e-08
97.1576,4.08471096392e-08
97.1676,4.07329181517e-08
97.1776,4.06192564134e-08
97.1876,4.0506121162e-08
97.1976,4.039350916e-08
97.2076,4.02814171944e-08
97.2176,4.01698420766e-08
97.2276,4.00587806419e-08
97.2376,3.99482297497e-08
97.2476,3.98381862827e-08
97.2576,3.97286471474e-08
97.2676,3.96196092733e-08
97.2776,3.9511069613e-08
97.2876,3.94030251421e-08
97.2976,3.92954728584e-08
97.3076,3.91884097826e-08
97.3176,3.90818329574e-08
97.3276,3.89757394474e-08
97.3376,3.88701263393e-08
97.3476,3.87649907412e-08
97.3576,3.86603297829e-08
97.3676,3.85561406153e-08
97.3776,3.84524204104e-08
97.3876,3.83491663611e-08
97.3976,3.82463756811e-08
97.4076,3.81440456046e-08
97.4176,3.8042173386e-08
97.4276,3.79407563002e-08
97.4376,3.78397916417e-08
97.4476,3.77392767252e-08
97.4576,3.76392088848e-08
97.4676,3.75395854743e-08
97.4776,3.74404038667e-08
97.4876,3.73416614541e-08
97.4976,3.72433556477e-08
97.5076,3.71454838774e-08
97.5176,3.7048043592e-08
97.5276,3.69510322586e-08
97.5376,3.68544473626e-08
97.5476,3.67582864079e-08
97.5576,3.6662546916e-08
97.5676,3.65672264266e-08
97.5776,3.6472322497e-08
97.5876,3.63778327022e-08
97.5976,3.62837546345e-08
97.6076,3.61900859034e-08
97.6176,3.60968241358e-08
97.6276,3.60039669753e-08
97.6376,3.59115120826e-08
97.6476,3.58194571349e-08
97.6576,3.5727799826e-08
97.6676,3.56365378663e-08
97.6776,3.55456689822e-08
97.6876,3.54551909164e-08
97.6976,3.53651014277e-08
97.7076,3.52753982906e-08
97.7176,3.51860792954e-08
97.7276,3.50971422481e-08
97.7376,3.50085849701e-08
97.7476,3.4920405298e-08
97.7576,3.4832601084e-08
97.7676,3.47451701951e-08
97.7776,3.46581105132e-08
97.7876,3.45714199355e-08
97.7976,3.44850963733e-08
97.8076,3.43991377531e-08
97.8176,3.43135420154e-08
97.8276,3.42283071154e-08
97.8376,3.41434310224e-08
97.8476,3.40589117197e-08
97.8576,3.39747472049e-08
97.8676,3.38909354892e-08
97.8776,3.38074745979e-08
97.8876,3.37243625696e-08
97.8976,3.36415974568e-08
97.9076,3.35591773252e-08
97.9176,3.34771002539e-08
97.9276,3.33953643353e-08
97.9376,3.33139676748e-08
97.9476,3.32329083909e-08
97.9576,3.3152184615e-08
97.9676,3.30717944913e-08
97.9776,3.29917361767e-08
97.9876,3.29120078405e-08
97.9976,3.28326076648e-08
98.0076,3.2753533844e-08
98.0176,3.26747845846e-08
98.0276,3.25963581056e-08
98.0376,3.25182526378e-08
98.0476,3.24404664241e-08
98.0576,3.23629977194e-08
98.0676,3.22858447904e-08
98.0776,3.22090059153e-08
98.0876,3.21324793841e-08
98.0976,3.20562634983e-08
98.1076,3.19803565708e-08
98.1176,3.19047569258e-08
98.1276,3.18294628989e-08
98.1376,3.17544728367e-08
98.1476,3.16797850969e-08
98.1576,3.16053980482e-08
98.1676,3.15313100704e-08
98.1776,3.14575195537e-08
98.1876,3.13840248993e-08
98.1976,3.13108245191e-08
98.2076,3.12379168353e-08
98.2176,3.11653002808e-08
98.2276,3.10929732987e-08
98.2376,3.10209343427e-08
98.2476,3.09491818765e-08
98.2576,3.08777143738e-08
98.2676,3.08065303188e-08
98.2776,3.07356282053e-08
98.2876,3.06650065372e-08
98.2976,3.05946638282e-08
98.3076,3.05245986018e-08
98.3176,3.04548093911e-08
98.3276,3.03852947388e-08
98.3376,3.03160531972e-08
98.3476,3.02470833281e-08
98.3576,3.01783837025e-08
98.3676,3.01099529009e-08
98.3776,3.0041789513e-08
98.3876,2.99738921375e-08
98.3976,2.99062593825e-08
98.4076,2.98388898648e-08
98.4176,2.97717822105e-08
98.4276,2.97049350542e-08
98.4376,2.96383470397e-08
98.4476,2.95720168193e-08
98.4576,2.95059430541e-08
98.4676,2.94401244138e-08
98.4776,2.93745595766e-08
98.4876,2.93092472293e-08
98.4976,2.92441860669e-08
98.5076,2.91793747932e-08
98.5176,2.91148121197e-08
98.5276,2.90504967667e-08
98.5376,2.89864274622e-08
98.5476,2.89226029427e-08
98.5576,2.88590219525e-08
98.5676,2.8795683244e-08
98.5776,2.87325855775e-08
98.5876,2.8669727721e-08
98.5976,2.86071084507e-08
98.6076,2.85447265501e-08
98.6176,2.84825808108e-08
98.6276,2.84206700316e-08
98.6376,2.83589930193e-08
98.6476,2.8297548588e-08
98.6576,2.82363355593e-08
98.6676,2.81753527621e-08
98.6776,2.81145990328e-08
98.6876,2.80540732151e-08
98.6976,2.79937741598e-08
98.7076,2.7933700725e-08
98.7176,2.7873851776e-08
98.7276,2.7814226185e-08
98.7376,2.77548228313e-08
98.7476,2.76956406014e-08
98.7576,2.76366783882e-08
98.7676,2.75779350921e-08
98.7776,2.75194096199e-08
98.7876,2.74611008853e-08
98.7976,2.74030078088e-08
98.8076,2.73451293173e-08
98.8176,2.72874643447e-08
98.8276,2.72300118313e-08
98.8376,2.71727707239e-08
98.8476,2.71157399757e-08
98.8576,2.70589185466e-08
98.8676,2.70023054027e-08
98.8776,2.69458995164e-08
98.8876,2.68896998665e-08
98.8976,2.6833705438e-08
98.9076,2.67779152222e-08
98.9176,2.67223282163e-08
98.9276,2.66669434239e-08
98.9376,2.66117598545e-08
98.9476,2.65567765238e-08
98.9576,2.65019924531e-08
98.9676,2.64474066702e-08
98.9776,2.63930182083e-08
98.9876,2.63388261066e-08
98.9976,2.62848294103e-08
99.0076,2.62310271702e-08
99.0176,2.61774184427e-08
99.0276,2.61240022902e-08
99.0376,2.60707777805e-08
99.0476,2.6017743987e-08
99.0576,2.5964899989e-08
99.0676,2.59122448708e-08
99.0776,2.58597777226e-08
99.0876,2.58074976398e-08
99.0976,2.57554037235e-08
99.1076,2.57034950798e-08
99.1176,2.56517708204e-08
99.1276,2.56002300621e-08
99.1376,2.55488719273e-08
99.1476,2.54976955431e-08
99.1576,2.54467000422e-08
99.1676,2.53958845623e-08
99.1776,2.53452482462e-08
99.1876,2.52947902418e-08
99.1976,2.5244509702e-08
99.2076,2.51944057848e-08
99.2176,2.5144477653e-08
99.2276,2.50947244744e-08
99.2376,2.50451454218e-08
99.2476,2.49957396728e-08
99.2576,2.49465064098e-08
99.2676,2.48974448199e-08
99.2776,2.48485540953e-08
99.2876,2.47998334324e-08
99.2976,2.47512820328e-08
99.3076,2.47028991025e-08
99.3176,2.46546838522e-08
99.3276,2.46066354972e-08
99.3376,2.45587532573e-08
99.3476,2.45110363569e-08
99.3576,2.44634840249e-08
99.3676,2.44160954946e-08
99.3776,2.43688700039e-08
99.3876,2.4321806795e-08
99.3976,2.42749051145e-08
99.4076,2.42281642132e-08
99.4176,2.41815833466e-08
99.4276,2.41351617741e-08
99.4376,2.40888987595e-08
99.4476,2.40427935709e-08
99.4576,2.39968454806e-08
99.4676,2.3951053765e-08
99.4776,2.39054177046e-08
99.4876,2.38599365841e-08
99.4976,2.38146096923e-08
99.5076,2.37694363221e-08
99.5176,2.37244157704e-08
99.5276,2.36795473379e-08
99.5376,2.36348303296e-08
99.5476,2.35902640543e-08
99.5576,2.35458478248e-08
99.5676,2.35015809575e-08
99.5776,2.34574627732e-08
99.5876,2.34134925961e-08
99.5976,2.33696697544e-08
99.6076,2.332599358e-08
99.6176,2.32824634088e-08
99.6276,2.32390785803e-08
99.6376,2.31958384375e-08
99.6476,2.31527423274e-08
99.6576,2.31097896007e-08
99.6676,2.30669796114e-08
99.6776,2.30243117175e-08
99.6876,2.29817852803e-08
99.6976,2.29393996649e-08
99.7076,2.28971542398e-08
99.7176,2.28550483772e-08
99.7276,2.28130814525e-08
99.7376,2.27712528448e-08
99.7476,2.27295619367e-08
99.7576,2.2688008114e-08
99.7676,2.26465907662e-08
99.7776,2.2605309286e-08
99.7876,2.25641630695e-08
99.7976,2.25231515161e-08
99.8076,2.24822740286e-08
99.8176,2.24415300131e-08
99.8276,2.24009188788e-08
99.8376,2.23604400385e-08
99.8476,2.23200929079e-08
99.8576,2.2279876906e-08
99.8676,2.22397914552e-08
99.8776,2.21998359808e-08
99.8876,2.21600099114e-08
99.8976,2.21203126786e-08
99.9076,2.20807437172e-08
99.9176,2.20413024652e-08
99.9276,2.20019883635e-08
99.9376,2.1962800856e-08
99.9476,2.19237393898e-08
99.9576,2.1884803415e-08
99.9676,2.18459923845e-08
99.9776,2.18073057544e-08
99.9876,2.17687429836e-08
99.9976,2.1730303534e-08
100.0076,2.16919868704e-08
100.0176,2.16537924604e-08
100.0276,2.16157197747e-08
100.0376,2.15777682866e-08
100.0476,2.15399374724e-08
100.0576,2.15022268112e-08
100.0676,2.14646357848e-08
100.0776,2.1427163878e-08
100.0876,2.13898105781e-08
100.0976,2.13525753753e-08
100.1076,2.13154577626e-08
100.1176,2.12784572355e-08
100.1276,2.12415732924e-08
100.1376,2.12048054343e-08
100.1476,2.11681531648e-08
100.1576,2.11316159903e-08
100.1676,2.10951934196e-08
100.1776,2.10588849644e-08
100.1876,2.10226901387e-08
100.1976,2.09866084593e-08
100.2076,2.09506394455e-08
100.2176,2.09147826191e-08
100.2276,2.08790375044e-08
100.2376,2.08434036284e-08
100.2476,2.08078805203e-08
100.2576,2.07724677121e-08
100.2676,2.07371647381e-08
100.2776,2.0701971135e-08
100.2876,2.06668864421e-08
100.2976,2.0631910201e-08
100.3076,2.05970419556e-08
100.3176,2.05622812525e-08
100.3276,2.05276276405e-08
100.3376,2.04930806706e-08
100.3476,2.04586398964e-08
100.3576,2.04243048738e-08
100.3676,2.03900751608e-08
100.3776,2.0355950318e-08
100.3876,2.03219299081e-08
100.3976,2.02880134962e-08
100.4076,2.02542006494e-08
100.4176,2.02204909373e-08
100.4276,2.01868839317e-08
100.4376,2.01533792066e-08
100.4476,2.0119976338e-08
100.4576,2.00866749045e-08
100.4676,2.00534744865e-08
100.4776,2.00203746668e-08
100.4876,1.99873750302e-08
100.4976,1.99544751637e-08
100.5076,1.99216746564e-08
100.5176,1.98889730996e-08
100.5276,1.98563700866e-08
100.5376,1.98238652128e-08
100.5476,1.97914580758e-08
100.5576,1.97591482749e-08
100.5676,1.9726935412e-08
100.5776,1.96948190905e-08
100.5876,1.96627989161e-08
100.5976,1.96308744966e-08
100.6076,1.95990454415e-08
100.6176,1.95673113625e-08
100.6276,1.95356718733e-08
100.6376,1.95041265894e-08
100.6476,1.94726751283e-08
100.6576,1.94413171095e-08
100.6676,1.94100521545e-08
100.6776,1.93788798865e-08
100.6876,1.93477999307e-08
100.6976,1.93168119142e-08
100.7076,1.92859154661e-08
100.7176,1.92551102172e-08
100.7276,1.92243958002e-08
100.7376,1.91937718497e-08
100.7476,1.9163238002e-08
100.7576,1.91327938954e-08
100.7676,1.91024391698e-08
100.7776,1.90721734673e-08
100.7876,1.90419964313e-08
100.7976,1.90119077072e-08
100.8076,1.89819069424e-08
100.8176,1.89519937856e-08
100.8276,1.89221678876e-08
100.8376,1.88924289009e-08
100.8476,1.88627764794e-08
100.8576,1.88332102793e-08
100.8676,1.88037299579e-08
100.8776,1.87743351747e-08
100.8876,1.87450255906e-08
100.8976,1.87158008681e-08
100.9076,1.86866606717e-08
100.9176,1.86576046673e-08
100.9276,1.86286325226e-08
100.9376,1.85997439067e-08
100.9476,1.85709384906e-08
100.9576,1.85422159469e-08
100.9676,1.85135759495e-08
100.9776,1.84850181743e-08
100.9876,1.84565422985e-08
100.9976,1.8428148001e-08
101.0076,1.83998349624e-08
101.0176,1.83716028646e-08
101.0276,1.83434513912e-08
101.0376,1.83153802273e-08
101.0476,1.82873890597e-08
101.0576,1.82594775765e-08
101.0676,1.82316454674e-08
101.0776,1.82038924237e-08
101.0876,1.8176218138e-08
101.0976,1.81486223046e-08
101.1076,1.81211046191e-08
101.1176,1.80936647788e-08
101.1276,1.80663024823e-08
101.1376,1.80390174296e-08
101.1476,1.80118093224e-08
101.1576,1.79846778636e-08
101.1676,1.79576227576e-08
101.1776,1.79306437103e-08
101.1876,1.79037404289e-08
101.1976,1.78769126221e-08
101.2076,1.785016e-08
101.2176,1.7823482274e-08
101.2276,1.7796879157e-08
101.2376,1.77703503632e-08
101.2476,1.77438956081e-08
101.2576,1.77175146088e-08
101.2676,1.76912070835e-08
101.2776,1.76649727519e-08
101.2876,1.76388113349e-08
101.2976,1.76127225549e-08
101.3076,1.75867061355e-08
101.3176,1.75607618016e-08
101.3276,1.75348892796e-08
101.3376,1.75090882969e-08
101.3476,1.74833585824e-08
101.3576,1.74576998663e-08
101.3676,1.74321118799e-08
101.3776,1.74065943559e-08
101.3876,1.73811470284e-08
101.3976,1.73557696323e-08
101.4076,1.73304619044e-08
101.4176,1.73052235821e-08
101.4276,1.72800544045e-08
101.4376,1.72549541116e-08
101.4476,1.7229922445e-08
101.4576,1.72049591471e-08
101.4676,1.71800639617e-08
101.4776,1.71552366339e-08
101.4876,1.71304769098e-08
101.4976,1.71057845369e-08
101.5076,1.70811592636e-08
101.5176,1.70566008398e-08
101.5276,1.70321090162e-08
101.5376,1.7007683545e-08
101.5476,1.69833241794e-08
101.5576,1.69590306738e-08
101.5676,1.69348027836e-08
101.5776,1.69106402655e-08
101.5876,1.68865428773e-08
101.5976,1.68625103778e-08
101.6076,1.68385425271e-08
101.6176,1.68146390863e-08
101.6276,1.67907998176e-08
101.6376,1.67670244843e-08
101.6476,1.67433128509e-08
101.6576,1.67196646828e-08
101.6676,1.66960797466e-08
101.6776,1.667255781e-08
101.6876,1.66490986417e-08
101.6976,1.66257020115e-08
101.7076,1.66023676902e-08
101.7176,1.65790954497e-08
101.7276,1.6555885063e-08
101.7376,1.6532736304e-08
101.7476,1.65096489478e-08
101.7576,1.64866227703e-08
101.7676,1.64636575486e-08
101.7776,1.64407530609e-08
101.7876,1.64179090861e-08
101.7976,1.63951254045e-08
101.8076,1.6372401797e-08
101.8176,1.63497380458e-08
101.8276,1.63271339339e-08
101.8376,1.63045892455e-08
101.8476,1.62821037654e-08
101.8576,1.62596772799e-08
101.8676,1.62373095758e-08
101.8776,1.6215000441e-08
101.8876,1.61927496646e-08
101.8976,1.61705570362e-08
101.9076,1.61484223469e-08
101.9176,1.61263453882e-08
101.9276,1.61043259528e-08
101.9376,1.60823638344e-08
101.9476,1.60604588276e-08
101.9576,1.60386107277e-08
101.9676,1.60168193311e-08
101.9776,1.59950844352e-08
101.9876,1.59734058382e-08
101.9976,1.5951783339e-08
102.0076,1.59302167378e-08
102.0176,1.59087058355e-08
102.0276,1.58872504337e-08
102.0376,1.58658503352e-08
102.0476,1.58445053435e-08
102.0576,1.5823215263e-08
102.0676,1.58019798991e-08
102.0776,1.57807990577e-08
102.0876,1.57596725461e-08
102.0976,1.5738600172e-08
102.1076,1.57175817441e-08
102.1176,1.5696617072e-08
102.1276,1.56757059661e-08
102.1376,1.56548482377e-08
102.1476,1.56340436987e-08
102.1576,1.56132921622e-08
102.1676,1.55925934419e-08
102.1776,1.55719473522e-08
102.1876,1.55513537086e-08
102.1976,1.55308123273e-08
102.2076,1.55103230251e-08
102.2176,1.548988562e-08
102.2276,1.54694999304e-08
102.2376,1.54491657758e-08
102.2476,1.54288829763e-08
102.2576,1.54086513529e-08
102.2676,1.53884707273e-08
102.2776,1.5368340922e-08
102.2876,1.53482617603e-08
102.2976,1.53282330663e-08
102.3076,1.53082546648e-08
102.3176,1.52883263814e-08
102.3276,1.52684480424e-08
102.3376,1.52486194749e-08
102.3476,1.52288405068e-08
102.3576,1.52091109667e-08
102.3676,1.51894306838e-08
102.3776,1.51697994883e-08
102.3876,1.5150217211e-08
102.3976,1.51306836834e-08
102.4076,1.51111987377e-08
102.4176,1.50917622071e-08
102.4276,1.50723739251e-08
102.4376,1.50530337262e-08
102.4476,1.50337414456e-08
102.4576,1.5014496919e-08
102.4676,1.49952999831e-08
102.4776,1.49761504751e-08
102.4876,1.49570482329e-08
102.4976,1.49379930952e-08
102.5076,1.49189849012e-08
102.5176,1.49000234912e-08
102.5276,1.48811087056e-08
102.5376,1.4862240386e-08
102.5476,1.48434183744e-08
102.5576,1.48246425135e-08
102.5676,1.48059126467e-08
102.5776,1.47872286181e-08
102.5876,1.47685902724e-08
102.5976,1.4749997455e-08
102.6076,1.4731450012e-08
102.6176,1.471294779e-08
102.6276,1.46944906364e-08
102.6376,1.46760783992e-08
102.6476,1.46577109271e-08
102.6576,1.46393880693e-08
102.6676,1.46211096757e-08
102.6776,1.46028755969e-08
102.6876,1.4584685684e-08
102.6976,1.45665397889e-08
102.7076,1.4548437764e-08
102.7176,1.45303794624e-08
102.7276,1.45123647376e-08
102.7376,1.4494393444e-08
102.7476,1.44764654365e-08
102.7576,1.44585805705e-08
102.7676,1.44407387023e-08
102.7776,1.44229396883e-08
102.7876,1.44051833861e-08
102.7976,1.43874696535e-08
102.8076,1.43697983489e-08
102.8176,1.43521693315e-08
102.8276,1.4334582461e-08
102.8376,1.43170375975e-08
102.8476,1.42995346019e-08
102.8576,1.42820733357e-08
102.8676,1.42646536608e-08
102.8776,1.42472754398e-08
102.8876,1.42299385358e-08
102.8976,1.42126428126e-08
102.9076,1.41953881343e-08
102.9176,1.41781743659e-08
102.9276,1.41610013726e-08
102.9376,1.41438690205e-08
102.9476,1.41267771759e-08
102.9576,1.41097257061e-08
102.9676,1.40927144785e-08
102.9776,1.40757433613e-08
102.9876,1.40588122232e-08
102.9976,1.40419209333e-08
103.0076,1.40250693615e-08
103.0176,1.4008257378e-08
103.0276,1.39914848537e-08
103.0376,1.39747516599e-08
103.0476,1.39580576684e-08
103.0576,1.39414027517e-08
103.0676,1.39247867827e-08
103.0776,1.39082096348e-08
103.0876,1.3891671182e-08
103.0976,1.38751712987e-08
103.1076,1.385870986e-08
103.1176,1.38422867413e-08
103.1276,1.38259018186e-08
103.1376,1.38095549684e-08
103.1476,1.37932460677e-08
103.1576,1.37769749941e-08
103.1676,1.37607416254e-08
103.1776,1.37445458402e-08
103.1876,1.37283875175e-08
103.1976,1.37122665367e-08
103.2076,1.36961827779e-08
103.2176,1.36801361213e-08
103.2276,1.36641264481e-08
103.2376,1.36481536395e-08
103.2476,1.36322175774e-08
103.2576,1.36163181442e-08
103.2676,1.36004552228e-08
103.2776,1.35846286964e-08
103.2876,1.35688384488e-08
103.2976,1.35530843642e-08
103.3076,1.35373663273e-08
103.3176,1.35216842233e-08
103.3276,1.35060379379e-08
103.3376,1.3490427357e-08
103.3476,1.34748523672e-08
103.3576,1.34593128555e-08
103.3676,1.34438087093e-08
103.3776,1.34283398166e-08
103.3876,1.34129060656e-08
103.3976,1.33975073451e-08
103.4076,1.33821435443e-08
103.4176,1.33668145529e-08
103.4276,1.3351520261e-08
103.4376,1.33362605591e-08
103.4476,1.33210353382e-08
103.4576,1.33058444896e-08
103.4676,1.32906879053e-08
103.4776,1.32755654773e-08
103.4876,1.32604770985e-08
103.4976,1.3245422662e-08
103.5076,1.32304020612e-08
103.5176,1.321541519e-08
103.5276,1.3200461943e-08
103.5376,1.31855422147e-08
103.5476,1.31706559005e-08
103.5576,1.31558028959e-08
103.5676,1.31409830969e-08
103.5776,1.31261964e-08
103.5876,1.3111442702e-08
103.5976,1.30967219e-08
103.6076,1.30820338919e-08
103.6176,1.30673785754e-08
103.6276,1.30527558492e-08
103.6376,1.30381656121e-08
103.6476,1.30236077631e-08
103.6576,1.30090822021e-08
103.6676,1.29945888289e-08
103.6776,1.2980127544e-08
103.6876,1.29656982481e-08
103.6976,1.29513008425e-08
103.7076,1.29369352286e-08
103.7176,1.29226013084e-08
103.7276,1.29082989843e-08
103.7376,1.28940281588e-08
103.7476,1.28797887352e-08
103.7576,1.28655806167e-08
103.7676,1.28514037073e-08
103.7776,1.28372579112e-08
103.7876,1.28231431328e-08
103.7976,1.28090592771e-08
103.8076,1.27950062494e-08
103.8176,1.27809839555e-08
103.8276,1.27669923011e-08
103.8376,1.27530311929e-08
103.8476,1.27391005375e-08
103.8576,1.27252002419e-08
103.8676,1.27113302138e-08
103.8776,1.26974903608e-08
103.8876,1.26836805911e-08
103.8976,1.26699008134e-08
103.9076,1.26561509363e-08
103.9176,1.26424308691e-08
103.9276,1.26287405215e-08
103.9376,1.26150798032e-08
103.9476,1.26014486246e-08
103.9576,1.25878468962e-08
103.9676,1.25742745289e-08
103.9776,1.25607314341e-08
103.9876,1.25472175234e-08
103.9976,1.25337327086e-08
104.0076,1.25202769021e-08
104.0176,1.25068500164e-08
104.0276,1.24934519645e-08
104.0376,1.24800826598e-08
104.0476,1.24667420157e-08
104.0576,1.24534299461e-08
104.0676,1.24401463655e-08
104.0776,1.24268911882e-08
104.0876,1.24136643293e-08
104.0976,1.24004657039e-08
104.1076,1.23872952276e-08
104.1176,1.23741528161e-08
104.1276,1.23610383858e-08
104.1376,1.23479518531e-08
104.1476,1.23348931347e-08
104.1576,1.23218621478e-08
104.1676,1.23088588098e-08
104.1776,1.22958830385e-08
104.1876,1.22829347518e-08
104.1976,1.22700138682e-08
104.2076,1.22571203062e-08
104.2176,1.22442539848e-08
104.2276,1.22314148234e-08
104.2376,1.22186027414e-08
104.2476,1.22058176586e-08
104.2576,1.21930594954e-08
104.2676,1.2180328172e-08
104.2776,1.21676236093e-08
104.2876,1.21549457283e-08
104.2976,1.21422944504e-08
104.3076,1.21296696971e-08
104.3176,1.21170713905e-08
104.3276,1.21044994526e-08
104.3376,1.2091953806e-08
104.3476,1.20794343735e-08
104.3576,1.20669410781e-08
104.3676,1.20544738433e-08
104.3776,1.20420325926e-08
104.3876,1.20296172499e-08
104.3976,1.20172277395e-08
104.4076,1.20048639859e-08
104.4176,1.19925259137e-08
104.4276,1.19802134481e-08
104.4376,1.19679265142e-08
104.4476,1.19556650378e-08
104.4576,1.19434289447e-08
104.4676,1.19312181609e-08
104.4776,1.1919032613e-08
104.4876,1.19068722275e-08
104.4976,1.18947369314e-08
104.5076,1.18826266519e-08
104.5176,1.18705413164e-08
104.5276,1.18584808528e-08
104.5376,1.18464451889e-08
104.5476,1.18344342531e-08
104.5576,1.18224479739e-08
104.5676,1.18104862801e-08
104.5776,1.17985491006e-08
104.5876,1.17866363648e-08
104.5976,1.17747480023e-08
104.6076,1.17628839429e-08
104.6176,1.17510441166e-08
104.6276,1.17392284537e-08
104.6376,1.17274368848e-08
104.6476,1.17156693408e-08
104.6576,1.17039257527e-08
104.6676,1.16922060518e-08
104.6776,1.16805101697e-08
104.6876,1.16688380382e-08
104.6976,1.16571895895e-08
104.7076,1.16455647557e-08
104.7176,1.16339634694e-08
104.7276,1.16223856635e-08
104.7376,1.16108312709e-08
104.7476,1.1599300225e-08
104.7576,1.15877924593e-08
104.7676,1.15763079074e-08
104.7776,1.15648465035e-08
104.7876,1.15534081817e-08
104.7976,1.15419928765e-08
104.8076,1.15306005225e-08
104.8176,1.15192310549e-08
104.8276,1.15078844085e-08
104.8376,1.1496560519e-08
104.8476,1.14852593219e-08
104.8576,1.14739807531e-08
104.8676,1.14627247486e-08
104.8776,1.14514912447e-08
104.8876,1.14402801781e-08
104.8976,1.14290914854e-08
104.9076,1.14179251037e-08
104.9176,1.14067809701e-08
104.9276,1.13956590221e-08
104.9376,1.13845591974e-08
104.9476,1.13734814338e-08
104.9576,1.13624256695e-08
104.9676,1.13513918426e-08
104.9776,1.13403798919e-08
104.9876,1.13293897559e-08
104.9976,1.13184213738e-08
105.0076,1.13074746846e-08
105.0176,1.12965496278e-08
105.0276,1.1285646143e-08
105.0376,1.127476417e-08
105.0476,1.12639036488e-08
105.0576,1.12530645197e-08
105.0676,1.12422467232e-08
105.0776,1.12314501998e-08
105.0876,1.12206748905e-08
105.0976,1.12099207364e-08
105.1076,1.11991876787e-08
105.1176,1.1188475659e-08
105.1276,1.11777846188e-08
105.1376,1.11671145002e-08
105.1476,1.11564652452e-08
105.1576,1.11458367961e-08
105.1676,1.11352290955e-08
105.1776,1.1124642086e-08
105.1876,1.11140757106e-08
105.1976,1.11035299123e-08
105.2076,1.10930046345e-08
105.2176,1.10824998206e-08
105.2276,1.10720154144e-08
105.2376,1.10615513597e-08
105.2476,1.10511076006e-08
105.2576,1.10406840814e-08
105.2676,1.10302807466e-08
105.2776,1.10198975409e-08
105.2876,1.1009534409e-08
105.2976,1.09991912961e-08
105.3076,1.09888681473e-08
105.3176,1.09785649082e-08
105.3276,1.09682815242e-08
105.3376,1.09580179413e-08
105.3476,1.09477741053e-08
105.3576,1.09375499626e-08
105.3676,1.09273454594e-08
105.3776,1.09171605422e-08
105.3876,1.09069951579e-08
105.3976,1.08968492532e-08
105.4076,1.08867227754e-08
105.4176,1.08766156716e-08
105.4276,1.08665278893e-08
105.4376,1.08564593763e-08
105.4476,1.08464100801e-08
105.4576,1.0836379949e-08
105.4676,1.08263689309e-08
105.4776,1.08163769744e-08
105.4876,1.08064040278e-08
105.4976,1.07964500399e-08
105.5076,1.07865149596e-08
105.5176,1.07765987359e-08
105.5276,1.0766701318e-08
105.5376,1.07568226553e-08
105.5476,1.07469626974e-08
105.5576,1.0737121394e-08
105.5676,1.07272986951e-08
105.5776,1.07174945506e-08
105.5876,1.07077089109e-08
105.5976,1.06979417263e-08
105.6076,1.06881929474e-08
105.6176,1.0678462525e-08
105.6276,1.066875041e-08
105.6376,1.06590565535e-08
105.6476,1.06493809067e-08
105.6576,1.0639723421e-08
105.6676,1.0630084048e-08
105.6776,1.06204627394e-08
105.6876,1.06108594471e-08
105.6976,1.06012741233e-08
105.7076,1.059170672e-08
105.7176,1.05821571897e-08
105.7276,1.05726254849e-08
105.7376,1.05631115584e-08
105.7476,1.0553615363e-08
105.7576,1.05441368516e-08
105.7676,1.05346759776e-08
105.7776,1.05252326941e-08
105.7876,1.05158069547e-08
105.7976,1.05063987131e-08
105.8076,1.0497007923e-08
105.8176,1.04876345383e-08
105.8276,1.04782785133e-08
105.8376,1.0468939802e-08
105.8476,1.04596183591e-08
105.8576,1.04503141389e-08
105.8676,1.04410270963e-08
105.8776,1.0431757186e-08
105.8876,1.04225043631e-08
105.8976,1.04132685828e-08
105.9076,1.04040498003e-08
105.9176,1.03948479712e-08
105.9276,1.0385663051e-08
105.9376,1.03764949955e-08
105.9476,1.03673437605e-08
105.9576,1.03582093022e-08
105.9676,1.03490915766e-08
105.9776,1.03399905402e-08
105.9876,1.03309061495e-08
105.9976,1.03218383609e-08
106.0076,1.03127871314e-08
106.0176,1.03037524178e-08
106.0276,1.02947341772e-08
106.0376,1.02857323667e-08
106.0476,1.02767469436e-08
106.0576,1.02677778656e-08
106.0676,1.02588250901e-08
106.0776,1.02498885748e-08
106.0876,1.02409682778e-08
106.0976,1.0232064157e-08
106.1076,1.02231761706e-08
106.1176,1.02143042769e-08
106.1276,1.02054484342e-08
106.1376,1.01966086013e-08
106.1476,1.01877847367e-08
106.1576,1.01789767994e-08
106.1676,1.01701847483e-08
106.1776,1.01614085425e-08
