3.0,4.52106495248e-06
3.1,4.23409159449e-06
3.2,3.97359850349e-06
3.3,3.736425265e-06
3.4,3.51986925367e-06
3.5,3.32160830779e-06
3.6,3.13963822295e-06
3.7,2.97222190605e-06
3.8,2.81784776848e-06
3.9,2.67519548836e-06
4.0,2.54310768733e-06
4.1,2.42056638231e-06
4.2,2.30667331401e-06
4.3,2.20063343943e-06
4.4,2.10174102008e-06
4.5,2.0093678495e-06
4.6,1.92295325236e-06
4.7,1.84199555683e-06
4.8,1.76604479731e-06
4.9,1.69469644874e-06
5.0,1.6275860292e-06
5.1,1.56438443584e-06
5.2,1.50479390257e-06
5.3,1.44854448648e-06
5.4,1.39539100542e-06
5.5,1.34511036173e-06
5.6,1.29749919751e-06
5.7,1.25237183517e-06
5.8,1.20955846447e-06
5.9,1.16890354273e-06
6.0,1.13026438009e-06
6.1,1.09350988583e-06
6.2,1.05851945503e-06
6.3,1.02518197792e-06
6.4,9.93394956786e-07
6.5,9.63063717168e-07
6.6,9.3410070212e-07
6.7,9.06424839624e-07
6.8,8.79960974652e-07
6.9,8.54639358407e-07
7.0,8.30395188282e-07
7.1,8.07168192846e-07
7.2,7.84902256894e-07
7.3,7.63545082205e-07
7.4,7.43047880169e-07
7.5,7.23365092904e-07
7.6,7.04454139901e-07
7.7,6.86275187534e-07
7.8,6.68790939135e-07
7.9,6.51966443539e-07
8.0,6.35768920285e-07
8.1,6.20167599822e-07
8.2,6.05133577276e-07
8.3,5.90639678474e-07
8.4,5.76660337061e-07
8.5,5.63171481685e-07
8.6,5.50150432304e-07
8.7,5.37575804787e-07
8.8,5.25427423067e-07
8.9,5.13686238159e-07
9.0,5.02334253438e-07
9.1,4.91354455642e-07
9.2,4.80730751087e-07
9.3,4.70447906663e-07
9.4,4.604914952e-07
9.5,4.5084784483e-07
9.6,4.41503992035e-07
9.7,4.32447638057e-07
9.8,4.23667108405e-07
9.9,4.15151315217e-07
10.0,4.06889722236e-07
10.1,3.98872312208e-07
10.2,3.91089556501e-07
10.3,3.83532386782e-07
10.4,3.76192168587e-07
10.5,3.69060676652e-07
10.6,3.62130071857e-07
10.7,3.55392879675e-07
10.8,3.48841970015e-07
10.9,3.42470538345e-07
11.0,3.36272088017e-07
11.1,3.30240413704e-07
11.2,3.24369585857e-07
11.3,3.18653936131e-07
11.4,3.13088043698e-07
11.5,3.07666722391e-07
11.6,3.02385008612e-07
11.7,2.97238149978e-07
11.8,2.92221594618e-07
11.9,2.8733098111e-07
12.0,2.82562128997e-07
12.1,2.77911029854e-07
12.2,2.73373838856e-07
12.3,2.68946866838e-07
12.4,2.64626572787e-07
12.5,2.60409556763e-07
12.6,2.56292553205e-07
12.7,2.52272424613e-07
12.8,2.48346155562e-07
12.9,2.44510847051e-07
13.0,2.40763711148e-07
13.1,2.37102065924e-07
13.2,2.33523330652e-07
13.3,2.30025021257e-07
13.4,2.2660474601e-07
13.5,2.23260201433e-07
13.6,2.19989168424e-07
13.7,2.16789508571e-07
13.8,2.13659160662e-07
13.9,2.10596137361e-07
14.0,2.07598522055e-07
14.1,2.04664465852e-07
14.2,2.01792184735e-07
14.3,1.98979956844e-07
14.4,1.962261199e-07
14.5,1.93529068746e-07
14.6,1.90887253004e-07
14.7,1.88299174855e-07
14.8,1.85763386907e-07
14.9,1.83278490178e-07
15.0,1.8084313216e-07
15.1,1.78456004985e-07
15.2,1.76115843661e-07
15.3,1.73821424405e-07
15.4,1.71571563035e-07
15.5,1.69365113446e-07
15.6,1.67200966149e-07
15.7,1.65078046878e-07
15.8,1.62995315253e-07
15.9,1.60951763509e-07
16.0,1.58946415274e-07
16.1,1.56978324406e-07
16.2,1.55046573872e-07
16.3,1.53150274685e-07
16.4,1.51288564877e-07
16.5,1.49460608524e-07
16.6,1.47665594801e-07
16.7,1.45902737088e-07
16.8,1.44171272109e-07
16.9,1.424704591e-07
17.0,1.40799579023e-07
17.1,1.39157933801e-07
17.2,1.37544845592e-07
17.3,1.3595965609e-07
17.4,1.34401725849e-07
17.5,1.32870433642e-07
17.6,1.31365175841e-07
17.7,1.29885365822e-07
17.8,1.28430433391e-07
17.9,1.2699982424e-07
18.0,1.25592999413e-07
18.1,1.24209434803e-07
18.2,1.22848620662e-07
18.3,1.21510061133e-07
18.4,1.20193273794e-07
18.5,1.18897789229e-07
18.6,1.17623150606e-07
18.7,1.16368913275e-07
18.8,1.15134644383e-07
18.9,1.13919922495e-07
19.0,1.1272433724e-07
19.1,1.11547488959e-07
19.2,1.10388988378e-07
19.3,1.09248456279e-07
19.4,1.08125523192e-07
19.5,1.07019829101e-07
19.6,1.05931023146e-07
19.7,1.04858763352e-07
19.8,1.0380271636e-07
19.9,1.02762557163e-07
20.0,1.01737968861e-07
20.1,1.00728642417e-07
20.2,9.97342764256e-08
20.3,9.87545768871e-08
20.4,9.77892569899e-08
20.5,9.68380369015e-08
20.6,9.59006435652e-08
20.7,9.49768105042e-08
20.8,9.40662776327e-08
20.9,9.31687910721e-08
21.0,9.22841029749e-08
21.1,9.14119713529e-08
21.2,9.05521599125e-08
21.3,8.97044378938e-08
21.4,8.88685799167e-08
21.5,8.80443658304e-08
21.6,8.72315805689e-08
21.7,8.64300140106e-08
21.8,8.56394608427e-08
21.9,8.48597204293e-08
22.0,8.40905966848e-08
22.1,8.33318979501e-08
22.2,8.25834368734e-08
22.3,8.18450302948e-08
22.4,8.11164991339e-08
22.5,8.03976682817e-08
22.6,7.96883664948e-08
22.7,7.8988426294e-08
22.8,7.82976838654e-08
22.9,7.76159789643e-08
23.0,7.69431548223e-08
23.1,7.62790580577e-08
23.2,7.56235385875e-08
23.3,7.4976449543e-08
23.4,7.43376471875e-08
23.5,7.37069908364e-08
23.6,7.30843427798e-08
23.7,7.24695682077e-08
23.8,7.18625351364e-08
23.9,7.12631143382e-08
24.0,7.06711792726e-08
24.1,7.00866060193e-08
24.2,6.95092732137e-08
24.3,6.89390619836e-08
24.4,6.83758558883e-08
24.5,6.78195408589e-08
24.6,6.7270005141e-08
24.7,6.67271392382e-08
24.8,6.61908358578e-08
24.9,6.56609898577e-08
25.0,6.5137498195e-08
25.1,6.46202598757e-08
25.2,6.41091759065e-08
25.3,6.36041492469e-08
25.4,6.31050847634e-08
25.5,6.26118891848e-08
25.6,6.21244710585e-08
25.7,6.16427407084e-08
25.8,6.11666101932e-08
25.9,6.06959932667e-08
26.0,6.02308053387e-08
26.1,5.97709634368e-08
26.2,5.93163861697e-08
26.3,5.88669936909e-08
26.4,5.8422707664e-08
26.5,5.79834512283e-08
26.6,5.75491489658e-08
26.7,5.71197268686e-08
26.8,5.66951123077e-08
26.9,5.6275234002e-08
27.0,5.58600219887e-08
27.1,5.54494075938e-08
27.2,5.50433234042e-08
27.3,5.46417032397e-08
27.4,5.42444821261e-08
27.5,5.3851596269e-08
27.6,5.34629830283e-08
27.7,5.3078580893e-08
27.8,5.26983294572e-08
27.9,5.23221693962e-08
28.0,5.19500424432e-08
28.1,5.15818913671e-08
28.2,5.12176599504e-08
28.3,5.08572929675e-08
28.4,5.05007361643e-08
28.5,5.01479362374e-08
28.6,4.9798840814e-08
28.7,4.94533984332e-08
28.8,4.91115585263e-08
28.9,4.87732713989e-08
29.0,4.84384882123e-08
29.1,4.81071609664e-08
29.2,4.77792424822e-08
29.3,4.7454686385e-08
29.4,4.71334470882e-08
29.5,4.68154797774e-08
29.6,4.65007403943e-08
29.7,4.6189185622e-08
29.8,4.58807728697e-08
29.9,4.55754602584e-08
30.0,4.52732066068e-08
30.1,4.49739714169e-08
30.2,4.46777148611e-08
30.3,4.43843977686e-08
30.4,4.40939816123e-08
30.5,4.38064284967e-08
30.6,4.3521701145e-08
30.7,4.32397628875e-08
30.8,4.29605776493e-08
30.9,4.26841099393e-08
31.0,4.24103248385e-08
31.1,4.21391879891e-08
31.2,4.18706655841e-08
31.3,4.16047243561e-08
31.4,4.13413315676e-08
31.5,4.10804550007e-08
31.6,4.08220629471e-08
31.7,4.05661241989e-08
31.8,4.03126080387e-08
31.9,4.00614842306e-08
32.0,3.98127230115e-08
32.1,3.95662950816e-08
32.2,3.93221715966e-08
32.3,3.90803241586e-08
32.4,3.88407248081e-08
32.5,3.8603346016e-08
32.6,3.83681606757e-08
32.7,3.81351420951e-08
32.8,3.79042639896e-08
32.9,3.76755004738e-08
33.0,3.74488260554e-08
33.1,3.72242156269e-08
33.2,3.70016444597e-08
33.3,3.67810881967e-08
33.4,3.65625228457e-08
33.5,3.6345924773e-08
33.6,3.61312706972e-08
33.7,3.59185376824e-08
33.8,3.57077031328e-08
33.9,3.54987447859e-08
34.0,3.52916407075e-08
34.1,3.50863692852e-08
34.2,3.48829092233e-08
34.3,3.46812395368e-08
34.4,3.44813395465e-08
34.5,3.42831888733e-08
34.6,3.40867674333e-08
34.7,3.38920554325e-08
34.8,3.36990333619e-08
34.9,3.35076819926e-08
35.0,3.33179823713e-08
35.1,3.31299158149e-08
35.2,3.29434639067e-08
35.3,3.27586084915e-08
35.4,3.25753316712e-08
35.5,3.23936158005e-08
35.6,3.22134434826e-08
35.7,3.20347975652e-08
35.8,3.18576611364e-08
35.9,3.16820175205e-08
36.0,3.15078502742e-08
36.1,3.13351431829e-08
36.2,3.11638802568e-08
36.3,3.09940457269e-08
36.4,3.0825624042e-08
36.5,3.06585998648e-08
36.6,3.04929580682e-08
36.7,3.03286837323e-08
36.8,3.01657621407e-08
36.9,3.00041787776e-08
37.0,2.9843919324e-08
37.1,2.96849696551e-08
37.2,2.95273158369e-08
37.3,2.9370944123e-08
37.4,2.92158409522e-08
37.5,2.90619929447e-08
37.6,2.89093869001e-08
37.7,2.87580097937e-08
37.8,2.86078487746e-08
37.9,2.84588911624e-08
38.0,2.83111244444e-08
38.1,2.81645362737e-08
38.2,2.80191144658e-08
38.3,2.78748469967e-08
38.4,2.77317219999e-08
38.5,2.75897277645e-08
38.6,2.74488527322e-08
38.7,2.73090854955e-08
38.8,2.71704147951e-08
38.9,2.70328295177e-08
39.0,2.68963186937e-08
39.1,2.67608714951e-08
39.2,2.66264772334e-08
39.3,2.64931253574e-08
39.4,2.63608054511e-08
39.5,2.62295072318e-08
39.6,2.6099220548e-08
39.7,2.59699353773e-08
39.8,2.5841641825e-08
39.9,2.57143301215e-08
40.0,2.55879906209e-08
40.1,2.5462613799e-08
40.2,2.53381902518e-08
40.3,2.52147106932e-08
40.4,2.50921659537e-08
40.5,2.49705469785e-08
40.6,2.48498448259e-08
40.7,2.47300506657e-08
40.8,2.46111557776e-08
40.9,2.44931515492e-08
41.0,2.43760294752e-08
41.1,2.42597811552e-08
41.2,2.41443982924e-08
41.3,2.40298726924e-08
41.4,2.39161962612e-08
41.5,2.38033610043e-08
41.6,2.3691359025e-08
41.7,2.35801825229e-08
41.8,2.34698237931e-08
41.9,2.33602752241e-08
42.0,2.32515292971e-08
42.1,2.31435785845e-08
42.2,2.30364157483e-08
42.3,2.29300335395e-08
42.4,2.28244247965e-08
42.5,2.27195824437e-08
42.6,2.26154994907e-08
42.7,2.25121690311e-08
42.8,2.24095842408e-08
42.9,2.23077383778e-08
43.0,2.22066247803e-08
43.1,2.21062368659e-08
43.2,2.20065681307e-08
43.3,2.19076121478e-08
43.4,2.18093625667e-08
43.5,2.17118131121e-08
43.6,2.16149575829e-08
43.7,2.15187898512e-08
43.8,2.14233038613e-08
43.9,2.13284936289e-08
44.0,2.123435324e-08
44.1,2.11408768498e-08
44.2,2.10480586825e-08
44.3,2.09558930295e-08
44.4,2.08643742491e-08
44.5,2.07734967655e-08
44.6,2.06832550678e-08
44.7,2.05936437095e-08
44.8,2.05046573073e-08
44.9,2.04162905404e-08
45.0,2.032853815e-08
45.1,2.02413949379e-08
45.2,2.01548557666e-08
45.3,2.00689155575e-08
45.4,1.99835692911e-08
45.5,1.98988120057e-08
45.6,1.98146387967e-08
45.7,1.97310448163e-08
45.8,1.96480252723e-08
45.9,1.95655754277e-08
46.0,1.94836906001e-08
46.1,1.94023661606e-08
46.2,1.93215975336e-08
46.3,1.92413801961e-08
46.4,1.91617096767e-08
46.5,1.90825815553e-08
46.6,1.90039914627e-08
46.7,1.89259350792e-08
46.8,1.8848408135e-08
46.9,1.87714064088e-08
47.0,1.86949257277e-08
47.1,1.86189619663e-08
47.2,1.85435110467e-08
47.3,1.84685689372e-08
47.4,1.83941316523e-08
47.5,1.8320195252e-08
47.6,1.82467558412e-08
47.7,1.81738095695e-08
47.8,1.81013526302e-08
47.9,1.80293812602e-08
48.0,1.79578917393e-08
48.1,1.788688039e-08
48.2,1.78163435764e-08
48.3,1.77462777047e-08
48.4,1.76766792218e-08
48.5,1.76075446154e-08
48.6,1.75388704134e-08
48.7,1.74706531834e-08
48.8,1.74028895325e-08
48.9,1.73355761065e-08
49.0,1.72687095899e-08
49.1,1.72022867052e-08
49.2,1.71363042127e-08
49.3,1.70707589098e-08
49.4,1.70056476311e-08
49.5,1.69409672475e-08
49.6,1.68767146661e-08
49.7,1.681288683e-08
49.8,1.67494807175e-08
49.9,1.66864933421e-08
50.0,1.66239217519e-08
50.1,1.65617630296e-08
50.2,1.65000142919e-08
50.3,1.6438672689e-08
50.4,1.63777354047e-08
50.5,1.63171996559e-08
50.6,1.62570626922e-08
50.7,1.61973217957e-08
50.8,1.61379742805e-08
50.9,1.60790174929e-08
51.0,1.60204488103e-08
51.1,1.59622656418e-08
51.2,1.59044654272e-08
51.3,1.58470456374e-08
51.4,1.57900037733e-08
51.5,1.57333373663e-08
51.6,1.56770439778e-08
51.7,1.56211211985e-08
51.8,1.5565566649e-08
51.9,1.55103779788e-08
52.0,1.54555528664e-08
52.1,1.54010890191e-08
52.2,1.53469841726e-08
52.3,1.5293236091e-08
52.4,1.52398425662e-08
52.5,1.51868014183e-08
52.6,1.51341104946e-08
52.7,1.50817676702e-08
52.8,1.50297708473e-08
52.9,1.49781179549e-08
53.0,1.49268069492e-08
53.1,1.48758358128e-08
53.2,1.48252025549e-08
53.3,1.47749052109e-08
53.4,1.47249418424e-08
53.5,1.46753105369e-08
53.6,1.46260094078e-08
53.7,1.45770365939e-08
53.8,1.45283902597e-08
53.9,1.44800685949e-08
54.0,1.44320698146e-08
54.1,1.43843921586e-08
54.2,1.43370338919e-08
54.3,1.42899933042e-08
54.4,1.42432687098e-08
54.5,1.41968584475e-08
54.6,1.41507608806e-08
54.7,1.41049743967e-08
54.8,1.40594974076e-08
54.9,1.4014328349e-08
55.0,1.39694656808e-08
55.1,1.39249078868e-08
55.2,1.38806534743e-08
55.3,1.38367009747e-08
55.4,1.37930489428e-08
55.5,1.3749695957e-08
55.6,1.3706640619e-08
55.7,1.36638815544e-08
55.8,1.36214174115e-08
55.9,1.35792468624e-08
56.0,1.35373686021e-08
56.1,1.3495781349e-08
56.2,1.34544838445e-08
56.3,1.34134748532e-08
56.4,1.33727531625e-08
56.5,1.33323175831e-08
56.6,1.32921669487e-08
56.7,1.32523001157e-08
56.8,1.32127159636e-08
56.9,1.3173413395e-08
57.0,1.31343913351e-08
57.1,1.30956487324e-08
57.2,1.3057184558e-08
57.3,1.30189978062e-08
57.4,1.29810874941e-08
57.5,1.29434526617e-08
57.6,1.29060923722e-08
57.7,1.28690057117e-08
57.8,1.28321917893e-08
57.9,1.27956497372e-08
58.0,1.27593787109e-08
58.1,1.27233778888e-08
58.2,1.26876464729e-08
58.3,1.2652183688e-08
58.4,1.26169887828e-08
58.5,1.25820610291e-08
58.6,1.25473997222e-08
58.7,1.25130041811e-08
58.8,1.24788737486e-08
58.9,1.2445007791e-08
59.0,1.24114056986e-08
59.1,1.23780668859e-08
59.2,1.23449907911e-08
59.3,1.2312176877e-08
59.4,1.22796246306e-08
59.5,1.22473335633e-08
59.6,1.22153032113e-08
59.7,1.21835331354e-08
59.8,1.21520229215e-08
59.9,1.21207721806e-08
60.0,1.20897805488e-08
60.1,1.20590476878e-08
60.2,1.20285732849e-08
60.3,1.19983570532e-08
60.4,1.19683987318e-08
60.5,1.19386980862e-08
60.6,1.19092549081e-08
60.7,1.18800690161e-08
60.8,1.18511402556e-08
60.9,1.18224684992e-08
61.0,1.1794053647e-08
61.1,1.17658956267e-08
61.2,1.17379943939e-08
61.3,1.17103499325e-08
61.4,1.16829622549e-08
61.5,1.16558314025e-08
61.6,1.16289574455e-08
61.7,1.16023404839e-08
61.8,1.15759806473e-08
61.9,1.15498780954e-08
62.0,1.15240330186e-08
62.1,1.14984456381e-08
62.2,1.14731162063e-08
62.3,1.14480450071e-08
62.4,1.14232323568e-08
62.5,1.13986786038e-08
62.6,1.13743841296e-08
62.7,1.13503493491e-08
62.8,1.13265747107e-08
62.9,1.13030606973e-08
63.0,1.12798078266e-08
63.1,1.12568166513e-08
63.2,1.12340877602e-08
63.3,1.12116217781e-08
63.4,1.11894193669e-08
63.5,1.11674812258e-08
63.6,1.1145808092e-08
63.7,1.11244007413e-08
63.8,1.11032599887e-08
63.9,1.10823866892e-08
64.0,1.10617817383e-08
64.1,1.10414460724e-08
64.2,1.10213806701e-08
64.3,1.10015865525e-08
64.4,1.09820647841e-08
64.5,1.09628164734e-08
64.6,1.09438427738e-08
64.7,1.09251448844e-08
64.8,1.09067240508e-08
64.9,1.08885815661e-08
65.0,1.08707187714e-08
65.1,1.08531370572e-08
65.2,1.08358378639e-08
65.3,1.0818822683e-08
65.4,1.0802093058e-08
65.5,1.07856505856e-08
65.6,1.07694969164e-08
65.7,1.07536337562e-08
65.8,1.07380628671e-08
65.9,1.07227860687e-08
66.0,1.07078052391e-08
66.1,1.06931223162e-08
66.2,1.0678739299e-08
66.3,1.06646582488e-08
66.4,1.06508812907e-08
66.5,1.06374106145e-08
66.6,1.06242484767e-08
66.7,1.06113972017e-08
66.8,1.05988591831e-08
66.9,1.05866368855e-08
67.0,1.05747328459e-08
67.1,1.05631496754e-08
67.2,1.05518900611e-08
67.3,1.05409567674e-08
67.4,1.0530352638e-08
67.5,1.05200805979e-08
67.6,1.05101436549e-08
67.7,1.0500544902e-08
67.8,1.04912875191e-08
67.9,1.04823747752e-08
68.0,1.04738100304e-08
68.1,1.04655967384e-08
68.2,1.04577384484e-08
68.3,1.04502388079e-08
68.4,1.04431015646e-08
68.5,1.04363305692e-08
68.6,1.04299297782e-08
68.7,1.04239032559e-08
68.8,1.04182551778e-08
68.9,1.04129898331e-08
69.0,1.04081116277e-08
69.1,1.04036250873e-08
69.2,1.03995348602e-08
69.3,1.03958457208e-08
69.4,1.03925625732e-08
69.5,1.03896904537e-08
69.6,1.03872345355e-08
69.7,1.03852001315e-08
69.8,1.03835926983e-08
69.9,1.03824178404e-08
70.0,1.03816813139e-08
70.1,1.03813890308e-08
70.2,1.03815470633e-08
70.3,1.03821616483e-08
70.4,1.03832391919e-08
70.5,1.03847862744e-08
70.6,1.03868096549e-08
70.7,1.03893162766e-08
70.8,1.03923132721e-08
70.9,1.03958079689e-08
71.0,1.03998078949e-08
71.1,1.04043207841e-08
71.2,1.04093545832e-08
71.3,1.04149174574e-08
71.4,1.0421017797e-08
71.5,1.04276642242e-08
71.6,1.04348656e-08
71.7,1.04426310315e-08
71.8,1.04509698793e-08
71.9,1.04598917652e-08
72.0,1.04694065803e-08
72.1,1.04795244934e-08
72.2,1.04902559596e-08
72.3,1.0501611729e-08
72.4,1.05136028564e-08
72.5,1.05262407108e-08
72.6,1.05395369851e-08
72.7,1.05535037069e-08
72.8,1.05681532491e-08
72.9,1.0583498341e-08
73.0,1.059955208e-08
73.1,1.06163279438e-08
73.2,1.06338398026e-08
73.3,1.06521019324e-08
73.4,1.06711290284e-08
73.5,1.06909362193e-08
73.6,1.07115390814e-08
73.7,1.07329536546e-08
73.8,1.07551964572e-08
73.9,1.07782845035e-08
74.0,1.08022353199e-08
74.1,1.08270669634e-08
74.2,1.08527980398e-08
74.3,1.08794477233e-08
74.4,1.09070357763e-08
74.5,1.09355825706e-08
74.6,1.0965109109e-08
74.7,1.09956370485e-08
74.8,1.10271887234e-08
74.9,1.10597871707e-08
75.0,1.10934561552e-08
75.1,1.11282201972e-08
75.2,1.11641046e-08
75.3,1.12011354792e-08
75.4,1.12393397937e-08
75.5,1.12787453775e-08
75.6,1.13193809728e-08
75.7,1.13612762653e-08
75.8,1.14044619202e-08
75.9,1.1448969621e-08
76.0,1.14948321083e-08
76.1,1.15420832224e-08
76.2,1.15907579466e-08
76.3,1.16408924526e-08
76.4,1.16925241484e-08
76.5,1.17456917285e-08
76.6,1.18004352261e-08
76.7,1.18567960678e-08
76.8,1.19148171316e-08
76.9,1.19745428068e-08
77.0,1.20360190574e-08
77.1,1.20992934886e-08
77.2,1.2164415416e-08
77.3,1.22314359391e-08
77.4,1.23004080178e-08
77.5,1.23713865533e-08
77.6,1.24444284725e-08
77.7,1.25195928172e-08
77.8,1.25969408374e-08
77.9,1.26765360906e-08
78.0,1.27584445445e-08
78.1,1.28427346865e-08
78.2,1.29294776386e-08
78.3,1.30187472784e-08
78.4,1.31106203663e-08
78.5,1.32051766801e-08
78.6,1.3302499157e-08
78.7,1.34026740427e-08
78.8,1.35057910494e-08
78.9,1.36119435225e-08
79.0,1.37212286165e-08
79.1,1.38337474812e-08
79.2,1.39496054582e-08
79.3,1.40689122887e-08
79.4,1.4191782334e-08
79.5,1.43183348078e-08
79.6,1.44486940237e-08
79.7,1.45829896556e-08
79.8,1.47213570156e-08
79.9,1.48639373472e-08
80.0,1.50108781374e-08
80.1,1.51623334473e-08
80.2,1.53184642635e-08
80.3,1.5479438872e-08
80.4,1.56454332544e-08
80.5,1.58166315107e-08
80.6,1.59932263083e-08
80.7,1.61754193605e-08
80.8,1.63634219365e-08
80.9,1.65574554041e-08
81.0,1.67577518097e-08
81.1,1.69645544962e-08
81.2,1.71781187637e-08
81.3,1.73987125743e-08
81.4,1.76266173068e-08
81.5,1.78621285627e-08
81.6,1.81055570299e-08
81.7,1.83572294073e-08
81.8,1.86174893953e-08
81.9,1.88866987592e-08
82.0,1.91652384685e-08
82.1,1.94535099225e-08
82.2,1.9751936265e-08
82.3,2.00609638001e-08
82.4,2.03810635141e-08
82.5,2.07127327153e-08
82.6,2.1056496801e-08
82.7,2.14129111626e-08
82.8,2.17825632424e-08
82.9,2.21660747551e-08
83.0,2.25641040889e-08
83.1,2.29773489034e-08
83.2,2.34065489423e-08
83.3,2.3852489082e-08
83.4,2.4316002637e-08
83.5,2.47979749493e-08
83.6,2.52993472875e-08
83.7,2.5821121087e-08
83.8,2.63643625656e-08
83.9,2.69302077527e-08
84.0,2.75198679729e-08
84.1,2.81346358328e-08
84.2,2.87758917627e-08
84.3,2.94451111715e-08
84.4,3.01438722815e-08
84.5,3.08738647153e-08
84.6,3.16368989188e-08
84.7,3.24349165108e-08
84.8,3.32700016652e-08
84.9,3.41443936414e-08
85.0,3.50605005944e-08
85.1,3.60209148152e-08
85.2,3.7028429566e-08
85.3,3.80860577037e-08
85.4,3.91970523028e-08
85.5,4.0364929524e-08
85.6,4.15934940022e-08
85.7,4.28868670705e-08
85.8,4.42495181734e-08
85.9,4.56862998787e-08
86.0,4.72024869495e-08
86.1,4.88038200057e-08
86.2,5.04965543767e-08
86.3,5.22875148388e-08
86.4,5.41841570222e-08
86.5,5.61946363959e-08
86.6,5.83278858621e-08
86.7,6.05937031487e-08
86.8,6.30028493577e-08
86.9,6.55671602277e-08
87.0,6.82996718943e-08
87.1,7.12147631873e-08
87.2,7.43283167974e-08
87.3,7.7657901967e-08
87.4,8.1222981725e-08
87.5,8.50451480804e-08
87.6,8.9148389015e-08
87.7,9.35593915639e-08
87.8,9.83078857136e-08
87.9,1.03427034264e-07
88.0,1.08953874122e-07
88.1,1.14929814669e-07
88.2,1.21401198697e-07
88.3,1.28419930824e-07
88.4,1.36044176938e-07
88.5,1.44339135697e-07
88.6,1.53377878858e-07
88.7,1.63242250336e-07
88.8,1.74023803227e-07
88.9,1.85824737749e-07
89.0,1.9875877897e-07
89.1,2.12951897769e-07
89.2,2.28542727631e-07
89.3,2.45682457874e-07
89.4,2.64533884158e-07
89.5,2.85269162275e-07
89.6,3.08065635148e-07
89.7,3.33098883874e-07
89.8,3.60531901384e-07
89.9,3.90499035084e-07
90.0,4.23083168519e-07
90.1,4.58284656875e-07
90.2,4.95981040043e-07
90.3,5.35877884493e-07
90.4,5.77453673416e-07
90.5,6.19905794518e-07
90.6,6.62110213533e-07
90.7,7.02613164518e-07
90.8,7.39676341812e-07
90.9,7.71393424029e-07
91.0,7.95881430244e-07
91.1,8.11525509677e-07
91.2,8.17227929814e-07
91.3,8.12595701038e-07
91.4,7.98009871934e-07
91.5,7.74554282297e-07
91.6,7.43827257537e-07
91.7,7.07693676135e-07
91.8,6.68042450487e-07
91.9,6.2659762142e-07
92.0,5.84803568472e-07
92.1,5.43780445683e-07
92.2,5.04332112496e-07
92.3,4.66985437889e-07
92.4,4.32043042613e-07
92.5,3.99637188235e-07
92.6,3.69777927712e-07
92.7,3.42392652897e-07
92.8,3.17356674123e-07
92.9,2.94515762198e-07
93.0,2.73702083814e-07
93.1,2.54745010844e-07
93.2,2.37478117539e-07
93.3,2.21743437908e-07
93.4,2.073938125e-07
93.5,1.94293941851e-07
93.6,1.82320592923e-07
93.7,1.71362273604e-07
93.8,1.61318592848e-07
93.9,1.52099453502e-07
94.0,1.43624174783e-07
94.1,1.35820606453e-07
94.2,1.28624272751e-07
94.3,1.21977567945e-07
94.4,1.15829014645e-07
94.5,1.10132589027e-07
94.6,1.04847112779e-07
94.7,9.99357089256e-08
94.8,9.53653172472e-08
94.9,9.11062642934e-08
95.0,8.71318827953e-08
95.1,8.34181753594e-08
95.2,7.9943517597e-08
95.3,7.66883962028e-08
95.4,7.36351778987e-08
95.5,7.07679055677e-08
95.6,6.80721183008e-08
95.7,6.55346924508e-08
95.8,6.31437011281e-08
95.9,6.08882898864e-08
96.0,5.87585666182e-08
96.1,5.67455039295e-08
96.2,5.48408524784e-08
96.3,5.30370639524e-08
96.4,5.13272225283e-08
96.5,4.97049838019e-08
96.6,4.81645203033e-08
96.7,4.67004728252e-08
96.8,4.53079068869e-08
96.9,4.39822737405e-08
97.0,4.27193754017e-08
97.1,4.15153332475e-08
97.2,4.03665597817e-08
97.3,3.92697332165e-08
97.4,3.82217745596e-08
97.5,3.72198269353e-08
97.6,3.62612368974e-08
97.7,3.53435375232e-08
97.8,3.44644330997e-08
97.9,3.36217852356e-08
98.0,3.28136002522e-08
98.1,3.20380177221e-08
98.2,3.12933000404e-08
98.3,3.0577822923e-08
98.4,2.9890066743e-08
98.5,2.92286086202e-08
98.6,2.85921151922e-08
98.7,2.79793360018e-08
98.8,2.7389097441e-08
98.9,2.68202972e-08
99.0,2.6271899174e-08
99.1,2.57429287858e-08
99.2,2.52324686856e-08
99.3,2.4739654795e-08
99.4,2.42636726633e-08
99.5,2.3803754109e-08
99.6,2.33591741216e-08
99.7,2.29292480013e-08
99.8,2.25133287148e-08
99.9,2.21108044508e-08
100.0,2.17210963568e-08
100.1,2.13436564431e-08
100.2,2.0977965639e-08
100.3,2.062353199e-08
100.4,2.02798889841e-08
100.5,1.99465939959e-08
100.6,1.96232268409e-08
100.7,1.93093884297e-08
100.8,1.90046995151e-08
100.9,1.87087995249e-08
101.0,1.8421345473e-08
101.1,1.81420109444e-08
101.2,1.78704851469e-08
101.3,1.76064720254e-08
101.4,1.73496894338e-08
101.5,1.70998683613e-08
101.6,1.68567522067e-08
101.7,1.66200961005e-08
101.8,1.63896662682e-08
101.9,1.61652394347e-08
102.0,1.59466022644e-08
102.1,1.57335508366e-08
102.2,1.5525890152e-08
102.3,1.53234336699e-08
102.4,1.51260028721e-08
102.5,1.49334268534e-08
102.6,1.47455419363e-08
102.7,1.45621913076e-08
102.8,1.43832246763e-08
102.9,1.42084979516e-08
103.0,1.40378729387e-08
103.1,1.3871217052e-08
103.2,1.37084030445e-08
103.3,1.35493087521e-08
103.4,1.33938168524e-08
103.5,1.3241814636e-08
103.6,1.30931937912e-08
103.7,1.29478501994e-08
103.8,1.28056837425e-08
103.9,1.26665981194e-08
104.0,1.25305006728e-08
104.1,1.23973022256e-08
104.2,1.22669169246e-08
104.3,1.21392620935e-08
104.4,1.20142580925e-08
104.5,1.18918281855e-08
104.6,1.17718984143e-08
104.7,1.16543974782e-08
104.8,1.15392566208e-08
104.9,1.14264095214e-08
105.0,1.13157921923e-08
105.1,1.12073428808e-08
105.2,1.11010019763e-08
105.3,1.09967119217e-08
105.4,1.08944171288e-08
105.5,1.07940638982e-08
105.6,1.06956003426e-08
105.7,1.05989763139e-08
105.8,1.05041433336e-08
105.9,1.04110545265e-08
106.0,1.03196645573e-08
106.1,1.02299295704e-08
106.2,1.01418071321e-08
106.3,1.00552561756e-08
106.4,9.97023694826e-09
106.5,9.88671096175e-09
106.6,9.80464094364e-09
106.7,9.72399079167e-09
106.8,9.64472552989e-09
106.9,9.56681126657e-09
107.0,9.49021515414e-09
107.1,9.41490535065e-09
107.2,9.34085098303e-09
107.3,9.26802211182e-09
107.4,9.19638969743e-09
107.5,9.12592556776e-09
107.6,9.05660238725e-09
107.7,8.98839362716e-09
107.8,8.92127353707e-09
107.9,8.85521711757e-09
108.0,8.79020009405e-09
108.1,8.72619889156e-09
108.2,8.66319061067e-09
108.3,8.60115300431e-09
108.4,8.5400644555e-09
108.5,8.47990395602e-09
108.6,8.42065108587e-09
108.7,8.36228599352e-09
108.8,8.30478937701e-09
108.9,8.24814246567e-09
109.0,8.19232700265e-09
109.1,8.13732522804e-09
109.2,8.08311986267e-09
109.3,8.02969409254e-09
109.4,7.97703155377e-09
109.5,7.92511631817e-09
109.6,7.87393287937e-09
109.7,7.82346613938e-09
109.8,7.77370139571e-09
109.9,7.72462432896e-09
110.0,7.67622099084e-09
110.1,7.62847779262e-09
110.2,7.58138149405e-09
110.3,7.53491919257e-09
110.4,7.48907831305e-09
110.5,7.44384659779e-09
110.6,7.39921209687e-09
110.7,7.35516315893e-09
110.8,7.31168842219e-09
110.9,7.26877680578e-09
111.0,7.22641750146e-09
111.1,7.18459996552e-09
111.2,7.14331391102e-09
111.3,7.10254930027e-09
111.4,7.0622963376e-09
111.5,7.02254546231e-09
111.6,6.98328734193e-09
111.7,6.94451286566e-09
111.8,6.90621313804e-09
111.9,6.86837947283e-09
112.0,6.83100338709e-09
112.1,6.7940765955e-09
112.2,6.75759100476e-09
112.3,6.72153870827e-09
112.4,6.68591198096e-09
112.5,6.65070327426e-09
112.6,6.61590521126e-09
112.7,6.58151058199e-09
112.8,6.5475123389e-09
112.9,6.51390359245e-09
113.0,6.48067760682e-09
113.1,6.44782779582e-09
113.2,6.41534771887e-09
113.3,6.38323107711e-09
113.4,6.35147170967e-09
113.5,6.32006359001e-09
113.6,6.2890008224e-09
113.7,6.25827763849e-09
113.8,6.22788839401e-09
113.9,6.19782756553e-09
114.0,6.16808974737e-09
114.1,6.13866964855e-09
114.2,6.10956208988e-09
114.3,6.08076200106e-09
114.4,6.05226441801e-09
114.5,6.02406448008e-09
114.6,5.99615742753e-09
114.7,5.96853859898e-09
114.8,5.94120342893e-09
114.9,5.91414744541e-09
115.0,5.88736626768e-09
115.1,5.86085560393e-09
115.2,5.83461124915e-09
115.3,5.808629083e-09
115.4,5.78290506773e-09
115.5,5.7574352462e-09
115.6,5.73221573994e-09
115.7,5.70724274722e-09
115.8,5.6825125413e-09
115.9,5.65802146853e-09
116.0,5.63376594672e-09
116.1,5.60974246337e-09
116.2,5.58594757411e-09
116.3,5.56237790102e-09
116.4,5.53903013115e-09
116.5,5.51590101494e-09
116.6,5.49298736481e-09
116.7,5.47028605373e-09
116.8,5.44779401378e-09
116.9,5.42550823482e-09
117.0,5.40342576319e-09
117.1,5.38154370043e-09
117.2,5.35985920198e-09
117.3,5.33836947603e-09
117.4,5.31707178229e-09
117.5,5.29596343087e-09
117.6,5.27504178113e-09
117.7,5.25430424059e-09
117.8,5.2337482639e-09
117.9,5.21337135175e-09
118.0,5.1931710499e-09
118.1,5.17314494818e-09
118.2,5.15329067952e-09
118.3,5.13360591903e-09
118.4,5.11408838309e-09
118.5,5.09473582846e-09
118.6,5.07554605138e-09
118.7,5.05651688678e-09
118.8,5.03764620743e-09
118.9,5.01893192312e-09
119.0,5.00037197991e-09
119.1,4.98196435933e-09
119.2,4.9637070777e-09
119.3,4.9455981853e-09
119.4,4.92763576576e-09
119.5,4.90981793531e-09
119.6,4.89214284214e-09
119.7,4.87460866571e-09
119.8,4.85721361611e-09
119.9,4.83995593349e-09
120.0,4.82283388735e-09
120.1,4.80584577602e-09
120.2,4.78898992605e-09
120.3,4.77226469164e-09
120.4,4.75566845408e-09
120.5,4.73919962122e-09
120.6,4.72285662694e-09
120.7,4.70663793059e-09
120.8,4.69054201655e-09
120.9,4.6745673937e-09
121.0,4.65871259493e-09
121.1,4.64297617667e-09
121.2,4.62735671847e-09
121.3,4.61185282249e-09
121.4,4.5964631131e-09
121.5,4.58118623644e-09
121.6,4.56602085998e-09
121.7,4.55096567215e-09
121.8,4.5360193819e-09
121.9,4.52118071834e-09
122.0,4.50644843032e-09
122.1,4.49182128609e-09
122.2,4.4772980729e-09
122.3,4.46287759667e-09
122.4,4.44855868163e-09
122.5,4.43434016998e-09
122.6,4.42022092153e-09
122.7,4.40619981341e-09
122.8,4.39227573972e-09
122.9,4.37844761123e-09
123.0,4.36471435507e-09
123.1,4.35107491442e-09
123.2,4.33752824824e-09
123.3,4.32407333095e-09
123.4,4.31070915217e-09
123.5,4.29743471646e-09
123.6,4.28424904299e-09
123.7,4.27115116534e-09
123.8,4.25814013123e-09
123.9,4.24521500222e-09
124.0,4.23237485351e-09
124.1,4.2196187737e-09
124.2,4.20694586452e-09
124.3,4.19435524061e-09
124.4,4.1818460293e-09
124.5,4.1694173704e-09
124.6,4.15706841593e-09
124.7,4.14479832997e-09
124.8,4.1326062884e-09
124.9,4.12049147874e-09
125.0,4.10845309991e-09
125.1,4.09649036204e-09
125.2,4.08460248629e-09
125.3,4.07278870467e-09
125.4,4.06104825982e-09
125.5,4.04938040486e-09
125.6,4.0377844032e-09
125.7,4.02625952836e-09
125.8,4.01480506381e-09
125.9,4.00342030281e-09
126.0,3.99210454821e-09
126.1,3.98085711232e-09
126.2,3.96967731676e-09
126.3,3.95856449227e-09
126.4,3.9475179786e-09
126.5,3.93653712431e-09
126.6,3.92562128669e-09
126.7,3.91476983156e-09
126.8,3.90398213314e-09
126.9,3.89325757394e-09
127.0,3.88259554462e-09
127.1,3.87199544381e-09
127.2,3.86145667806e-09
127.3,3.85097866162e-09
127.4,3.84056081641e-09
127.5,3.83020257183e-09
127.6,3.81990336465e-09
127.7,3.80966263892e-09
127.8,3.79947984584e-09
127.9,3.78935444364e-09
128.0,3.77928589746e-09
128.1,3.76927367926e-09
128.2,3.75931726773e-09
128.3,3.74941614812e-09
128.4,3.73956981221e-09
128.5,3.72977775815e-09
128.6,3.72003949042e-09
128.7,3.71035451965e-09
128.8,3.70072236262e-09
128.9,3.6911425421e-09
129.0,3.68161458676e-09
129.1,3.67213803111e-09
129.2,3.66271241541e-09
129.3,3.65333728553e-09
129.4,3.64401219294e-09
129.5,3.63473669457e-09
129.6,3.62551035273e-09
129.7,3.61633273508e-09
129.8,3.60720341447e-09
129.9,3.59812196895e-09
130.0,3.5890879816e-09
130.1,3.58010104054e-09
130.2,3.5711607388e-09
130.3,3.56226667425e-09
130.4,3.55341844957e-09
130.5,3.54461567214e-09
130.6,3.53585795396e-09
130.7,3.52714491164e-09
130.8,3.51847616627e-09
130.9,3.50985134339e-09
131.0,3.50127007291e-09
131.1,3.49273198905e-09
131.2,3.48423673031e-09
131.3,3.47578393933e-09
131.4,3.4673732629e-09
131.5,3.45900435189e-09
131.6,3.45067686117e-09
131.7,3.44239044955e-09
131.8,3.43414477974e-09
131.9,3.42593951832e-09
132.0,3.41777433562e-09
132.1,3.40964890571e-09
132.2,3.40156290635e-09
132.3,3.39351601892e-09
132.4,3.38550792838e-09
132.5,3.37753832322e-09
132.6,3.36960689539e-09
132.7,3.3617133403e-09
132.8,3.3538573567e-09
132.9,3.34603864672e-09
133.0,3.33825691574e-09
133.1,3.3305118724e-09
133.2,3.32280322854e-09
133.3,3.31513069914e-09
133.4,3.3074940023e-09
133.5,3.29989285921e-09
133.6,3.29232699404e-09
133.7,3.28479613398e-09
133.8,3.27730000916e-09
133.9,3.2698383526e-09
134.0,3.26241090021e-09
134.1,3.25501739071e-09
134.2,3.24765756561e-09
134.3,3.24033116918e-09
134.4,3.2330379484e-09
134.5,3.22577765292e-09
134.6,3.21855003506e-09
134.7,3.21135484973e-09
134.8,3.20419185441e-09
134.9,3.19706080913e-09
135.0,3.18996147641e-09
135.1,3.18289362128e-09
135.2,3.17585701118e-09
135.3,3.16885141596e-09
135.4,3.16187660787e-09
135.5,3.15493236148e-09
135.6,3.1480184537e-09
135.7,3.14113466371e-09
135.8,3.13428077296e-09
135.9,3.12745656512e-09
136.0,3.12066182607e-09
136.1,3.11389634384e-09
136.2,3.10715990863e-09
136.3,3.10045231273e-09
136.4,3.09377335055e-09
136.5,3.08712281855e-09
136.6,3.0805005152e-09
136.7,3.07390624103e-09
136.8,3.06733979852e-09
136.9,3.06080099213e-09
137.0,3.05428962823e-09
137.1,3.04780551515e-09
137.2,3.04134846305e-09
137.3,3.034918284e-09
137.4,3.0285147919e-09
137.5,3.02213780246e-09
137.6,3.01578713318e-09
137.7,3.00946260336e-09
137.8,3.00316403404e-09
137.9,2.99689124798e-09
138.0,2.99064406967e-09
138.1,2.98442232527e-09
138.2,2.97822584261e-09
138.3,2.9720544512e-09
138.4,2.96590798212e-09
138.5,2.95978626812e-09
138.6,2.9536891435e-09
138.7,2.94761644413e-09
138.8,2.94156800746e-09
138.9,2.93554367245e-09
139.0,2.92954327957e-09
139.1,2.9235666708e-09
139.2,2.91761368959e-09
139.3,2.91168418087e-09
139.4,2.90577799097e-09
139.5,2.8998949677e-09
139.6,2.89403496023e-09
139.7,2.88819781917e-09
139.8,2.88238339647e-09
139.9,2.87659154545e-09
140.0,2.87082212079e-09
140.1,2.86507497848e-09
140.2,2.85934997584e-09
140.3,2.85364697147e-09
140.4,2.84796582527e-09
140.5,2.84230639839e-09
140.6,2.83666855326e-09
140.7,2.83105215353e-09
140.8,2.82545706409e-09
140.9,2.81988315101e-09
141.0,2.81433028159e-09
141.1,2.80879832431e-09
141.2,2.8032871488e-09
141.3,2.79779662587e-09
141.4,2.79232662745e-09
141.5,2.78687702664e-09
141.6,2.78144769761e-09
141.7,2.77603851568e-09
141.8,2.77064935722e-09
141.9,2.76528009972e-09
142.0,2.75993062172e-09
142.1,2.75460080281e-09
142.2,2.74929052365e-09
142.3,2.74399966591e-09
142.4,2.73872811229e-09
142.5,2.73347574651e-09
142.6,2.72824245327e-09
142.7,2.72302811829e-09
142.8,2.71783262824e-09
142.9,2.71265587076e-09
143.0,2.70749773446e-09
143.1,2.70235810889e-09
143.2,2.69723688453e-09
143.3,2.69213395281e-09
143.4,2.68704920604e-09
143.5,2.68198253745e-09
143.6,2.67693384119e-09
143.7,2.67190301227e-09
143.8,2.66688994657e-09
143.9,2.66189454087e-09
144.0,2.65691669278e-09
144.1,2.65195630077e-09
144.2,2.64701326415e-09
144.3,2.64208748307e-09
144.4,2.63717885848e-09
144.5,2.63228729216e-09
144.6,2.6274126867e-09
144.7,2.62255494548e-09
144.8,2.61771397266e-09
144.9,2.61288967319e-09
145.0,2.60808195279e-09
145.1,2.60329071794e-09
145.2,2.59851587589e-09
145.3,2.59375733462e-09
145.4,2.58901500286e-09
145.5,2.58428879007e-09
145.6,2.57957860644e-09
145.7,2.57488436287e-09
145.8,2.57020597097e-09
145.9,2.56554334307e-09
146.0,2.56089639217e-09
146.1,2.55626503197e-09
146.2,2.55164917687e-09
146.3,2.54704874191e-09
146.4,2.54246364283e-09
146.5,2.537893796e-09
146.6,2.53333911847e-09
146.7,2.52879952794e-09
146.8,2.52427494272e-09
146.9,2.51976528179e-09
147.0,2.51527046473e-09
147.1,2.51079041178e-09
147.2,2.50632504374e-09
147.3,2.50187428208e-09
147.4,2.49743804882e-09
147.5,2.49301626663e-09
147.6,2.48860885872e-09
147.7,2.48421574893e-09
147.8,2.47983686166e-09
147.9,2.47547212187e-09
148.0,2.47112145511e-09
148.1,2.4667847875e-09
148.2,2.4624620457e-09
148.3,2.45815315693e-09
148.4,2.45385804894e-09
148.5,2.44957665006e-09
148.6,2.44530888912e-09
148.7,2.44105469549e-09
148.8,2.43681399908e-09
148.9,2.43258673031e-09
149.0,2.42837282012e-09
149.1,2.42417219995e-09
149.2,2.41998480176e-09
149.3,2.41581055801e-09
149.4,2.41164940164e-09
149.5,2.40750126611e-09
149.6,2.40336608534e-09
149.7,2.39924379375e-09
149.8,2.39513432622e-09
149.9,2.39103761813e-09
150.0,2.38695360531e-09
150.1,2.38288222406e-09
150.2,2.37882341113e-09
150.3,2.37477710374e-09
150.4,2.37074323956e-09
150.5,2.3667217567e-09
150.6,2.36271259371e-09
150.7,2.3587156896e-09
150.8,2.35473098379e-09
150.9,2.35075841614e-09
151.0,2.34679792695e-09
151.1,2.34284945693e-09
151.2,2.3389129472e-09
151.3,2.33498833931e-09
151.4,2.33107557522e-09
151.5,2.3271745973e-09
151.6,2.32328534831e-09
151.7,2.31940777142e-09
151.8,2.31554181021e-09
151.9,2.31168740862e-09
152.0,2.30784451102e-09
152.1,2.30401306212e-09
152.2,2.30019300706e-09
152.3,2.29638429132e-09
152.4,2.29258686078e-09
152.5,2.28880066169e-09
152.6,2.28502564065e-09
152.7,2.28126174465e-09
152.8,2.27750892102e-09
152.9,2.27376711746e-09
153.0,2.27003628204e-09
153.1,2.26631636316e-09
153.2,2.26260730958e-09
153.3,2.25890907041e-09
153.4,2.25522159508e-09
153.5,2.2515448334e-09
153.6,2.24787873549e-09
153.7,2.24422325181e-09
153.8,2.24057833315e-09
153.9,2.23694393064e-09
154.0,2.23331999571e-09
154.1,2.22970648015e-09
154.2,2.22610333604e-09
154.3,2.22251051579e-09
154.4,2.21892797212e-09
154.5,2.21535565807e-09
154.6,2.21179352699e-09
154.7,2.20824153251e-09
154.8,2.20469962859e-09
154.9,2.2011677695e-09
155.0,2.19764590978e-09
155.1,2.19413400429e-09
155.2,2.19063200817e-09
155.3,2.18713987686e-09
155.4,2.18365756607e-09
155.5,2.18018503183e-09
155.6,2.17672223042e-09
155.7,2.17326911842e-09
155.8,2.16982565269e-09
155.9,2.16639179036e-09
156.0,2.16296748883e-09
156.1,2.15955270578e-09
156.2,2.15614739916e-09
156.3,2.15275152719e-09
156.4,2.14936504835e-09
156.5,2.14598792137e-09
156.6,2.14262010528e-09
156.7,2.13926155932e-09
156.8,2.13591224302e-09
156.9,2.13257211616e-09
157.0,2.12924113877e-09
157.1,2.12591927111e-09
157.2,2.12260647372e-09
157.3,2.11930270738e-09
157.4,2.11600793309e-09
157.5,2.11272211211e-09
157.6,2.10944520596e-09
157.7,2.10617717635e-09
157.8,2.10291798527e-09
157.9,2.09966759493e-09
158.0,2.09642596777e-09
158.1,2.09319306645e-09
158.2,2.08996885388e-09
158.3,2.08675329319e-09
158.4,2.08354634773e-09
158.5,2.08034798108e-09
158.6,2.07715815703e-09
158.7,2.0739768396e-09
158.8,2.07080399303e-09
158.9,2.06763958176e-09
159.0,2.06448357048e-09
159.1,2.06133592405e-09
159.2,2.05819660756e-09
159.3,2.05506558632e-09
159.4,2.05194282583e-09
159.5,2.04882829182e-09
159.6,2.04572195019e-09
159.7,2.04262376707e-09
159.8,2.03953370878e-09
159.9,2.03645174185e-09
160.0,2.033377833e-09
160.1,2.03031194914e-09
160.2,2.02725405739e-09
160.3,2.02420412507e-09
160.4,2.02116211965e-09
160.5,2.01812800885e-09
160.6,2.01510176053e-09
160.7,2.01208334277e-09
160.8,2.00907272381e-09
160.9,2.0060698721e-09
161.0,2.00307475626e-09
161.1,2.00008734509e-09
161.2,1.99710760757e-09
161.3,1.99413551288e-09
161.4,1.99117103035e-09
161.5,1.9882141295e-09
161.6,1.98526478003e-09
161.7,1.98232295181e-09
161.8,1.97938861486e-09
161.9,1.97646173941e-09
162.0,1.97354229584e-09
162.1,1.9706302547e-09
162.2,1.96772558671e-09
162.3,1.96482826274e-09
162.4,1.96193825386e-09
162.5,1.95905553127e-09
162.6,1.95618006635e-09
162.7,1.95331183063e-09
162.8,1.95045079581e-09
162.9,1.94759693376e-09
163.0,1.94475021647e-09
163.1,1.94191061613e-09
163.2,1.93907810505e-09
163.3,1.93625265572e-09
163.4,1.93343424077e-09
163.5,1.93062283299e-09
163.6,1.92781840531e-09
163.7,1.92502093082e-09
163.8,1.92223038275e-09
163.9,1.91944673448e-09
164.0,1.91666995955e-09
164.1,1.91390003162e-09
164.2,1.91113692452e-09
164.3,1.90838061221e-09
164.4,1.90563106879e-09
164.5,1.90288826851e-09
164.6,1.90015218575e-09
164.7,1.89742279504e-09
164.8,1.89470007105e-09
164.9,1.89198398857e-09
165.0,1.88927452253e-09
165.1,1.88657164803e-09
165.2,1.88387534025e-09
165.3,1.88118557454e-09
165.4,1.87850232638e-09
165.5,1.87582557137e-09
165.6,1.87315528524e-09
165.7,1.87049144386e-09
165.8,1.86783402321e-09
165.9,1.86518299944e-09
166.0,1.86253834877e-09
166.1,1.85990004759e-09
166.2,1.85726807239e-09
166.3,1.8546423998e-09
166.4,1.85202300656e-09
166.5,1.84940986956e-09
166.6,1.84680296577e-09
166.7,1.84420227231e-09
166.8,1.84160776641e-09
166.9,1.83901942542e-09
167.0,1.83643722682e-09
167.1,1.83386114819e-09
167.2,1.83129116724e-09
167.3,1.82872726178e-09
167.4,1.82616940975e-09
167.5,1.82361758921e-09
167.6,1.8210717783e-09
167.7,1.81853195532e-09
167.8,1.81599809865e-09
167.9,1.81347018679e-09
168.0,1.81094819835e-09
168.1,1.80843211204e-09
168.2,1.8059219067e-09
168.3,1.80341756127e-09
168.4,1.80091905478e-09
168.5,1.79842636639e-09
168.6,1.79593947536e-09
168.7,1.79345836105e-09
168.8,1.79098300293e-09
168.9,1.78851338056e-09
169.0,1.78604947363e-09
169.1,1.78359126191e-09
169.2,1.78113872528e-09
169.3,1.77869184372e-09
169.4,1.77625059731e-09
169.5,1.77381496623e-09
169.6,1.77138493077e-09
169.7,1.7689604713e-09
169.8,1.76654156829e-09
169.9,1.76412820232e-09
170.0,1.76172035407e-09
170.1,1.75931800429e-09
170.2,1.75692113385e-09
170.3,1.75452972371e-09
170.4,1.75214375492e-09
170.5,1.74976320861e-09
170.6,1.74738806603e-09
170.7,1.74501830851e-09
170.8,1.74265391746e-09
170.9,1.7402948744e-09
171.0,1.73794116094e-09
171.1,1.73559275875e-09
171.2,1.73324964963e-09
171.3,1.73091181545e-09
171.4,1.72857923816e-09
171.5,1.72625189981e-09
171.6,1.72392978253e-09
171.7,1.72161286855e-09
171.8,1.71930114016e-09
171.9,1.71699457976e-09
172.0,1.71469316982e-09
172.1,1.71239689291e-09
172.2,1.71010573167e-09
172.3,1.70781966882e-09
172.4,1.70553868718e-09
172.5,1.70326276963e-09
172.6,1.70099189916e-09
172.7,1.69872605881e-09
172.8,1.69646523171e-09
172.9,1.6942094011e-09
173.0,1.69195855025e-09
173.1,1.68971266255e-09
173.2,1.68747172144e-09
173.3,1.68523571046e-09
173.4,1.68300461322e-09
173.5,1.6807784134e-09
173.6,1.67855709476e-09
173.7,1.67634064114e-09
173.8,1.67412903646e-09
173.9,1.67192226471e-09
174.0,1.66972030994e-09
174.1,1.6675231563e-09
174.2,1.665330788e-09
174.3,1.66314318933e-09
174.4,1.66096034465e-09
174.5,1.65878223837e-09
174.6,1.65660885502e-09
174.7,1.65444017916e-09
174.8,1.65227619544e-09
174.9,1.65011688858e-09
175.0,1.64796224336e-09
175.1,1.64581224465e-09
175.2,1.64366687736e-09
175.3,1.64152612649e-09
175.4,1.6393899771e-09
175.5,1.63725841434e-09
175.6,1.6351314234e-09
175.7,1.63300898954e-09
175.8,1.6308910981e-09
175.9,1.62877773449e-09
176.0,1.62666888416e-09
176.1,1.62456453266e-09
176.2,1.62246466557e-09
176.3,1.62036926857e-09
176.4,1.61827832738e-09
176.5,1.61619182779e-09
176.6,1.61410975567e-09
176.7,1.61203209692e-09
176.8,1.60995883753e-09
176.9,1.60788996355e-09
177.0,1.60582546109e-09
177.1,1.6037653163e-09
177.2,1.60170951543e-09
177.3,1.59965804477e-09
177.4,1.59761089067e-09
177.5,1.59556803955e-09
177.6,1.59352947787e-09
177.7,1.59149519217e-09
177.8,1.58946516905e-09
177.9,1.58743939515e-09
178.0,1.58541785719e-09
178.1,1.58340054194e-09
178.2,1.58138743623e-09
178.3,1.57937852693e-09
178.4,1.577373801e-09
178.5,1.57537324543e-09
178.6,1.57337684728e-09
178.7,1.57138459366e-09
178.8,1.56939647174e-09
178.9,1.56741246875e-09
179.0,1.56543257197e-09
179.1,1.56345676872e-09
179.2,1.56148504641e-09
179.3,1.55951739248e-09
179.4,1.55755379442e-09
179.5,1.55559423979e-09
179.6,1.55363871619e-09
179.7,1.55168721129e-09
179.8,1.5497397128e-09
179.9,1.54779620848e-09
180.0,1.54585668614e-09
180.1,1.54392113367e-09
180.2,1.54198953898e-09
180.3,1.54006189005e-09
180.4,1.53813817489e-09
180.5,1.53621838159e-09
180.6,1.53430249826e-09
180.7,1.53239051309e-09
180.8,1.53048241431e-09
180.9,1.52857819018e-09
181.0,1.52667782903e-09
181.1,1.52478131924e-09
181.2,1.52288864923e-09
181.3,1.52099980747e-09
181.4,1.51911478249e-09
181.5,1.51723356285e-09
181.6,1.51535613717e-09
181.7,1.51348249412e-09
181.8,1.5116126224e-09
181.9,1.50974651077e-09
182.0,1.50788414804e-09
182.1,1.50602552307e-09
182.2,1.50417062474e-09
182.3,1.50231944201e-09
182.4,1.50047196386e-09
182.5,1.49862817933e-09
182.6,1.4967880775e-09
182.7,1.4949516475e-09
182.8,1.4931188785e-09
182.9,1.49128975971e-09
183.0,1.4894642804e-09
183.1,1.48764242986e-09
183.2,1.48582419745e-09
183.3,1.48400957255e-09
183.4,1.48219854461e-09
183.5,1.48039110309e-09
183.6,1.47858723753e-09
183.7,1.47678693747e-09
183.8,1.47499019254e-09
183.9,1.47319699237e-09
184.0,1.47140732666e-09
184.1,1.46962118514e-09
184.2,1.46783855758e-09
184.3,1.4660594338e-09
184.4,1.46428380365e-09
184.5,1.46251165703e-09
184.6,1.46074298387e-09
184.7,1.45897777416e-09
184.8,1.45721601791e-09
184.9,1.45545770518e-09
185.0,1.45370282607e-09
185.1,1.45195137072e-09
185.2,1.45020332929e-09
185.3,1.44845869202e-09
185.4,1.44671744915e-09
185.5,1.44497959097e-09
185.6,1.44324510783e-09
185.7,1.44151399008e-09
185.8,1.43978622814e-09
185.9,1.43806181246e-09
186.0,1.43634073351e-09
186.1,1.43462298183e-09
186.2,1.43290854797e-09
186.3,1.43119742253e-09
186.4,1.42948959613e-09
186.5,1.42778505946e-09
186.6,1.42608380322e-09
186.7,1.42438581815e-09
186.8,1.42269109503e-09
186.9,1.42099962468e-09
187.0,1.41931139795e-09
187.1,1.41762640573e-09
187.2,1.41594463893e-09
187.3,1.41426608852e-09
187.4,1.41259074549e-09
187.5,1.41091860087e-09
187.6,1.40924964572e-09
187.7,1.40758387114e-09
187.8,1.40592126826e-09
187.9,1.40426182824e-09
188.0,1.40260554229e-09
188.1,1.40095240164e-09
188.2,1.39930239756e-09
188.3,1.39765552134e-09
188.4,1.39601176433e-09
188.5,1.3943711179e-09
188.6,1.39273357343e-09
188.7,1.39109912237e-09
188.8,1.38946775618e-09
188.9,1.38783946637e-09
189.0,1.38621424445e-09
189.1,1.38459208201e-09
189.2,1.38297297062e-09
189.3,1.38135690192e-09
189.4,1.37974386758e-09
189.5,1.37813385927e-09
189.6,1.37652686873e-09
189.7,1.3749228877e-09
189.8,1.37332190797e-09
189.9,1.37172392135e-09
190.0,1.3701289197e-09
190.1,1.36853689489e-09
190.2,1.36694783882e-09
190.3,1.36536174344e-09
190.4,1.36377860071e-09
190.5,1.36219840263e-09
190.6,1.36062114123e-09
190.7,1.35904680856e-09
190.8,1.35747539672e-09
190.9,1.35590689782e-09
191.0,1.35434130401e-09
191.1,1.35277860746e-09
191.2,1.35121880037e-09
191.3,1.34966187499e-09
191.4,1.34810782356e-09
191.5,1.34655663839e-09
191.6,1.34500831179e-09
191.7,1.34346283611e-09
191.8,1.34192020373e-09
191.9,1.34038040704e-09
192.0,1.33884343848e-09
192.1,1.33730929051e-09
192.2,1.33577795561e-09
192.3,1.33424942631e-09
192.4,1.33272369514e-09
192.5,1.33120075467e-09
192.6,1.3296805975e-09
192.7,1.32816321625e-09
192.8,1.32664860357e-09
192.9,1.32513675214e-09
193.0,1.32362765466e-09
193.1,1.32212130386e-09
193.2,1.3206176925e-09
193.3,1.31911681337e-09
193.4,1.31761865926e-09
193.5,1.31612322302e-09
193.6,1.3146304975e-09
193.7,1.31314047559e-09
193.8,1.31165315021e-09
193.9,1.31016851429e-09
194.0,1.30868656079e-09
194.1,1.3072072827e-09
194.2,1.30573067303e-09
194.3,1.30425672483e-09
194.4,1.30278543116e-09
194.5,1.3013167851e-09
194.6,1.29985077976e-09
194.7,1.29838740829e-09
194.8,1.29692666384e-09
194.9,1.29546853961e-09
195.0,1.29401302879e-09
195.1,1.29256012463e-09
195.2,1.29110982038e-09
195.3,1.28966210933e-09
195.4,1.28821698478e-09
195.5,1.28677444006e-09
195.6,1.28533446852e-09
195.7,1.28389706355e-09
195.8,1.28246221853e-09
195.9,1.28102992689e-09
196.0,1.27960018209e-09
196.1,1.27817297758e-09
196.2,1.27674830686e-09
196.3,1.27532616345e-09
196.4,1.27390654088e-09
196.5,1.27248943271e-09
196.6,1.27107483252e-09
196.7,1.26966273393e-09
196.8,1.26825313055e-09
196.9,1.26684601604e-09
197.0,1.26544138406e-09
197.1,1.26403922832e-09
197.2,1.26263954252e-09
197.3,1.26124232041e-09
197.4,1.25984755574e-09
197.5,1.25845524229e-09
197.6,1.25706537386e-09
197.7,1.25567794429e-09
197.8,1.2542929474e-09
197.9,1.25291037708e-09
198.0,1.2515302272e-09
198.1,1.25015249167e-09
198.2,1.24877716442e-09
198.3,1.2474042394e-09
198.4,1.24603371059e-09
198.5,1.24466557196e-09
198.6,1.24329981754e-09
198.7,1.24193644135e-09
198.8,1.24057543746e-09
198.9,1.23921679992e-09
199.0,1.23786052283e-09
199.1,1.23650660031e-09
199.2,1.23515502648e-09
199.3,1.23380579551e-09
199.4,1.23245890156e-09
199.5,1.23111433882e-09
199.6,1.22977210152e-09
199.7,1.22843218386e-09
199.8,1.22709458012e-09
199.9,1.22575928456e-09
