76.1876,-6.17098803253e-11
76.1976,-6.17467449766e-11
76.2076,-6.17836581729e-11
76.2176,-6.18206200083e-11
76.2276,-6.18576305775e-11
76.2376,-6.18946899751e-11
76.2476,-6.19317982964e-11
76.2576,-6.19689556365e-11
76.2676,-6.2006162091e-11
76.2776,-6.20434177556e-11
76.2876,-6.20807227264e-11
76.2976,-6.21180770997e-11
76.3076,-6.2155480972e-11
76.3176,-6.219293444e-11
76.3276,-6.22304376007e-11
76.3376,-6.22679905515e-11
76.3476,-6.23055933899e-11
76.3576,-6.23432462136e-11
76.3676,-6.23809491208e-11
76.3776,-6.24187022095e-11
76.3876,-6.24565055785e-11
76.3976,-6.24943593265e-11
76.4076,-6.25322635526e-11
76.4176,-6.2570218356e-11
76.4276,-6.26082238364e-11
76.4376,-6.26462800935e-11
76.4476,-6.26843872276e-11
76.4576,-6.27225453388e-11
76.4676,-6.27607545279e-11
76.4776,-6.27990148958e-11
76.4876,-6.28373265435e-11
76.4976,-6.28756895725e-11
76.5076,-6.29141040844e-11
76.5176,-6.29525701813e-11
76.5276,-6.29910879652e-11
76.5376,-6.30296575387e-11
76.5476,-6.30682790046e-11
76.5576,-6.31069524657e-11
76.5676,-6.31456780255e-11
76.5776,-6.31844557875e-11
76.5876,-6.32232858555e-11
76.5976,-6.32621683336e-11
76.6076,-6.33011033262e-11
76.6176,-6.33400909379e-11
76.6276,-6.33791312737e-11
76.6376,-6.34182244388e-11
76.6476,-6.34573705386e-11
76.6576,-6.3496569679e-11
76.6676,-6.35358219659e-11
76.6776,-6.35751275058e-11
76.6876,-6.36144864051e-11
76.6976,-6.36538987709e-11
76.7076,-6.36933647101e-11
76.7176,-6.37328843304e-11
76.7276,-6.37724577395e-11
76.7376,-6.38120850453e-11
76.7476,-6.38517663563e-11
76.7576,-6.38915017809e-11
76.7676,-6.39312914281e-11
76.7776,-6.39711354072e-11
76.7876,-6.40110338274e-11
76.7976,-6.40509867987e-11
76.8076,-6.4090994431e-11
76.8176,-6.41310568348e-11
76.8276,-6.41711741207e-11
76.8376,-6.42113463996e-11
76.8476,-6.42515737827e-11
76.8576,-6.42918563816e-11
76.8676,-6.43321943081e-11
76.8776,-6.43725876745e-11
76.8876,-6.4413036593e-11
76.8976,-6.44535411765e-11
76.9076,-6.44941015379e-11
76.9176,-6.45347177907e-11
76.9276,-6.45753900485e-11
76.9376,-6.46161184252e-11
76.9476,-6.46569030351e-11
76.9576,-6.46977439928e-11
76.9676,-6.47386414132e-11
76.9776,-6.47795954114e-11
76.9876,-6.4820606103e-11
76.9976,-6.48616736037e-11
77.0076,-6.49027980297e-11
77.0176,-6.49439794974e-11
77.0276,-6.49852181236e-11
77.0376,-6.50265140254e-11
77.0476,-6.50678673202e-11
77.0576,-6.51092781255e-11
77.0676,-6.51507465596e-11
77.0776,-6.51922727407e-11
77.0876,-6.52338567875e-11
77.0976,-6.5275498819e-11
77.1076,-6.53171989546e-11
77.1176,-6.53589573137e-11
77.1276,-6.54007740165e-11
77.1376,-6.54426491832e-11
77.1476,-6.54845829345e-11
77.1576,-6.55265753912e-11
77.1676,-6.55686266747e-11
77.1776,-6.56107369066e-11
77.1876,-6.56529062088e-11
77.1976,-6.56951347037e-11
77.2076,-6.57374225137e-11
77.2176,-6.57797697619e-11
77.2276,-6.58221765716e-11
77.2376,-6.58646430664e-11
77.2476,-6.59071693703e-11
77.2576,-6.59497556075e-11
77.2676,-6.59924019027e-11
77.2776,-6.6035108381e-11
77.2876,-6.60778751675e-11
77.2976,-6.61207023881e-11
77.3076,-6.61635901687e-11
77.3176,-6.62065386358e-11
77.3276,-6.6249547916e-11
77.3376,-6.62926181364e-11
77.3476,-6.63357494245e-11
77.3576,-6.6378941908e-11
77.3676,-6.6422195715e-11
77.3776,-6.64655109741e-11
77.3876,-6.65088878141e-11
77.3976,-6.65523263641e-11
77.4076,-6.65958267538e-11
77.4176,-6.6639389113e-11
77.4276,-6.66830135721e-11
77.4376,-6.67267002616e-11
77.4476,-6.67704493127e-11
77.4576,-6.68142608565e-11
77.4676,-6.6858135025e-11
77.4776,-6.69020719501e-11
77.4876,-6.69460717644e-11
77.4976,-6.69901346007e-11
77.5076,-6.70342605922e-11
77.5176,-6.70784498725e-11
77.5276,-6.71227025755e-11
77.5376,-6.71670188356e-11
77.5476,-6.72113987875e-11
77.5576,-6.72558425663e-11
77.5676,-6.73003503074e-11
77.5776,-6.73449221467e-11
77.5876,-6.73895582205e-11
77.5976,-6.74342586652e-11
77.6076,-6.7479023618e-11
77.6176,-6.75238532161e-11
77.6276,-6.75687475974e-11
77.6376,-6.76137069001e-11
77.6476,-6.76587312625e-11
77.6576,-6.77038208238e-11
77.6676,-6.77489757232e-11
77.6776,-6.77941961004e-11
77.6876,-6.78394820957e-11
77.6976,-6.78848338493e-11
77.7076,-6.79302515023e-11
77.7176,-6.7975735196e-11
77.7276,-6.80212850722e-11
77.7376,-6.80669012728e-11
77.7476,-6.81125839404e-11
77.7576,-6.81583332179e-11
77.7676,-6.82041492488e-11
77.7776,-6.82500321766e-11
77.7876,-6.82959821455e-11
77.7976,-6.83419993002e-11
77.8076,-6.83880837855e-11
77.8176,-6.84342357468e-11
77.8276,-6.848045533e-11
77.8376,-6.85267426811e-11
77.8476,-6.8573097947e-11
77.8576,-6.86195212745e-11
77.8676,-6.86660128113e-11
77.8776,-6.8712572705e-11
77.8876,-6.87592011042e-11
77.8976,-6.88058981575e-11
77.9076,-6.8852664014e-11
77.9176,-6.88994988234e-11
77.9276,-6.89464027357e-11
77.9376,-6.89933759014e-11
77.9476,-6.90404184712e-11
77.9576,-6.90875305967e-11
77.9676,-6.91347124294e-11
77.9776,-6.91819641216e-11
77.9876,-6.9229285826e-11
77.9976,-6.92766776956e-11
78.0076,-6.9324139884e-11
78.0176,-6.9371672545e-11
78.0276,-6.94192758331e-11
78.0376,-6.94669499032e-11
78.0476,-6.95146949105e-11
78.0576,-6.95625110108e-11
78.0676,-6.96103983603e-11
78.0776,-6.96583571157e-11
78.0876,-6.97063874341e-11
78.0976,-6.9754489473e-11
78.1076,-6.98026633904e-11
78.1176,-6.98509093449e-11
78.1276,-6.98992274954e-11
78.1376,-6.99476180013e-11
78.1476,-6.99960810225e-11
78.1576,-7.00446167194e-11
78.1676,-7.00932252526e-11
78.1776,-7.01419067836e-11
78.1876,-7.01906614741e-11
78.1976,-7.02394894862e-11
78.2076,-7.02883909828e-11
78.2176,-7.03373661269e-11
78.2276,-7.03864150823e-11
78.2376,-7.0435538013e-11
78.2476,-7.04847350837e-11
78.2576,-7.05340064595e-11
78.2676,-7.0583352306e-11
78.2776,-7.06327727893e-11
78.2876,-7.06822680758e-11
78.2976,-7.07318383327e-11
78.3076,-7.07814837276e-11
78.3176,-7.08312044284e-11
78.3276,-7.08810006037e-11
78.3376,-7.09308724225e-11
78.3476,-7.09808200544e-11
78.3576,-7.10308436694e-11
78.3676,-7.10809434381e-11
78.3776,-7.11311195314e-11
78.3876,-7.1181372121e-11
78.3976,-7.1231701379e-11
78.4076,-7.12821074777e-11
78.4176,-7.13325905905e-11
78.4276,-7.13831508908e-11
78.4376,-7.14337885529e-11
78.4476,-7.14845037512e-11
78.4576,-7.15352966611e-11
78.4676,-7.1586167458e-11
78.4776,-7.16371163184e-11
78.4876,-7.16881434188e-11
78.4976,-7.17392489366e-11
78.5076,-7.17904330496e-11
78.5176,-7.18416959359e-11
78.5276,-7.18930377746e-11
78.5376,-7.1944458745e-11
78.5476,-7.1995959027e-11
78.5576,-7.20475388011e-11
78.5676,-7.20991982483e-11
78.5776,-7.21509375502e-11
78.5876,-7.22027568888e-11
78.5976,-7.22546564468e-11
78.6076,-7.23066364074e-11
78.6176,-7.23586969543e-11
78.6276,-7.24108382719e-11
78.6376,-7.24630605449e-11
78.6476,-7.25153639589e-11
78.6576,-7.25677486998e-11
78.6676,-7.26202149541e-11
78.6776,-7.2672762909e-11
78.6876,-7.27253927521e-11
78.6976,-7.27781046716e-11
78.7076,-7.28308988564e-11
78.7176,-7.28837754958e-11
78.7276,-7.29367347799e-11
78.7376,-7.29897768991e-11
78.7476,-7.30429020445e-11
78.7576,-7.30961104079e-11
78.7676,-7.31494021815e-11
78.7776,-7.32027775582e-11
78.7876,-7.32562367314e-11
78.7976,-7.33097798953e-11
78.8076,-7.33634072444e-11
78.8176,-7.3417118974e-11
78.8276,-7.34709152799e-11
78.8376,-7.35247963585e-11
78.8476,-7.35787624068e-11
78.8576,-7.36328136226e-11
78.8676,-7.3686950204e-11
78.8776,-7.37411723498e-11
78.8876,-7.37954802597e-11
78.8976,-7.38498741335e-11
78.9076,-7.39043541721e-11
78.9176,-7.39589205767e-11
78.9276,-7.40135735492e-11
78.9376,-7.40683132922e-11
78.9476,-7.41231400089e-11
78.9576,-7.41780539031e-11
78.9676,-7.42330551791e-11
78.9776,-7.42881440421e-11
78.9876,-7.43433206978e-11
78.9976,-7.43985853525e-11
79.0076,-7.44539382131e-11
79.0176,-7.45093794874e-11
79.0276,-7.45649093835e-11
79.0376,-7.46205281103e-11
79.0476,-7.46762358775e-11
79.0576,-7.47320328952e-11
79.0676,-7.47879193742e-11
79.0776,-7.48438955262e-11
79.0876,-7.48999615632e-11
79.0976,-7.49561176981e-11
79.1076,-7.50123641445e-11
79.1176,-7.50687011164e-11
79.1276,-7.51251288288e-11
79.1376,-7.51816474971e-11
79.1476,-7.52382573375e-11
79.1576,-7.52949585669e-11
79.1676,-7.53517514029e-11
79.1776,-7.54086360635e-11
79.1876,-7.54656127679e-11
79.1976,-7.55226817355e-11
79.2076,-7.55798431867e-11
79.2176,-7.56370973424e-11
79.2276,-7.56944444243e-11
79.2376,-7.57518846548e-11
79.2476,-7.58094182569e-11
79.2576,-7.58670454545e-11
79.2676,-7.5924766472e-11
79.2776,-7.59825815346e-11
79.2876,-7.60404908683e-11
79.2976,-7.60984946996e-11
79.3076,-7.61565932559e-11
79.3176,-7.62147867652e-11
79.3276,-7.62730754564e-11
79.3376,-7.6331459559e-11
79.3476,-7.63899393031e-11
79.3576,-7.64485149198e-11
79.3676,-7.65071866407e-11
79.3776,-7.65659546984e-11
79.3876,-7.66248193259e-11
79.3976,-7.66837807573e-11
79.4076,-7.67428392271e-11
79.4176,-7.68019949709e-11
79.4276,-7.68612482247e-11
79.4376,-7.69205992256e-11
79.4476,-7.69800482112e-11
79.4576,-7.70395954199e-11
79.4676,-7.70992410909e-11
79.4776,-7.71589854644e-11
79.4876,-7.72188287809e-11
79.4976,-7.7278771282e-11
79.5076,-7.73388132101e-11
79.5176,-7.73989548081e-11
79.5276,-7.745919632e-11
79.5376,-7.75195379904e-11
79.5476,-7.75799800647e-11
79.5576,-7.76405227892e-11
79.5676,-7.77011664109e-11
79.5776,-7.77619111775e-11
79.5876,-7.78227573378e-11
79.5976,-7.78837051412e-11
79.6076,-7.79447548378e-11
79.6176,-7.80059066787e-11
79.6276,-7.80671609159e-11
79.6376,-7.81285178018e-11
79.6476,-7.81899775901e-11
79.6576,-7.82515405351e-11
79.6676,-7.83132068919e-11
79.6776,-7.83749769164e-11
79.6876,-7.84368508656e-11
79.6976,-7.8498828997e-11
79.7076,-7.85609115692e-11
79.7176,-7.86230988414e-11
79.7276,-7.86853910738e-11
79.7376,-7.87477885275e-11
79.7476,-7.88102914643e-11
79.7576,-7.88729001471e-11
79.7676,-7.89356148393e-11
79.7776,-7.89984358055e-11
79.7876,-7.9061363311e-11
79.7976,-7.9124397622e-11
79.8076,-7.91875390056e-11
79.8176,-7.92507877297e-11
79.8276,-7.93141440632e-11
79.8376,-7.93776082757e-11
79.8476,-7.9441180638e-11
79.8576,-7.95048614215e-11
79.8676,-7.95686508987e-11
79.8776,-7.96325493428e-11
79.8876,-7.9696557028e-11
79.8976,-7.97606742294e-11
79.9076,-7.98249012232e-11
79.9176,-7.98892382862e-11
79.9276,-7.99536856962e-11
79.9376,-8.00182437321e-11
79.9476,-8.00829126737e-11
79.9576,-8.01476928013e-11
79.9676,-8.02125843968e-11
79.9776,-8.02775877426e-11
79.9876,-8.03427031221e-11
79.9976,-8.04079308197e-11
80.0076,-8.04732711209e-11
80.0176,-8.05387243117e-11
80.0276,-8.06042906797e-11
80.0376,-8.06699705128e-11
80.0476,-8.07357641004e-11
80.0576,-8.08016717326e-11
80.0676,-8.08676937004e-11
80.0776,-8.0933830296e-11
80.0876,-8.10000818125e-11
80.0976,-8.10664485439e-11
80.1076,-8.11329307853e-11
80.1176,-8.11995288327e-11
80.1276,-8.12662429831e-11
80.1376,-8.13330735347e-11
80.1476,-8.14000207864e-11
80.1576,-8.14670850383e-11
80.1676,-8.15342665914e-11
80.1776,-8.1601565748e-11
80.1876,-8.1668982811e-11
80.1976,-8.17365180846e-11
80.2076,-8.18041718739e-11
80.2176,-8.18719444853e-11
80.2276,-8.19398362258e-11
80.2376,-8.20078474038e-11
80.2476,-8.20759783287e-11
80.2576,-8.21442293108e-11
80.2676,-8.22126006615e-11
80.2776,-8.22810926934e-11
80.2876,-8.23497057199e-11
80.2976,-8.24184400559e-11
80.3076,-8.24872960169e-11
80.3176,-8.25562739197e-11
80.3276,-8.26253740823e-11
80.3376,-8.26945968235e-11
80.3476,-8.27639424635e-11
80.3576,-8.28334113234e-11
80.3676,-8.29030037254e-11
80.3776,-8.29727199929e-11
80.3876,-8.30425604504e-11
80.3976,-8.31125254234e-11
80.4076,-8.31826152387e-11
80.4176,-8.32528302241e-11
80.4276,-8.33231707085e-11
80.4376,-8.3393637022e-11
80.4476,-8.3464229496e-11
80.4576,-8.35349484626e-11
80.4676,-8.36057942556e-11
80.4776,-8.36767672095e-11
80.4876,-8.37478676603e-11
80.4976,-8.38190959448e-11
80.5076,-8.38904524013e-11
80.5176,-8.39619373692e-11
80.5276,-8.40335511889e-11
80.5376,-8.41052942021e-11
80.5476,-8.41771667519e-11
80.5576,-8.42491691821e-11
80.5676,-8.43213018383e-11
80.5776,-8.43935650667e-11
80.5876,-8.44659592152e-11
80.5976,-8.45384846327e-11
80.6076,-8.46111416693e-11
80.6176,-8.46839306763e-11
80.6276,-8.47568520064e-11
80.6376,-8.48299060134e-11
80.6476,-8.49030930523e-11
80.6576,-8.49764134795e-11
80.6676,-8.50498676526e-11
80.6776,-8.51234559303e-11
80.6876,-8.51971786727e-11
80.6976,-8.52710362413e-11
80.7076,-8.53450289985e-11
80.7176,-8.54191573084e-11
80.7276,-8.54934215362e-11
80.7376,-8.55678220482e-11
80.7476,-8.56423592123e-11
80.7576,-8.57170333975e-11
80.7676,-8.57918449743e-11
80.7776,-8.58667943143e-11
80.7876,-8.59418817905e-11
80.7976,-8.60171077773e-11
80.8076,-8.60924726503e-11
80.8176,-8.61679767865e-11
80.8276,-8.62436205643e-11
80.8376,-8.63194043634e-11
80.8476,-8.63953285648e-11
80.8576,-8.64713935508e-11
80.8676,-8.65475997053e-11
80.8776,-8.66239474134e-11
80.8876,-8.67004370616e-11
80.8976,-8.67770690377e-11
80.9076,-8.68538437312e-11
80.9176,-8.69307615325e-11
80.9276,-8.70078228339e-11
80.9376,-8.70850280288e-11
80.9476,-8.7162377512e-11
80.9576,-8.723987168e-11
80.9676,-8.73175109304e-11
80.9776,-8.73952956624e-11
80.9876,-8.74732262766e-11
80.9976,-8.75513031751e-11
81.0076,-8.76295267613e-11
81.0176,-8.77078974403e-11
81.0276,-8.77864156185e-11
81.0376,-8.78650817037e-11
81.0476,-8.79438961053e-11
81.0576,-8.80228592342e-11
81.0676,-8.81019715027e-11
81.0776,-8.81812333247e-11
81.0876,-8.82606451154e-11
81.0976,-8.83402072918e-11
81.1076,-8.84199202723e-11
81.1176,-8.84997844766e-11
81.1276,-8.85798003263e-11
81.1376,-8.86599682442e-11
81.1476,-8.87402886549e-11
81.1576,-8.88207619845e-11
81.1676,-8.89013886605e-11
81.1776,-8.89821691121e-11
81.1876,-8.906310377e-11
81.1976,-8.91441930666e-11
81.2076,-8.92254374359e-11
81.2176,-8.93068373131e-11
81.2276,-8.93883931356e-11
81.2376,-8.94701053419e-11
81.2476,-8.95519743725e-11
81.2576,-8.96340006691e-11
81.2676,-8.97161846755e-11
81.2776,-8.97985268368e-11
81.2876,-8.98810275998e-11
81.2976,-8.9963687413e-11
81.3076,-9.00465067267e-11
81.3176,-9.01294859926e-11
81.3276,-9.02126256641e-11
81.3376,-9.02959261966e-11
81.3476,-9.03793880468e-11
81.3576,-9.04630116733e-11
81.3676,-9.05467975364e-11
81.3776,-9.0630746098e-11
81.3876,-9.07148578218e-11
81.3976,-9.07991331733e-11
81.4076,-9.08835726195e-11
81.4176,-9.09681766294e-11
81.4276,-9.10529456737e-11
81.4376,-9.11378802246e-11
81.4476,-9.12229807564e-11
81.4576,-9.13082477451e-11
81.4676,-9.13936816684e-11
81.4776,-9.14792830056e-11
81.4876,-9.15650522383e-11
81.4976,-9.16509898495e-11
81.5076,-9.17370963241e-11
81.5176,-9.18233721489e-11
81.5276,-9.19098178125e-11
81.5376,-9.19964338053e-11
81.5476,-9.20832206196e-11
81.5576,-9.21701787496e-11
81.5676,-9.22573086912e-11
81.5776,-9.23446109423e-11
81.5876,-9.24320860026e-11
81.5976,-9.25197343739e-11
81.6076,-9.26075565596e-11
81.6176,-9.26955530653e-11
81.6276,-9.27837243983e-11
81.6376,-9.2872071068e-11
81.6476,-9.29605935854e-11
81.6576,-9.30492924639e-11
81.6676,-9.31381682186e-11
81.6776,-9.32272213666e-11
81.6876,-9.3316452427e-11
81.6976,-9.34058619207e-11
81.7076,-9.34954503709e-11
81.7176,-9.35852183026e-11
81.7276,-9.36751662429e-11
81.7376,-9.37652947207e-11
81.7476,-9.38556042673e-11
81.7576,-9.39460954157e-11
81.7676,-9.40367687012e-11
81.7776,-9.4127624661e-11
81.7876,-9.42186638343e-11
81.7976,-9.43098867625e-11
81.8076,-9.44012939892e-11
81.8176,-9.44928860599e-11
81.8276,-9.45846635221e-11
81.8376,-9.46766269258e-11
81.8476,-9.47687768228e-11
81.8576,-9.48611137671e-11
81.8676,-9.49536383149e-11
81.8776,-9.50463510246e-11
81.8876,-9.51392524566e-11
81.8976,-9.52323431736e-11
81.9076,-9.53256237405e-11
81.9176,-9.54190947243e-11
81.9276,-9.55127566943e-11
81.9376,-9.5606610222e-11
81.9476,-9.5700655881e-11
81.9576,-9.57948942472e-11
81.9676,-9.5889325899e-11
81.9776,-9.59839514166e-11
81.9876,-9.60787713829e-11
81.9976,-9.61737863827e-11
82.0076,-9.62689970035e-11
82.0176,-9.63644038347e-11
82.0276,-9.64600074683e-11
82.0376,-9.65558084985e-11
82.0476,-9.66518075218e-11
82.0576,-9.67480051371e-11
82.0676,-9.68444019457e-11
82.0776,-9.69409985512e-11
82.0876,-9.70377955596e-11
82.0976,-9.71347935793e-11
82.1076,-9.72319932211e-11
82.1176,-9.73293950981e-11
82.1276,-9.74269998261e-11
82.1376,-9.75248080231e-11
82.1476,-9.76228203096e-11
82.1576,-9.77210373085e-11
82.1676,-9.78194596454e-11
82.1776,-9.79180879481e-11
82.1876,-9.80169228471e-11
82.1976,-9.81159649754e-11
82.2076,-9.82152149683e-11
82.2176,-9.83146734639e-11
82.2276,-9.84143411026e-11
82.2376,-9.85142185276e-11
82.2476,-9.86143063846e-11
82.2576,-9.87146053217e-11
82.2676,-9.88151159898e-11
82.2776,-9.89158390424e-11
82.2876,-9.90167751354e-11
82.2976,-9.91179249276e-11
82.3076,-9.92192890803e-11
82.3176,-9.93208682575e-11
82.3276,-9.94226631258e-11
82.3376,-9.95246743547e-11
82.3476,-9.9626902616e-11
82.3576,-9.97293485846e-11
82.3676,-9.9832012938e-11
82.3776,-9.99348963563e-11
82.3876,-1.00037999522e-10
82.3976,-1.00141323122e-10
82.4076,-1.00244867844e-10
82.4176,-1.00348634379e-10
82.4276,-1.00452623422e-10
82.4376,-1.00556835669e-10
82.4476,-1.0066127182e-10
82.4576,-1.00765932578e-10
82.4676,-1.00870818648e-10
82.4776,-1.00975930738e-10
82.4876,-1.0108126956e-10
82.4976,-1.01186835828e-10
82.5076,-1.01292630258e-10
82.5176,-1.01398653571e-10
82.5276,-1.01504906489e-10
82.5376,-1.01611389739e-10
82.5476,-1.01718104049e-10
82.5576,-1.01825050151e-10
82.5676,-1.01932228779e-10
82.5776,-1.02039640672e-10
82.5876,-1.02147286571e-10
82.5976,-1.02255167219e-10
82.6076,-1.02363283363e-10
82.6176,-1.02471635753e-10
82.6276,-1.02580225143e-10
82.6376,-1.02689052289e-10
82.6476,-1.02798117949e-10
82.6576,-1.02907422887e-10
82.6676,-1.03016967869e-10
82.6776,-1.03126753662e-10
82.6876,-1.03236781039e-10
82.6976,-1.03347050776e-10
82.7076,-1.0345756365e-10
82.7176,-1.03568320443e-10
82.7276,-1.03679321941e-10
82.7376,-1.03790568931e-10
82.7476,-1.03902062205e-10
82.7576,-1.04013802558e-10
82.7676,-1.04125790787e-10
82.7776,-1.04238027695e-10
82.7876,-1.04350514085e-10
82.7976,-1.04463250767e-10
82.8076,-1.0457623855e-10
82.8176,-1.04689478252e-10
82.8276,-1.04802970689e-10
82.8376,-1.04916716683e-10
82.8476,-1.0503071706e-10
82.8576,-1.05144972649e-10
82.8676,-1.05259484281e-10
82.8776,-1.05374252792e-10
82.8876,-1.05489279022e-10
82.8976,-1.05604563812e-10
82.9076,-1.0572010801e-10
82.9176,-1.05835912466e-10
82.9276,-1.05951978032e-10
82.9376,-1.06068305565e-10
82.9476,-1.06184895927e-10
82.9576,-1.06301749982e-10
82.9676,-1.06418868598e-10
82.9776,-1.06536252646e-10
82.9876,-1.06653903002e-10
82.9976,-1.06771820545e-10
83.0076,-1.06890006158e-10
83.0176,-1.07008460727e-10
83.0276,-1.07127185143e-10
83.0376,-1.072461803e-10
83.0476,-1.07365447096e-10
83.0576,-1.07484986433e-10
83.0676,-1.07604799217e-10
83.0776,-1.07724886357e-10
83.0876,-1.07845248766e-10
83.0976,-1.07965887363e-10
83.1076,-1.08086803068e-10
83.1176,-1.08207996806e-10
83.1276,-1.08329469508e-10
83.1376,-1.08451222106e-10
83.1476,-1.08573255537e-10
83.1576,-1.08695570744e-10
83.1676,-1.0881816867e-10
83.1776,-1.08941050266e-10
83.1876,-1.09064216486e-10
83.1976,-1.09187668286e-10
83.2076,-1.0931140663e-10
83.2176,-1.09435432482e-10
83.2276,-1.09559746813e-10
83.2376,-1.09684350597e-10
83.2476,-1.09809244814e-10
83.2576,-1.09934430445e-10
83.2676,-1.10059908479e-10
83.2776,-1.10185679905e-10
83.2876,-1.10311745721e-10
83.2976,-1.10438106927e-10
83.3076,-1.10564764526e-10
83.3176,-1.10691719528e-10
83.3276,-1.10818972946e-10
83.3376,-1.10946525797e-10
83.3476,-1.11074379105e-10
83.3576,-1.11202533894e-10
83.3676,-1.11330991198e-10
83.3776,-1.1145975205e-10
83.3876,-1.11588817492e-10
83.3976,-1.11718188568e-10
83.4076,-1.11847866327e-10
83.4176,-1.11977851824e-10
83.4276,-1.12108146117e-10
83.4376,-1.12238750269e-10
83.4476,-1.12369665349e-10
83.4576,-1.12500892429e-10
83.4676,-1.12632432586e-10
83.4776,-1.12764286903e-10
83.4876,-1.12896456467e-10
83.4976,-1.1302894237e-10
83.5076,-1.13161745708e-10
83.5176,-1.13294867582e-10
83.5276,-1.134283091e-10
83.5376,-1.13562071372e-10
83.5476,-1.13696155515e-10
83.5576,-1.1383056265e-10
83.5676,-1.13965293903e-10
83.5776,-1.14100350406e-10
83.5876,-1.14235733295e-10
83.5976,-1.1437144371e-10
83.6076,-1.145074828e-10
83.6176,-1.14643851715e-10
83.6276,-1.14780551612e-10
83.6376,-1.14917583653e-10
83.6476,-1.15054949005e-10
83.6576,-1.15192648841e-10
83.6676,-1.15330684339e-10
83.6776,-1.1546905668e-10
83.6876,-1.15607767055e-10
83.6976,-1.15746816655e-10
83.7076,-1.1588620668e-10
83.7176,-1.16025938336e-10
83.7276,-1.1616601283e-10
83.7376,-1.1630643138e-10
83.7476,-1.16447195205e-10
83.7576,-1.16588305532e-10
83.7676,-1.16729763592e-10
83.7776,-1.16871570624e-10
83.7876,-1.17013727871e-10
83.7976,-1.1715623658e-10
83.8076,-1.17299098007e-10
83.8176,-1.17442313411e-10
83.8276,-1.17585884059e-10
83.8376,-1.17729811221e-10
83.8476,-1.17874096176e-10
83.8576,-1.18018740206e-10
83.8676,-1.18163744601e-10
83.8776,-1.18309110655e-10
83.8876,-1.18454839669e-10
83.8976,-1.1860093295e-10
83.9076,-1.18747391811e-10
83.9176,-1.18894217571e-10
83.9276,-1.19041411554e-10
83.9376,-1.19188975091e-10
83.9476,-1.1933690952e-10
83.9576,-1.19485216183e-10
83.9676,-1.1963389643e-10
83.9776,-1.19782951616e-10
83.9876,-1.19932383103e-10
83.9976,-1.20082192259e-10
84.0076,-1.20232380458e-10
84.0176,-1.20382949082e-10
84.0276,-1.20533899516e-10
84.0376,-1.20685233156e-10
84.0476,-1.208369514e-10
84.0576,-1.20989055654e-10
84.0676,-1.21141547333e-10
84.0776,-1.21294427855e-10
84.0876,-1.21447698646e-10
84.0976,-1.2160136114e-10
84.1076,-1.21755416774e-10
84.1176,-1.21909866996e-10
84.1276,-1.22064713258e-10
84.1376,-1.22219957019e-10
84.1476,-1.22375599746e-10
84.1576,-1.22531642912e-10
84.1676,-1.22688087997e-10
84.1776,-1.22844936487e-10
84.1876,-1.23002189877e-10
84.1976,-1.23159849668e-10
84.2076,-1.23317917366e-10
84.2176,-1.23476394488e-10
84.2276,-1.23635282555e-10
84.2376,-1.23794583096e-10
84.2476,-1.23954297648e-10
84.2576,-1.24114427754e-10
84.2676,-1.24274974965e-10
84.2776,-1.24435940839e-10
84.2876,-1.24597326941e-10
84.2976,-1.24759134844e-10
84.3076,-1.24921366128e-10
84.3176,-1.25084022381e-10
84.3276,-1.25247105199e-10
84.3376,-1.25410616182e-10
84.3476,-1.25574556943e-10
84.3576,-1.25738929098e-10
84.3676,-1.25903734273e-10
84.3776,-1.26068974101e-10
84.3876,-1.26234650223e-10
84.3976,-1.26400764289e-10
84.4076,-1.26567317953e-10
84.4176,-1.26734312881e-10
84.4276,-1.26901750744e-10
84.4376,-1.27069633224e-10
84.4476,-1.27237962008e-10
84.4576,-1.27406738792e-10
84.4676,-1.27575965281e-10
84.4776,-1.27745643187e-10
84.4876,-1.27915774231e-10
84.4976,-1.28086360141e-10
84.5076,-1.28257402655e-10
84.5176,-1.28428903517e-10
84.5276,-1.28600864482e-10
84.5376,-1.28773287311e-10
84.5476,-1.28946173776e-10
84.5576,-1.29119525654e-10
84.5676,-1.29293344734e-10
84.5776,-1.29467632811e-10
84.5876,-1.2964239169e-10
84.5976,-1.29817623184e-10
84.6076,-1.29993329116e-10
84.6176,-1.30169511316e-10
84.6276,-1.30346171624e-10
84.6376,-1.30523311888e-10
84.6476,-1.30700933966e-10
84.6576,-1.30879039723e-10
84.6676,-1.31057631036e-10
84.6776,-1.31236709788e-10
84.6876,-1.31416277873e-10
84.6976,-1.31596337193e-10
84.7076,-1.3177688966e-10
84.7176,-1.31957937195e-10
84.7276,-1.32139481728e-10
84.7376,-1.32321525199e-10
84.7476,-1.32504069557e-10
84.7576,-1.32687116759e-10
84.7676,-1.32870668775e-10
84.7776,-1.33054727582e-10
84.7876,-1.33239295166e-10
84.7976,-1.33424373524e-10
84.8076,-1.33609964663e-10
84.8176,-1.33796070598e-10
84.8276,-1.33982693356e-10
84.8376,-1.34169834973e-10
84.8476,-1.34357497493e-10
84.8576,-1.34545682973e-10
84.8676,-1.34734393478e-10
84.8776,-1.34923631084e-10
84.8876,-1.35113397876e-10
84.8976,-1.35303695952e-10
84.9076,-1.35494527416e-10
84.9176,-1.35685894385e-10
84.9276,-1.35877798987e-10
84.9376,-1.36070243357e-10
84.9476,-1.36263229645e-10
84.9576,-1.36456760008e-10
84.9676,-1.36650836615e-10
84.9776,-1.36845461644e-10
84.9876,-1.37040637287e-10
84.9976,-1.37236365743e-10
85.0076,-1.37432649225e-10
85.0176,-1.37629489954e-10
85.0276,-1.37826890164e-10
85.0376,-1.38024852099e-10
85.0476,-1.38223378014e-10
85.0576,-1.38422470175e-10
85.0676,-1.3862213086e-10
85.0776,-1.38822362357e-10
85.0876,-1.39023166966e-10
85.0976,-1.39224546999e-10
85.1076,-1.39426504776e-10
85.1176,-1.39629042633e-10
85.1276,-1.39832162915e-10
85.1376,-1.40035867979e-10
85.1476,-1.40240160193e-10
85.1576,-1.40445041937e-10
85.1676,-1.40650515603e-10
85.1776,-1.40856583595e-10
85.1876,-1.41063248329e-10
85.1976,-1.41270512231e-10
85.2076,-1.41478377742e-10
85.2176,-1.41686847312e-10
85.2276,-1.41895923405e-10
85.2376,-1.42105608497e-10
85.2476,-1.42315905076e-10
85.2576,-1.42526815642e-10
85.2676,-1.42738342706e-10
85.2776,-1.42950488795e-10
85.2876,-1.43163256445e-10
85.2976,-1.43376648207e-10
85.3076,-1.43590666642e-10
85.3176,-1.43805314327e-10
85.3276,-1.44020593848e-10
85.3376,-1.44236507807e-10
85.3476,-1.44453058817e-10
85.3576,-1.44670249504e-10
85.3676,-1.44888082508e-10
85.3776,-1.45106560482e-10
85.3876,-1.4532568609e-10
85.3976,-1.45545462012e-10
85.4076,-1.4576589094e-10
85.4176,-1.45986975578e-10
85.4276,-1.46208718646e-10
85.4376,-1.46431122876e-10
85.4476,-1.46654191013e-10
85.4576,-1.46877925816e-10
85.4676,-1.47102330059e-10
85.4776,-1.47327406527e-10
85.4876,-1.47553158022e-10
85.4976,-1.47779587356e-10
85.5076,-1.4800669736e-10
85.5176,-1.48234490873e-10
85.5276,-1.48462970753e-10
85.5376,-1.4869213987e-10
85.5476,-1.48922001107e-10
85.5576,-1.49152557365e-10
85.5676,-1.49383811555e-10
85.5776,-1.49615766604e-10
85.5876,-1.49848425456e-10
85.5976,-1.50081791065e-10
85.6076,-1.50315866404e-10
85.6176,-1.50550654456e-10
85.6276,-1.50786158223e-10
85.6376,-1.5102238072e-10
85.6476,-1.51259324976e-10
85.6576,-1.51496994037e-10
85.6676,-1.51735390962e-10
85.6776,-1.51974518826e-10
85.6876,-1.52214380719e-10
85.6976,-1.52454979746e-10
85.7076,-1.52696319029e-10
85.7176,-1.52938401702e-10
85.7276,-1.53181230917e-10
85.7376,-1.53424809841e-10
85.7476,-1.53669141655e-10
85.7576,-1.53914229559e-10
85.7676,-1.54160076765e-10
85.7776,-1.54406686503e-10
85.7876,-1.54654062018e-10
85.7976,-1.5490220657e-10
85.8076,-1.55151123438e-10
85.8176,-1.55400815913e-10
85.8276,-1.55651287306e-10
85.8376,-1.55902540941e-10
85.8476,-1.5615458016e-10
85.8576,-1.5640740832e-10
85.8676,-1.56661028796e-10
85.8776,-1.56915444978e-10
85.8876,-1.57170660273e-10
85.8976,-1.57426678105e-10
85.9076,-1.57683501915e-10
85.9176,-1.57941135158e-10
85.9276,-1.58199581309e-10
85.9376,-1.58458843859e-10
85.9476,-1.58718926314e-10
85.9576,-1.58979832199e-10
85.9676,-1.59241565055e-10
85.9776,-1.59504128441e-10
85.9876,-1.59767525932e-10
85.9976,-1.60031761122e-10
86.0076,-1.60296837619e-10
86.0176,-1.60562759052e-10
86.0276,-1.60829529066e-10
86.0376,-1.61097151322e-10
86.0476,-1.613656295e-10
86.0576,-1.61634967298e-10
86.0676,-1.6190516843e-10
86.0776,-1.62176236629e-10
86.0876,-1.62448175647e-10
86.0976,-1.62720989249e-10
86.1076,-1.62994681224e-10
86.1176,-1.63269255374e-10
86.1276,-1.63544715523e-10
86.1376,-1.63821065509e-10
86.1476,-1.64098309191e-10
86.1576,-1.64376450445e-10
86.1676,-1.64655493166e-10
86.1776,-1.64935441266e-10
86.1876,-1.65216298676e-10
86.1976,-1.65498069346e-10
86.2076,-1.65780757243e-10
86.2176,-1.66064366353e-10
86.2276,-1.66348900682e-10
86.2376,-1.66634364252e-10
86.2476,-1.66920761105e-10
86.2576,-1.67208095301e-10
86.2676,-1.67496370921e-10
86.2776,-1.6778559206e-10
86.2876,-1.68075762836e-10
86.2976,-1.68366887385e-10
86.3076,-1.6865896986e-10
86.3176,-1.68952014434e-10
86.3276,-1.692460253e-10
86.3376,-1.69541006668e-10
86.3476,-1.69836962768e-10
86.3576,-1.70133897849e-10
86.3676,-1.70431816179e-10
86.3776,-1.70730722044e-10
86.3876,-1.71030619751e-10
86.3976,-1.71331513625e-10
86.4076,-1.7163340801e-10
86.4176,-1.71936307269e-10
86.4276,-1.72240215785e-10
86.4376,-1.72545137959e-10
86.4476,-1.72851078213e-10
86.4576,-1.73158040986e-10
86.4676,-1.73466030739e-10
86.4776,-1.73775051949e-10
86.4876,-1.74085109114e-10
86.4976,-1.74396206751e-10
86.5076,-1.74708349397e-10
86.5176,-1.75021541607e-10
86.5276,-1.75335787955e-10
86.5376,-1.75651093037e-10
86.5476,-1.75967461464e-10
86.5576,-1.7628489787e-10
86.5676,-1.76603406906e-10
86.5776,-1.76922993242e-10
86.5876,-1.77243661569e-10
86.5976,-1.77565416596e-10
86.6076,-1.7788826305e-10
86.6176,-1.7821220568e-10
86.6276,-1.78537249251e-10
86.6376,-1.78863398549e-10
86.6476,-1.79190658378e-10
86.6576,-1.7951903356e-10
86.6676,-1.79848528939e-10
86.6776,-1.80179149376e-10
86.6876,-1.80510899749e-10
86.6976,-1.80843784957e-10
86.7076,-1.81177809917e-10
86.7176,-1.81512979566e-10
86.7276,-1.81849298856e-10
86.7376,-1.82186772761e-10
86.7476,-1.82525406272e-10
86.7576,-1.82865204398e-10
86.7676,-1.83206172166e-10
86.7776,-1.83548314622e-10
86.7876,-1.8389163683e-10
86.7976,-1.8423614387e-10
86.8076,-1.84581840843e-10
86.8176,-1.84928732865e-10
86.8276,-1.8527682507e-10
86.8376,-1.85626122611e-10
86.8476,-1.85976630657e-10
86.8576,-1.86328354393e-10
86.8676,-1.86681299024e-10
86.8776,-1.8703546977e-10
86.8876,-1.87390871867e-10
86.8976,-1.8774751057e-10
86.9076,-1.88105391147e-10
86.9176,-1.88464518885e-10
86.9276,-1.88824899087e-10
86.9376,-1.8918653707e-10
86.9476,-1.89549438168e-10
86.9576,-1.8991360773e-10
86.9676,-1.9027905112e-10
86.9776,-1.90645773717e-10
86.9876,-1.91013780916e-10
86.9976,-1.91383078125e-10
87.0076,-1.91753670766e-10
87.0176,-1.92125564278e-10
87.0276,-1.9249876411e-10
87.0376,-1.92873275726e-10
87.0476,-1.93249104605e-10
87.0576,-1.93626256235e-10
87.0676,-1.94004736121e-10
87.0776,-1.94384549778e-10
87.0876,-1.94765702732e-10
87.0976,-1.95148200522e-10
87.1076,-1.95532048699e-10
87.1176,-1.95917252825e-10
87.1276,-1.9630381847e-10
87.1376,-1.96691751216e-10
87.1476,-1.97081056656e-10
87.1576,-1.97471740391e-10
87.1676,-1.9786380803e-10
87.1776,-1.98257265193e-10
87.1876,-1.98652117506e-10
87.1976,-1.99048370605e-10
87.2076,-1.99446030131e-10
87.2176,-1.99845101732e-10
87.2276,-2.00245591063e-10
87.2376,-2.00647503785e-10
87.2476,-2.01050845564e-10
87.2576,-2.0145562207e-10
87.2676,-2.01861838977e-10
87.2776,-2.02269501963e-10
87.2876,-2.0267861671e-10
87.2976,-2.030891889e-10
87.3076,-2.03501224218e-10
87.3176,-2.0391472835e-10
87.3276,-2.04329706983e-10
87.3376,-2.04746165802e-10
87.3476,-2.05164110493e-10
87.3576,-2.05583546739e-10
87.3676,-2.0600448022e-10
87.3776,-2.06426916615e-10
87.3876,-2.06850861597e-10
87.3976,-2.07276320833e-10
87.4076,-2.07703299989e-10
87.4176,-2.0813180472e-10
87.4276,-2.08561840675e-10
87.4376,-2.08993413496e-10
87.4476,-2.09426528813e-10
87.4576,-2.0986119225e-10
87.4676,-2.10297409416e-10
87.4776,-2.1073518591e-10
87.4876,-2.11174527316e-10
87.4976,-2.11615439207e-10
87.5076,-2.12057927137e-10
87.5176,-2.12501996647e-10
87.5276,-2.12947653258e-10
87.5376,-2.13394902473e-10
87.5476,-2.13843749775e-10
87.5576,-2.14294200628e-10
87.5676,-2.1474626047e-10
87.5776,-2.15199934717e-10
87.5876,-2.15655228761e-10
87.5976,-2.16112147966e-10
87.6076,-2.16570697669e-10
87.6176,-2.17030883178e-10
87.6276,-2.17492709769e-10
87.6376,-2.17956182687e-10
87.6476,-2.18421307143e-10
87.6576,-2.18888088312e-10
87.6676,-2.19356531333e-10
87.6776,-2.19826641306e-10
87.6876,-2.20298423289e-10
87.6976,-2.207718823e-10
87.7076,-2.21247023313e-10
87.7176,-2.21723851253e-10
87.7276,-2.22202371001e-10
87.7376,-2.22682587387e-10
87.7476,-2.23164505189e-10
87.7576,-2.2364812913e-10
87.7676,-2.2413346388e-10
87.7776,-2.2462051405e-10
87.7876,-2.25109284188e-10
87.7976,-2.25599778783e-10
87.8076,-2.26092002258e-10
87.8176,-2.26585958968e-10
87.8276,-2.270816532e-10
87.8376,-2.27579089168e-10
87.8476,-2.2807827101e-10
87.8576,-2.28579202788e-10
87.8676,-2.29081888485e-10
87.8776,-2.29586331999e-10
87.8876,-2.30092537144e-10
87.8976,-2.30600507644e-10
87.9076,-2.31110247134e-10
87.9176,-2.31621759151e-10
87.9276,-2.32135047137e-10
87.9376,-2.32650114432e-10
87.9476,-2.33166964272e-10
87.9576,-2.33685599787e-10
87.9676,-2.34206023993e-10
87.9776,-2.34728239794e-10
87.9876,-2.35252249975e-10
87.9976,-2.357780572e-10
88.0076,-2.36305664006e-10
88.0176,-2.36835072802e-10
88.0276,-2.37366285863e-10
88.0376,-2.37899305326e-10
88.0476,-2.38434133187e-10
88.0576,-2.38970771295e-10
88.0676,-2.39509221351e-10
88.0776,-2.40049484899e-10
88.0876,-2.40591563325e-10
88.0976,-2.41135457849e-10
88.1076,-2.41681169523e-10
88.1176,-2.42228699226e-10
88.1276,-2.42778047657e-10
88.1376,-2.43329215332e-10
88.1476,-2.43882202576e-10
88.1576,-2.4443700952e-10
88.1676,-2.44993636095e-10
88.1776,-2.45552082024e-10
88.1876,-2.46112346821e-10
88.1976,-2.46674429779e-10
88.2076,-2.47238329968e-10
88.2176,-2.47804046229e-10
88.2276,-2.48371577165e-10
88.2376,-2.48940921135e-10
88.2476,-2.49512076248e-10
88.2576,-2.50085040358e-10
88.2676,-2.50659811054e-10
88.2776,-2.51236385651e-10
88.2876,-2.51814761189e-10
88.2976,-2.5239493442e-10
88.3076,-2.52976901802e-10
88.3176,-2.53560659491e-10
88.3276,-2.54146203334e-10
88.3376,-2.54733528857e-10
88.3476,-2.55322631262e-10
88.3576,-2.55913505412e-10
88.3676,-2.5650614583e-10
88.3776,-2.57100546679e-10
88.3876,-2.57696701764e-10
88.3976,-2.58294604515e-10
88.4076,-2.58894247979e-10
88.4176,-2.59495624811e-10
88.4276,-2.60098727263e-10
88.4376,-2.60703547172e-10
88.4476,-2.61310075954e-10
88.4576,-2.61918304587e-10
88.4676,-2.62528223602e-10
88.4776,-2.63139823073e-10
88.4876,-2.63753092604e-10
88.4976,-2.64368021316e-10
88.5076,-2.64984597834e-10
88.5176,-2.6560281028e-10
88.5276,-2.66222646251e-10
88.5376,-2.66844092813e-10
88.5476,-2.67467136484e-10
88.5576,-2.6809176322e-10
88.5676,-2.68717958403e-10
88.5776,-2.69345706824e-10
88.5876,-2.6997499267e-10
88.5976,-2.70605799505e-10
88.6076,-2.7123811026e-10
88.6176,-2.71871907213e-10
88.6276,-2.72507171974e-10
88.6376,-2.73143885467e-10
88.6476,-2.73782027915e-10
88.6576,-2.7442157882e-10
88.6676,-2.75062516947e-10
88.6776,-2.75704820304e-10
88.6876,-2.76348466127e-10
88.6976,-2.76993430853e-10
88.7076,-2.7763969011e-10
88.7176,-2.7828721869e-10
88.7276,-2.7893599053e-10
88.7376,-2.79585978693e-10
88.7476,-2.80237155343e-10
88.7576,-2.80889491728e-10
88.7676,-2.8154295815e-10
88.7776,-2.82197523952e-10
88.7876,-2.82853157483e-10
88.7976,-2.83509826085e-10
88.8076,-2.8416749606e-10
88.8176,-2.84826132649e-10
88.8276,-2.85485700004e-10
88.8376,-2.86146161166e-10
88.8476,-2.86807478031e-10
88.8576,-2.87469611329e-10
88.8676,-2.88132520592e-10
88.8776,-2.88796164129e-10
88.8876,-2.89460498992e-10
88.8976,-2.90125480947e-10
88.9076,-2.90791064448e-10
88.9176,-2.91457202599e-10
88.9276,-2.92123847126e-10
88.9376,-2.92790948344e-10
88.9476,-2.93458455121e-10
88.9576,-2.94126314847e-10
88.9676,-2.94794473397e-10
88.9776,-2.95462875096e-10
88.9876,-2.96131462682e-10
88.9976,-2.96800177269e-10
89.0076,-2.97468958311e-10
89.0176,-2.98137743558e-10
89.0276,-2.98806469022e-10
89.0376,-2.99475068934e-10
89.0476,-3.001434757e-10
89.0576,-3.00811619865e-10
89.0676,-3.01479430064e-10
89.0776,-3.02146832981e-10
89.0876,-3.02813753304e-10
89.0976,-3.03480113677e-10
89.1076,-3.04145834657e-10
89.1176,-3.04810834663e-10
89.1276,-3.05475029929e-10
89.1376,-3.06138334452e-10
89.1476,-3.06800659946e-10
89.1576,-3.07461915786e-10
89.1676,-3.08122008958e-10
89.1776,-3.08780844004e-10
89.1876,-3.09438322967e-10
89.1976,-3.10094345338e-10
89.2076,-3.10748807995e-10
89.2176,-3.11401605148e-10
89.2276,-3.12052628281e-10
89.2376,-3.12701766088e-10
89.2476,-3.13348904415e-10
89.2576,-3.139939262e-10
89.2676,-3.14636711402e-10
89.2776,-3.15277136945e-10
89.2876,-3.15915076647e-10
89.2976,-3.16550401156e-10
89.3076,-3.17182977878e-10
89.3176,-3.17812670916e-10
89.3276,-3.18439340991e-10
89.3376,-3.19062845377e-10
89.3476,-3.19683037824e-10
89.3576,-3.20299768489e-10
89.3676,-3.20912883856e-10
89.3776,-3.21522226665e-10
89.3876,-3.22127635832e-10
89.3976,-3.22728946373e-10
89.4076,-3.23325989321e-10
89.4176,-3.23918591649e-10
89.4276,-3.24506576188e-10
89.4376,-3.25089761543e-10
89.4476,-3.2566796201e-10
89.4576,-3.26240987494e-10
89.4676,-3.26808643416e-10
89.4776,-3.27370730635e-10
89.4876,-3.27927045355e-10
89.4976,-3.28477379035e-10
89.5076,-3.29021518304e-10
89.5176,-3.29559244869e-10
89.5276,-3.30090335421e-10
89.5376,-3.30614561545e-10
89.5476,-3.31131689628e-10
89.5576,-3.31641480763e-10
89.5676,-3.32143690656e-10
89.5776,-3.32638069531e-10
89.5876,-3.33124362035e-10
89.5976,-3.3360230714e-10
89.6076,-3.34071638051e-10
89.6176,-3.34532082104e-10
89.6276,-3.34983360673e-10
89.6376,-3.35425189073e-10
89.6476,-3.35857276461e-10
89.6576,-3.3627932574e-10
89.6676,-3.36691033461e-10
89.6776,-3.3709208973e-10
89.6876,-3.37482178107e-10
89.6976,-3.37860975515e-10
89.7076,-3.38228152142e-10
89.7176,-3.38583371347e-10
89.7276,-3.3892628957e-10
89.7376,-3.39256556234e-10
89.7476,-3.39573813661e-10
89.7576,-3.39877696978e-10
89.7676,-3.4016783403e-10
89.7776,-3.40443845297e-10
89.7876,-3.40705343806e-10
89.7976,-3.40951935053e-10
89.8076,-3.41183216922e-10
89.8176,-3.41398779609e-10
89.8276,-3.41598205551e-10
89.8376,-3.41781069351e-10
89.8476,-3.41946937718e-10
89.8576,-3.42095369398e-10
89.8676,-3.4222591512e-10
89.8776,-3.4233811754e-10
89.8876,-3.42431511191e-10
89.8976,-3.42505622439e-10
89.9076,-3.42559969445e-10
89.9176,-3.42594062132e-10
89.9276,-3.42607402156e-10
89.9376,-3.42599482888e-10
89.9476,-3.42569789397e-10
89.9576,-3.42517798448e-10
89.9676,-3.42442978503e-10
89.9776,-3.42344789728e-10
89.9876,-3.42222684015e-10
89.9976,-3.42076105007e-10
90.0076,-3.41904488139e-10
90.0176,-3.41707260683e-10
90.0276,-3.41483841807e-10
90.0376,-3.41233642645e-10
90.0476,-3.40956066381e-10
90.0576,-3.40650508338e-10
90.0676,-3.40316356089e-10
90.0776,-3.39952989573e-10
90.0876,-3.39559781236e-10
90.0976,-3.39136096173e-10
90.1076,-3.38681292297e-10
90.1176,-3.38194720517e-10
90.1276,-3.37675724935e-10
90.1376,-3.37123643063e-10
90.1476,-3.3653780605e-10
90.1576,-3.35917538936e-10
90.1676,-3.35262160921e-10
90.1776,-3.34570985654e-10
90.1876,-3.33843321541e-10
90.1976,-3.33078472079e-10
90.2076,-3.32275736205e-10
90.2176,-3.31434408675e-10
90.2276,-3.30553780459e-10
90.2376,-3.29633139162e-10
90.2476,-3.28671769473e-10
90.2576,-3.27668953631e-10
90.2676,-3.26623971925e-10
90.2776,-3.25536103214e-10
90.2876,-3.24404625473e-10
90.2976,-3.23228816373e-10
90.3076,-3.22007953879e-10
90.3176,-3.20741316882e-10
90.3276,-3.19428185855e-10
90.3376,-3.18067843545e-10
90.3476,-3.16659575682e-10
90.3576,-3.15202671729e-10
90.3676,-3.1369642565e-10
90.3776,-3.12140136719e-10
90.3876,-3.10533110347e-10
90.3976,-3.08874658945e-10
90.4076,-3.07164102815e-10
90.4176,-3.05400771069e-10
90.4276,-3.03584002576e-10
90.4376,-3.01713146941e-10
90.4476,-2.99787565505e-10
90.4576,-2.9780663238e-10
90.4676,-2.95769735504e-10
90.4776,-2.93676277726e-10
90.4876,-2.91525677914e-10
90.4976,-2.8931737209e-10
90.5076,-2.87050814579e-10
90.5176,-2.8472547919e-10
90.5276,-2.82340860412e-10
90.5376,-2.79896474626e-10
90.5476,-2.77391861341e-10
90.5576,-2.74826584436e-10
90.5676,-2.72200233421e-10
90.5776,-2.69512424709e-10
90.5876,-2.66762802892e-10
90.5976,-2.63951042029e-10
90.6076,-2.61076846932e-10
90.6176,-2.5813995446e-10
90.6276,-2.55140134799e-10
90.6376,-2.52077192756e-10
90.6476,-2.48950969024e-10
90.6576,-2.45761341452e-10
90.6676,-2.42508226293e-10
90.6776,-2.39191579434e-10
90.6876,-2.3581139761e-10
90.6976,-2.32367719583e-10
90.7076,-2.28860627301e-10
90.7176,-2.2529024702e-10
90.7276,-2.21656750391e-10
90.7376,-2.179603555e-10
90.7476,-2.14201327875e-10
90.7576,-2.10379981429e-10
90.7676,-2.06496679365e-10
90.7776,-2.02551835008e-10
90.7876,-1.98545912591e-10
90.7976,-1.94479427966e-10
90.8076,-1.90352949245e-10
90.8176,-1.86167097375e-10
90.8276,-1.81922546628e-10
90.8376,-1.77620025015e-10
90.8476,-1.73260314612e-10
90.8576,-1.68844251799e-10
90.8676,-1.64372727412e-10
90.8776,-1.59846686791e-10
90.8876,-1.5526712974e-10
90.8976,-1.50635110383e-10
90.9076,-1.45951736917e-10
90.9176,-1.4121817126e-10
90.9276,-1.36435628598e-10
90.9376,-1.31605376815e-10
90.9476,-1.26728735826e-10
90.9576,-1.21807076786e-10
90.9676,-1.16841821202e-10
90.9776,-1.11834439927e-10
90.9876,-1.06786452045e-10
90.9976,-1.01699423647e-10
91.0076,-9.65749665029e-11
91.0176,-9.14147366162e-11
91.0276,-8.62204326851e-11
91.0376,-8.09937944544e-11
91.0476,-7.57366009684e-11
91.0576,-7.04506687282e-11
91.0676,-6.51378497544e-11
91.0776,-5.98000295609e-11
91.0876,-5.44391250431e-11
91.0976,-4.9057082286e-11
91.1076,-4.36558742959e-11
91.1176,-3.82374986625e-11
91.1276,-3.28039751559e-11
91.1376,-2.73573432648e-11
91.1476,-2.18996596822e-11
91.1576,-1.64329957448e-11
91.1676,-1.09594348324e-11
91.1776,-5.4810697355e-12
91.1876,4.20660906634e-21
91.1976,5.48167077131e-12
91.2076,1.09618375661e-11
91.2176,1.64383966983e-11
91.2276,2.19092484782e-11
91.2376,2.73722998975e-11
91.2476,3.28254672932e-11
91.2576,3.82666789865e-11
91.2676,4.36938778917e-11
91.2776,4.91050240856e-11
91.2876,5.44980973328e-11
91.2976,5.98710995592e-11
91.3076,6.52220572685e-11
91.3176,7.05490238948e-11
91.3276,7.58500820857e-11
91.3376,8.11233459113e-11
91.3476,8.63669629928e-11
91.3576,9.15791165468e-11
91.3676,9.67580273413e-11
91.3776,1.01901955558e-10
91.3876,1.07009202557e-10
91.3976,1.12078112546e-10
91.4076,1.17107074142e-10
91.4176,1.2209452183e-10
91.4276,1.27038937315e-10
91.4376,1.31938850766e-10
91.4476,1.36792841949e-10
91.4576,1.4159954125e-10
91.4676,1.46357630585e-10
91.4776,1.51065844204e-10
91.4876,1.55722969379e-10
91.4976,1.60327846987e-10
91.5076,1.64879371979e-10
91.5176,1.69376493747e-10
91.5276,1.7381821638e-10
91.5376,1.78203598824e-10
91.5476,1.82531754931e-10
91.5576,1.86801853418e-10
91.5676,1.91013117728e-10
91.5776,1.95164825792e-10
91.5876,1.99256309714e-10
91.5976,2.03286955356e-10
91.6076,2.07256201854e-10
91.6176,2.11163541041e-10
91.6276,2.15008516814e-10
91.6376,2.18790724407e-10
91.6476,2.22509809619e-10
91.6576,2.26165467968e-10
91.6676,2.29757443783e-10
91.6776,2.33285529255e-10
91.6876,2.36749563425e-10
91.6976,2.40149431131e-10
91.7076,2.43485061914e-10
91.7176,2.46756428885e-10
91.7276,2.49963547555e-10
91.7376,2.53106474645e-10
91.7476,2.56185306854e-10
91.7576,2.59200179619e-10
91.7676,2.62151265852e-10
91.7776,2.65038774656e-10
91.7876,2.67862950038e-10
91.7976,2.70624069606e-10
91.8076,2.7332244327e-10
91.8176,2.75958411929e-10
91.8276,2.78532346169e-10
91.8376,2.81044644958e-10
91.8476,2.83495734351e-10
91.8576,2.858860662e-10
91.8676,2.88216116879e-10
91.8776,2.90486386016e-10
91.8876,2.92697395249e-10
91.8976,2.94849686987e-10
91.9076,2.96943823203e-10
91.9176,2.98980384234e-10
91.9276,3.00959967611e-10
91.9376,3.02883186913e-10
91.9476,3.04750670638e-10
91.9576,3.06563061104e-10
91.9676,3.08321013376e-10
91.9776,3.10025194221e-10
91.9876,3.11676281083e-10
91.9976,3.13274961102e-10
92.0076,3.14821930141e-10
92.0176,3.16317891861e-10
92.0276,3.17763556815e-10
92.0376,3.19159641574e-10
92.0476,3.20506867881e-10
92.0576,3.21805961842e-10
92.0676,3.23057653135e-10
92.0776,3.2426267426e-10
92.0876,3.25421759813e-10
92.0976,3.26535645789e-10
92.1076,3.27605068913e-10
92.1176,3.28630766007e-10
92.1276,3.29613473375e-10
92.1376,3.30553926223e-10
92.1476,3.31452858105e-10
92.1576,3.32311000394e-10
92.1676,3.33129081781e-10
92.1776,3.33907827799e-10
92.1876,3.34647960373e-10
92.1976,3.35350197396e-10
92.2076,3.36015252326e-10
92.2176,3.36643833808e-10
92.2276,3.37236645317e-10
92.2376,3.3779438483e-10
92.2476,3.38317744508e-10
92.2576,3.38807410412e-10
92.2676,3.39264062226e-10
92.2776,3.3968837301e-10
92.2876,3.40081008965e-10
92.2976,3.40442629222e-10
92.3076,3.40773885643e-10
92.3176,3.41075422642e-10
92.3276,3.41347877021e-10
92.3376,3.41591877823e-10
92.3476,3.418080462e-10
92.3576,3.41996995289e-10
92.3676,3.42159330116e-10
92.3776,3.42295647495e-10
92.3876,3.42406535955e-10
92.3976,3.42492575671e-10
92.4076,3.42554338407e-10
92.4176,3.42592387473e-10
92.4276,3.42607277688e-10
92.4376,3.42599555357e-10
92.4476,3.42569758255e-10
92.4576,3.42518415622e-10
92.4676,3.4244604816e-10
92.4776,3.4235316805e-10
92.4876,3.42240278962e-10
92.4976,3.42107876082e-10
92.5076,3.41956446145e-10
92.5176,3.41786467467e-10
92.5276,3.41598409995e-10
92.5376,3.41392735346e-10
92.5476,3.4116989687e-10
92.5576,3.40930339701e-10
92.5676,3.40674500823e-10
92.5776,3.40402809135e-10
92.5876,3.40115685525e-10
92.5976,3.3981354294e-10
92.6076,3.39496786465e-10
92.6176,3.39165813403e-10
92.6276,3.38821013359e-10
92.6376,3.38462768326e-10
92.6476,3.38091452768e-10
92.6576,3.37707433718e-10
92.6676,3.37311070861e-10
92.6776,3.36902716633e-10
92.6876,3.36482716315e-10
92.6976,3.36051408124e-10
92.7076,3.35609123319e-10
92.7176,3.35156186289e-10
92.7276,3.34692914659e-10
92.7376,3.34219619386e-10
92.7476,3.33736604857e-10
92.7576,3.33244168995e-10
92.7676,3.32742603353e-10
92.7776,3.32232193218e-10
92.7876,3.31713217711e-10
92.7976,3.31185949884e-10
92.8076,3.30650656827e-10
92.8176,3.30107599759e-10
92.8276,3.29557034137e-10
92.8376,3.28999209744e-10
92.8476,3.284343708e-10
92.8576,3.27862756048e-10
92.8676,3.27284598859e-10
92.8776,3.26700127325e-10
92.8876,3.26109564358e-10
92.8976,3.25513127778e-10
92.9076,3.24911030417e-10
92.9176,3.24303480203e-10
92.9276,3.23690680258e-10
92.9376,3.23072828984e-10
92.9476,3.22450120161e-10
92.9576,3.21822743027e-10
92.9676,3.21190882374e-10
92.9776,3.20554718629e-10
92.9876,3.19914427944e-10
92.9976,3.19270182278e-10
93.0076,3.18622149483e-10
93.0176,3.17970493383e-10
93.0276,3.1731537386e-10
93.0376,3.1665694693e-10
93.0476,3.15995364824e-10
93.0576,3.15330776066e-10
93.0676,3.14663325546e-10
93.0776,3.13993154601e-10
93.0876,3.13320401085e-10
93.0976,3.12645199443e-10
93.1076,3.11967680784e-10
93.1176,3.11287972947e-10
93.1276,3.10606200579e-10
93.1376,3.09922485193e-10
93.1476,3.09236945243e-10
93.1576,3.08549696186e-10
93.1676,3.07860850547e-10
93.1776,3.07170517982e-10
93.1876,3.06478805344e-10
93.1976,3.05785816739e-10
93.2076,3.0509165359e-10
93.2176,3.04396414692e-10
93.2276,3.03700196276e-10
93.2376,3.0300309206e-10
93.2476,3.02305193307e-10
93.2576,3.0160658888e-10
93.2676,3.00907365294e-10
93.2776,3.0020760677e-10
93.2876,2.99507395288e-10
93.2976,2.98806810633e-10
93.3076,2.98105930448e-10
93.3176,2.97404830281e-10
93.3276,2.96703583634e-10
93.3376,2.96002262007e-10
93.3476,2.95300934947e-10
93.3576,2.9459967009e-10
93.3676,2.93898533205e-10
93.3776,2.93197588239e-10
93.3876,2.92496897355e-10
93.3976,2.9179652098e-10
93.4076,2.91096517835e-10
93.4176,2.90396944985e-10
93.4276,2.89697857871e-10
93.4376,2.88999310348e-10
93.4476,2.88301354727e-10
93.4576,2.87604041804e-10
93.4676,2.86907420903e-10
93.4776,2.86211539902e-10
93.4876,2.85516445275e-10
93.4976,2.84822182121e-10
93.5076,2.84128794198e-10
93.5176,2.83436323951e-10
93.5276,2.82744812549e-10
93.5376,2.82054299911e-10
93.5476,2.81364824738e-10
93.5576,2.80676424539e-10
93.5676,2.79989135664e-10
93.5776,2.79302993329e-10
93.5876,2.78618031641e-10
93.5976,2.7793428363e-10
93.6076,2.7725178127e-10
93.6176,2.76570555509e-10
93.6276,2.75890636287e-10
93.6376,2.7521205257e-10
93.6476,2.74534832363e-10
93.6576,2.73859002741e-10
93.6676,2.73184589871e-10
93.6776,2.72511619029e-10
93.6876,2.71840114626e-10
93.6976,2.7117010023e-10
93.7076,2.70501598583e-10
93.7176,2.69834631623e-10
93.7276,2.69169220505e-10
93.7376,2.6850538562e-10
93.7476,2.6784314661e-10
93.7576,2.67182522392e-10
93.7676,2.66523531175e-10
93.7776,2.65866190472e-10
93.7876,2.65210517125e-10
93.7976,2.64556527317e-10
93.8076,2.63904236589e-10
93.8176,2.63253659858e-10
93.8276,2.62604811432e-10
93.8376,2.61957705022e-10
93.8476,2.61312353763e-10
93.8576,2.60668770222e-10
93.8676,2.60026966419e-10
93.8776,2.59386953836e-10
93.8876,2.58748743432e-10
93.8976,2.58112345657e-10
93.9076,2.57477770464e-10
93.9176,2.56845027324e-10
93.9276,2.56214125234e-10
93.9376,2.55585072733e-10
93.9476,2.54957877915e-10
93.9576,2.54332548435e-10
93.9676,2.53709091524e-10
93.9776,2.53087514e-10
93.9876,2.5246782228e-10
93.9976,2.51850022386e-10
94.0076,2.51234119959e-10
94.0176,2.5062012027e-10
94.0276,2.50008028226e-10
94.0376,2.4939784838e-10
94.0476,2.48789584946e-10
94.0576,2.48183241801e-10
94.0676,2.47578822497e-10
94.0776,2.4697633027e-10
94.0876,2.46375768048e-10
94.0976,2.45777138459e-10
94.1076,2.45180443841e-10
94.1176,2.44585686247e-10
94.1276,2.43992867453e-10
94.1376,2.43401988968e-10
94.1476,2.42813052039e-10
94.1576,2.42226057662e-10
94.1676,2.41641006581e-10
94.1776,2.41057899304e-10
94.1876,2.40476736104e-10
94.1976,2.39897517028e-10
94.2076,2.39320241901e-10
94.2176,2.38744910336e-10
94.2276,2.38171521735e-10
94.2376,2.376000753e-10
94.2476,2.37030570036e-10
94.2576,2.36463004756e-10
94.2676,2.35897378088e-10
94.2776,2.35333688481e-10
94.2876,2.34771934209e-10
94.2976,2.34212113375e-10
94.3076,2.33654223919e-10
94.3176,2.3309826362e-10
94.3276,2.32544230103e-10
94.3376,2.31992120842e-10
94.3476,2.31441933165e-10
94.3576,2.30893664258e-10
94.3676,2.30347311173e-10
94.3776,2.29802870824e-10
94.3876,2.29260340001e-10
94.3976,2.28719715367e-10
94.4076,2.28180993464e-10
94.4176,2.27644170717e-10
94.4276,2.27109243438e-10
94.4376,2.26576207829e-10
94.4476,2.26045059987e-10
94.4576,2.25515795904e-10
94.4676,2.24988411475e-10
94.4776,2.24462902498e-10
94.4876,2.23939264678e-10
94.4976,2.2341749363e-10
94.5076,2.22897584882e-10
94.5176,2.22379533881e-10
94.5276,2.2186333599e-10
94.5376,2.21348986495e-10
94.5476,2.20836480608e-10
94.5576,2.20325813468e-10
94.5676,2.19816980142e-10
94.5776,2.19309975634e-10
94.5876,2.18804794878e-10
94.5976,2.18301432751e-10
94.6076,2.17799884066e-10
94.6176,2.1730014358e-10
94.6276,2.16802205995e-10
94.6376,2.16306065957e-10
94.6476,2.15811718066e-10
94.6576,2.15319156868e-10
94.6676,2.14828376865e-10
94.6776,2.14339372513e-10
94.6876,2.13852138226e-10
94.6976,2.13366668375e-10
94.7076,2.12882957294e-10
94.7176,2.12400999278e-10
94.7276,2.11920788587e-10
94.7376,2.11442319446e-10
94.7476,2.10965586049e-10
94.7576,2.10490582559e-10
94.7676,2.10017303108e-10
94.7776,2.09545741804e-10
94.7876,2.09075892725e-10
94.7976,2.08607749926e-10
94.8076,2.0814130744e-10
94.8176,2.07676559277e-10
94.8276,2.07213499426e-10
94.8376,2.06752121857e-10
94.8476,2.06292420522e-10
94.8576,2.05834389357e-10
94.8676,2.05378022283e-10
94.8776,2.04923313205e-10
94.8876,2.04470256015e-10
94.8976,2.04018844596e-10
94.9076,2.03569072815e-10
94.9176,2.03120934534e-10
94.9276,2.02674423603e-10
94.9376,2.02229533865e-10
94.9476,2.01786259157e-10
94.9576,2.01344593308e-10
94.9676,2.00904530145e-10
94.9776,2.00466063489e-10
94.9876,2.00029187157e-10
94.9976,1.99593894965e-10
95.0076,1.99160180727e-10
95.0176,1.98728038257e-10
95.0276,1.98297461367e-10
95.0376,1.97868443872e-10
95.0476,1.97440979587e-10
95.0576,1.9701506233e-10
95.0676,1.96590685923e-10
95.0776,1.96167844188e-10
95.0876,1.95746530955e-10
95.0976,1.95326740057e-10
95.1076,1.94908465333e-10
95.1176,1.94491700629e-10
95.1276,1.94076439795e-10
95.1376,1.93662676692e-10
95.1476,1.93250405185e-10
95.1576,1.9283961915e-10
95.1676,1.92430312472e-10
95.1776,1.92022479043e-10
95.1876,1.91616112767e-10
95.1976,1.91211207557e-10
95.2076,1.90807757337e-10
95.2176,1.90405756044e-10
95.2276,1.90005197625e-10
95.2376,1.89606076038e-10
95.2476,1.89208385255e-10
95.2576,1.88812119261e-10
95.2676,1.88417272054e-10
95.2776,1.88023837645e-10
95.2876,1.87631810059e-10
95.2976,1.87241183337e-10
95.3076,1.86851951532e-10
95.3176,1.86464108713e-10
95.3276,1.86077648965e-10
95.3376,1.85692566387e-10
95.3476,1.85308855097e-10
95.3576,1.84926509224e-10
95.3676,1.84545522918e-10
95.3776,1.84165890344e-10
95.3876,1.83787605682e-10
95.3976,1.83410663133e-10
95.4076,1.83035056912e-10
95.4176,1.82660781252e-10
95.4276,1.82287830406e-10
95.4376,1.81916198643e-10
95.4476,1.8154588025e-10
95.4576,1.81176869534e-10
95.4676,1.80809160819e-10
95.4776,1.80442748449e-10
95.4876,1.80077626785e-10
95.4976,1.79713790208e-10
95.5076,1.79351233121e-10
95.5176,1.78989949941e-10
95.5276,1.78629935108e-10
95.5376,1.78271183082e-10
95.5476,1.7791368834e-10
95.5576,1.77557445382e-10
95.5676,1.77202448725e-10
95.5776,1.76848692909e-10
95.5876,1.76496172492e-10
95.5976,1.76144882052e-10
95.6076,1.75794816191e-10
95.6176,1.75445969526e-10
95.6276,1.750983367e-10
95.6376,1.74751912372e-10
95.6476,1.74406691224e-10
95.6576,1.7406266796e-10
95.6676,1.73719837302e-10
95.6776,1.73378193995e-10
95.6876,1.73037732804e-10
95.6976,1.72698448515e-10
95.7076,1.72360335935e-10
95.7176,1.72023389892e-10
95.7276,1.71687605237e-10
95.7376,1.71352976839e-10
95.7476,1.7101949959e-10
95.7576,1.70687168404e-10
95.7676,1.70355978214e-10
95.7776,1.70025923976e-10
95.7876,1.69697000666e-10
95.7976,1.69369203284e-10
95.8076,1.69042526847e-10
95.8176,1.68716966397e-10
95.8276,1.68392516996e-10
95.8376,1.68069173726e-10
95.8476,1.67746931693e-10
95.8576,1.67425786021e-10
95.8676,1.6710573186e-10
95.8776,1.66786764376e-10
95.8876,1.66468878759e-10
95.8976,1.66152070222e-10
95.9076,1.65836333995e-10
95.9176,1.65521665332e-10
95.9276,1.65208059508e-10
95.9376,1.64895511819e-10
95.9476,1.64584017582e-10
95.9576,1.64273572134e-10
95.9676,1.63964170836e-10
95.9776,1.63655809068e-10
95.9876,1.6334848223e-10
95.9976,1.63042185746e-10
96.0076,1.62736915058e-10
96.0176,1.62432665632e-10
96.0276,1.62129432952e-10
96.0376,1.61827212523e-10
96.0476,1.61525999874e-10
96.0576,1.61225790552e-10
96.0676,1.60926580124e-10
96.0776,1.60628364181e-10
96.0876,1.60331138331e-10
96.0976,1.60034898204e-10
96.1076,1.59739639453e-10
96.1176,1.59445357747e-10
96.1276,1.59152048778e-10
96.1376,1.58859708258e-10
96.1476,1.5856833192e-10
96.1576,1.58277915515e-10
96.1676,1.57988454818e-10
96.1776,1.57699945619e-10
96.1876,1.57412383733e-10
96.1976,1.57125764993e-10
96.2076,1.5684008525e-10
96.2176,1.56555340379e-10
96.2276,1.5627152627e-10
96.2376,1.55988638838e-10
96.2476,1.55706674013e-10
96.2576,1.55425627748e-10
96.2676,1.55145496014e-10
96.2776,1.54866274801e-10
96.2876,1.54587960119e-10
96.2976,1.54310547998e-10
96.3076,1.54034034487e-10
96.3176,1.53758415654e-10
96.3276,1.53483687586e-10
96.3376,1.53209846389e-10
96.3476,1.52936888189e-10
96.3576,1.52664809129e-10
96.3676,1.52393605373e-10
96.3776,1.52123273102e-10
96.3876,1.51853808517e-10
96.3976,1.51585207838e-10
96.4076,1.51317467302e-10
96.4176,1.51050583165e-10
96.4276,1.50784551703e-10
96.4376,1.50519369207e-10
96.4476,1.50255031991e-10
96.4576,1.49991536382e-10
96.4676,1.49728878729e-10
96.4776,1.49467055398e-10
96.4876,1.49206062772e-10
96.4976,1.48945897253e-10
96.5076,1.4868655526e-10
96.5176,1.48428033231e-10
96.5276,1.4817032762e-10
96.5376,1.479134349e-10
96.5476,1.4765735156e-10
96.5576,1.47402074109e-10
96.5676,1.47147599071e-10
96.5776,1.46893922988e-10
96.5876,1.46641042419e-10
96.5976,1.4638895394e-10
96.6076,1.46137654146e-10
96.6176,1.45887139647e-10
96.6276,1.4563740707e-10
96.6376,1.45388453058e-10
96.6476,1.45140274274e-10
96.6576,1.44892867394e-10
96.6676,1.44646229114e-10
96.6776,1.44400356142e-10
96.6876,1.44155245208e-10
96.6976,1.43910893053e-10
96.7076,1.43667296438e-10
96.7176,1.43424452139e-10
96.7276,1.43182356949e-10
96.7376,1.42941007674e-10
96.7476,1.42700401139e-10
96.7576,1.42460534185e-10
96.7676,1.42221403667e-10
96.7776,1.41983006457e-10
96.7876,1.41745339442e-10
96.7976,1.41508399525e-10
96.8076,1.41272183624e-10
96.8176,1.41036688674e-10
96.8276,1.40801911622e-10
96.8376,1.40567849435e-10
96.8476,1.40334499091e-10
96.8576,1.40101857585e-10
96.8676,1.39869921928e-10
96.8776,1.39638689143e-10
96.8876,1.39408156272e-10
96.8976,1.39178320368e-10
96.9076,1.38949178502e-10
96.9176,1.38720727756e-10
96.9276,1.3849296523e-10
96.9376,1.38265888037e-10
96.9476,1.38039493305e-10
96.9576,1.37813778175e-10
96.9676,1.37588739805e-10
96.9776,1.37364375365e-10
96.9876,1.3714068204e-10
96.9976,1.36917657028e-10
97.0076,1.36695297544e-10
97.0176,1.36473600812e-10
97.0276,1.36252564076e-10
97.0376,1.36032184589e-10
97.0476,1.35812459619e-10
97.0576,1.35593386449e-10
97.0676,1.35374962374e-10
97.0776,1.35157184704e-10
97.0876,1.34940050761e-10
97.0976,1.34723557881e-10
97.1076,1.34507703413e-10
97.1176,1.34292484721e-10
97.1276,1.3407789918e-10
97.1376,1.33863944179e-10
97.1476,1.33650617119e-10
97.1576,1.33437915416e-10
97.1676,1.33225836498e-10
97.1776,1.33014377805e-10
97.1876,1.3280353679e-10
97.1976,1.32593310921e-10
97.2076,1.32383697675e-10
97.2176,1.32174694543e-10
97.2276,1.31966299031e-10
97.2376,1.31758508653e-10
97.2476,1.31551320939e-10
97.2576,1.3134473343e-10
97.2676,1.31138743679e-10
97.2776,1.3093334925e-10
97.2876,1.30728547722e-10
97.2976,1.30524336684e-10
97.3076,1.30320713738e-10
97.3176,1.30117676496e-10
97.3276,1.29915222585e-10
97.3376,1.29713349641e-10
97.3476,1.29512055313e-10
97.3576,1.29311337261e-10
97.3676,1.29111193157e-10
97.3776,1.28911620685e-10
97.3876,1.28712617541e-10
97.3976,1.28514181429e-10
97.4076,1.28316310068e-10
97.4176,1.28119001188e-10
97.4276,1.27922252528e-10
97.4376,1.27726061839e-10
97.4476,1.27530426885e-10
97.4576,1.2733534544e-10
97.4676,1.27140815286e-10
97.4776,1.26946834221e-10
97.4876,1.2675340005e-10
97.4976,1.2656051059e-10
97.5076,1.2636816367e-10
97.5176,1.26176357129e-10
97.5276,1.25985088814e-10
97.5376,1.25794356587e-10
97.5476,1.25604158318e-10
97.5576,1.25414491887e-10
97.5676,1.25225355185e-10
97.5776,1.25036746115e-10
97.5876,1.24848662587e-10
97.5976,1.24661102525e-10
97.6076,1.24474063859e-10
97.6176,1.24287544534e-10
97.6276,1.241015425e-10
97.6376,1.23916055722e-10
97.6476,1.2373108217e-10
97.6576,1.23546619827e-10
97.6676,1.23362666686e-10
97.6776,1.23179220749e-10
97.6876,1.22996280026e-10
97.6976,1.2281384254e-10
97.7076,1.22631906322e-10
97.7176,1.22450469412e-10
97.7276,1.2226952986e-10
97.7376,1.22089085726e-10
97.7476,1.21909135079e-10
97.7576,1.21729675997e-10
97.7676,1.21550706569e-10
97.7776,1.21372224891e-10
97.7876,1.21194229069e-10
97.7976,1.21016717219e-10
97.8076,1.20839687465e-10
97.8176,1.20663137942e-10
97.8276,1.20487066791e-10
97.8376,1.20311472164e-10
97.8476,1.20136352223e-10
97.8576,1.19961705135e-10
97.8676,1.1978752908e-10
97.8776,1.19613822244e-10
97.8876,1.19440582823e-10
97.8976,1.19267809022e-10
97.9076,1.19095499053e-10
97.9176,1.18923651139e-10
97.9276,1.18752263509e-10
97.9376,1.18581334403e-10
97.9476,1.18410862066e-10
97.9576,1.18240844756e-10
97.9676,1.18071280735e-10
97.9776,1.17902168276e-10
97.9876,1.17733505659e-10
97.9976,1.17565291174e-10
98.0076,1.17397523116e-10
98.0176,1.17230199791e-10
98.0276,1.17063319511e-10
98.0376,1.16896880599e-10
98.0476,1.16730881383e-10
98.0576,1.165653202e-10
98.0676,1.16400195395e-10
98.0776,1.16235505321e-10
98.0876,1.16071248339e-10
98.0976,1.15907422817e-10
98.1076,1.15744027131e-10
98.1176,1.15581059664e-10
98.1276,1.1541851881e-10
98.1376,1.15256402966e-10
98.1476,1.15094710539e-10
98.1576,1.14933439945e-10
98.1676,1.14772589603e-10
98.1776,1.14612157944e-10
98.1876,1.14452143404e-10
98.1976,1.14292544428e-10
98.2076,1.14133359465e-10
98.2176,1.13974586975e-10
98.2276,1.13816225424e-10
98.2376,1.13658273285e-10
98.2476,1.13500729038e-10
98.2576,1.1334359117e-10
98.2676,1.13186858175e-10
98.2776,1.13030528555e-10
98.2876,1.12874600819e-10
98.2976,1.12719073482e-10
98.3076,1.12563945066e-10
98.3176,1.12409214101e-10
98.3276,1.12254879122e-10
98.3376,1.12100938673e-10
98.3476,1.11947391304e-10
98.3576,1.1179423557e-10
98.3676,1.11641470036e-10
98.3776,1.1148909327e-10
98.3876,1.11337103851e-10
98.3976,1.1118550036e-10
98.4076,1.11034281388e-10
98.4176,1.1088344553e-10
98.4276,1.1073299139e-10
98.4376,1.10582917577e-10
98.4476,1.10433222706e-10
98.4576,1.10283905399e-10
98.4676,1.10134964286e-10
98.4776,1.09986398e-10
98.4876,1.09838205182e-10
98.4976,1.09690384481e-10
98.5076,1.09542934549e-10
98.5176,1.09395854046e-10
98.5276,1.09249141638e-10
98.5376,1.09102795997e-10
98.5476,1.08956815801e-10
98.5576,1.08811199735e-10
98.5676,1.08665946487e-10
98.5776,1.08521054755e-10
98.5876,1.08376523241e-10
98.5976,1.08232350653e-10
98.6076,1.08088535704e-10
98.6176,1.07945077115e-10
98.6276,1.0780197361e-10
98.6376,1.07659223923e-10
98.6476,1.07516826789e-10
98.6576,1.07374780952e-10
98.6676,1.0723308516e-10
98.6776,1.07091738168e-10
98.6876,1.06950738736e-10
98.6976,1.06810085629e-10
98.7076,1.0666977762e-10
98.7176,1.06529813483e-10
98.7276,1.06390192003e-10
98.7376,1.06250911966e-10
98.7476,1.06111972166e-10
98.7576,1.05973371401e-10
98.7676,1.05835108476e-10
98.7776,1.05697182201e-10
98.7876,1.0555959139e-10
98.7976,1.05422334863e-10
98.8076,1.05285411447e-10
98.8176,1.05148819971e-10
98.8276,1.05012559271e-10
98.8376,1.0487662819e-10
98.8476,1.04741025573e-10
98.8576,1.04605750273e-10
98.8676,1.04470801145e-10
98.8776,1.04336177052e-10
98.8876,1.0420187686e-10
98.8976,1.04067899442e-10
98.9076,1.03934243674e-10
98.9176,1.03800908439e-10
98.9276,1.03667892623e-10
98.9376,1.03535195119e-10
98.9476,1.03402814823e-10
98.9576,1.03270750637e-10
98.9676,1.03139001468e-10
98.9776,1.03007566227e-10
98.9876,1.0287644383e-10
98.9976,1.02745633198e-10
99.0076,1.02615133258e-10
99.0176,1.02484942939e-10
99.0276,1.02355061178e-10
99.0376,1.02225486913e-10
99.0476,1.0209621909e-10
99.0576,1.01967256658e-10
99.0676,1.01838598571e-10
99.0776,1.01710243788e-10
99.0876,1.0158219127e-10
99.0976,1.01454439987e-10
99.1076,1.01326988911e-10
99.1176,1.01199837017e-10
99.1276,1.01072983287e-10
99.1376,1.00946426707e-10
99.1476,1.00820166266e-10
99.1576,1.0069420096e-10
99.1676,1.00568529786e-10
99.1776,1.00443151749e-10
99.1876,1.00318065855e-10
99.1976,1.00193271117e-10
99.2076,1.0006876655e-10
99.2176,9.99445511744e-11
99.2276,9.98206240159e-11
99.2376,9.96969841028e-11
99.2476,9.95736304682e-11
99.2576,9.94505621493e-11
99.2676,9.93277781876e-11
99.2776,9.92052776287e-11
99.2876,9.90830595222e-11
99.2976,9.89611229219e-11
99.3076,9.88394668858e-11
99.3176,9.87180904756e-11
99.3276,9.85969927574e-11
99.3376,9.84761728011e-11
99.3476,9.83556296807e-11
99.3576,9.82353624742e-11
99.3676,9.81153702634e-11
99.3776,9.79956521341e-11
99.3876,9.78762071762e-11
99.3976,9.77570344832e-11
99.4076,9.76381331526e-11
99.4176,9.75195022858e-11
99.4276,9.74011409879e-11
99.4376,9.72830483681e-11
99.4476,9.71652235391e-11
99.4576,9.70476656174e-11
99.4676,9.69303737235e-11
99.4776,9.68133469813e-11
99.4876,9.66965845186e-11
99.4976,9.6580085467e-11
99.5076,9.64638489617e-11
99.5176,9.63478741414e-11
99.5276,9.62321601485e-11
99.5376,9.61167061293e-11
99.5476,9.60015112334e-11
99.5576,9.58865746141e-11
99.5676,9.57718954282e-11
99.5776,9.56574728362e-11
99.5876,9.55433060021e-11
99.5976,9.54293940932e-11
99.6076,9.53157362805e-11
99.6176,9.52023317385e-11
99.6276,9.50891796451e-11
99.6376,9.49762791816e-11
99.6476,9.48636295327e-11
99.6576,9.47512298868e-11
99.6676,9.46390794353e-11
99.6776,9.45271773732e-11
99.6876,9.44155228989e-11
99.6976,9.4304115214e-11
99.7076,9.41929535234e-11
99.7176,9.40820370355e-11
99.7276,9.39713649618e-11
99.7376,9.38609365173e-11
99.7476,9.375075092e-11
99.7576,9.36408073913e-11
99.7676,9.35311051558e-11
99.7776,9.34216434413e-11
99.7876,9.33124214788e-11
99.7976,9.32034385025e-11
99.8076,9.30946937498e-11
99.8176,9.2986186461e-11
99.8276,9.28779158799e-11
99.8376,9.27698812533e-11
99.8476,9.26620818308e-11
99.8576,9.25545168655e-11
99.8676,9.24471856134e-11
99.8776,9.23400873334e-11
99.8876,9.22332212878e-11
99.8976,9.21265867416e-11
99.9076,9.2020182963e-11
99.9176,9.19140092231e-11
99.9276,9.18080647959e-11
99.9376,9.17023489586e-11
99.9476,9.15968609912e-11
99.9576,9.14916001766e-11
99.9676,9.13865658008e-11
99.9776,9.12817571525e-11
99.9876,9.11771735234e-11
99.9976,9.1072814208e-11
100.0076,9.09686785038e-11
100.0176,9.08647657111e-11
100.0276,9.0761075133e-11
100.0376,9.06576060754e-11
100.0476,9.05543578471e-11
100.0576,9.04513297596e-11
100.0676,9.03485211273e-11
100.0776,9.02459312672e-11
100.0876,9.01435594992e-11
100.0976,9.00414051459e-11
100.1076,8.99394675326e-11
100.1176,8.98377459874e-11
100.1276,8.97362398409e-11
100.1376,8.96349484267e-11
100.1476,8.95338710808e-11
100.1576,8.94330071419e-11
100.1676,8.93323559516e-11
100.1776,8.92319168538e-11
100.1876,8.91316891952e-11
100.1976,8.90316723251e-11
100.2076,8.89318655954e-11
100.2176,8.88322683606e-11
100.2276,8.87328799777e-11
100.2376,8.86336998063e-11
100.2476,8.85347272086e-11
100.2576,8.84359615493e-11
100.2676,8.83374021955e-11
100.2776,8.82390485171e-11
100.2876,8.81408998862e-11
100.2976,8.80429556775e-11
100.3076,8.79452152684e-11
100.3176,8.78476780383e-11
100.3276,8.77503433694e-11
100.3376,8.76532106464e-11
100.3476,8.75562792561e-11
100.3576,8.74595485879e-11
100.3676,8.73630180337e-11
100.3776,8.72666869877e-11
100.3876,8.71705548464e-11
100.3976,8.70746210088e-11
100.4076,8.69788848762e-11
100.4176,8.68833458523e-11
100.4276,8.67880033431e-11
100.4376,8.66928567568e-11
100.4476,8.65979055042e-11
100.4576,8.65031489982e-11
100.4676,8.6408586654e-11
100.4776,8.63142178892e-11
100.4876,8.62200421236e-11
100.4976,8.61260587792e-11
100.5076,8.60322672803e-11
100.5176,8.59386670534e-11
100.5276,8.58452575275e-11
100.5376,8.57520381334e-11
100.5476,8.56590083043e-11
100.5576,8.55661674757e-11
100.5676,8.54735150852e-11
100.5776,8.53810505725e-11
100.5876,8.52887733796e-11
100.5976,8.51966829506e-11
100.6076,8.51047787316e-11
100.6176,8.50130601711e-11
100.6276,8.49215267196e-11
100.6376,8.48301778298e-11
100.6476,8.47390129562e-11
100.6576,8.46480315559e-11
100.6676,8.45572330876e-11
100.6776,8.44666170123e-11
100.6876,8.43761827932e-11
100.6976,8.42859298954e-11
100.7076,8.41958577859e-11
100.7176,8.41059659341e-11
100.7276,8.40162538111e-11
100.7376,8.39267208902e-11
100.7476,8.38373666467e-11
100.7576,8.37481905578e-11
100.7676,8.36591921028e-11
100.7776,8.35703707629e-11
100.7876,8.34817260214e-11
100.7976,8.33932573634e-11
100.8076,8.33049642761e-11
100.8176,8.32168462485e-11
100.8276,8.31289027717e-11
100.8376,8.30411333386e-11
100.8476,8.29535374441e-11
100.8576,8.28661145849e-11
100.8676,8.27788642598e-11
100.8776,8.26917859693e-11
100.8876,8.26048792159e-11
100.8976,8.25181435038e-11
100.9076,8.24315783394e-11
100.9176,8.23451832306e-11
100.9276,8.22589576874e-11
100.9376,8.21729012215e-11
100.9476,8.20870133465e-11
100.9576,8.20012935779e-11
100.9676,8.19157414328e-11
100.9776,8.18303564303e-11
100.9876,8.17451380912e-11
100.9976,8.16600859381e-11
101.0076,8.15751994955e-11
101.0176,8.14904782895e-11
101.0276,8.14059218481e-11
101.0376,8.1321529701e-11
101.0476,8.12373013797e-11
101.0576,8.11532364173e-11
101.0676,8.10693343489e-11
101.0776,8.0985594711e-11
101.0876,8.09020170421e-11
101.0976,8.08186008823e-11
101.1076,8.07353457734e-11
101.1176,8.06522512588e-11
101.1276,8.05693168838e-11
101.1376,8.04865421953e-11
101.1476,8.04039267418e-11
101.1576,8.03214700735e-11
101.1676,8.02391717423e-11
101.1776,8.01570313016e-11
101.1876,8.00750483068e-11
101.1976,7.99932223145e-11
101.2076,7.99115528832e-11
101.2176,7.9830039573e-11
101.2276,7.97486819455e-11
101.2376,7.9667479564e-11
101.2476,7.95864319934e-11
101.2576,7.95055388002e-11
101.2676,7.94247995523e-11
101.2776,7.93442138195e-11
101.2876,7.9263781173e-11
101.2976,7.91835011854e-11
101.3076,7.91033734312e-11
101.3176,7.90233974862e-11
101.3276,7.89435729278e-11
101.3376,7.88638993351e-11
101.3476,7.87843762884e-11
101.3576,7.87050033698e-11
101.3676,7.86257801629e-11
101.3776,7.85467062526e-11
101.3876,7.84677812255e-11
101.3976,7.83890046697e-11
101.4076,7.83103761747e-11
101.4176,7.82318953314e-11
101.4276,7.81535617324e-11
101.4376,7.80753749717e-11
101.4476,7.79973346446e-11
101.4576,7.7919440348e-11
101.4676,7.78416916804e-11
101.4776,7.77640882413e-11
101.4876,7.76866296321e-11
101.4976,7.76093154555e-11
101.5076,7.75321453154e-11
101.5176,7.74551188173e-11
101.5276,7.73782355683e-11
101.5376,7.73014951765e-11
101.5476,7.72248972517e-11
101.5576,7.7148441405e-11
101.5676,7.70721272489e-11
101.5776,7.69959543973e-11
101.5876,7.69199224654e-11
101.5976,7.68440310698e-11
101.6076,7.67682798286e-11
101.6176,7.6692668361e-11
101.6276,7.66171962878e-11
101.6376,7.65418632311e-11
101.6476,7.64666688142e-11
101.6576,7.63916126618e-11
101.6676,7.63166944e-11
101.6776,7.62419136561e-11
101.6876,7.61672700589e-11
101.6976,7.60927632384e-11
101.7076,7.60183928258e-11
101.7176,7.59441584538e-11
101.7276,7.58700597563e-11
101.7376,7.57960963685e-11
101.7476,7.57222679268e-11
101.7576,7.56485740691e-11
101.7676,7.55750144343e-11
101.7776,7.55015886628e-11
101.7876,7.54282963961e-11
101.7976,7.53551372771e-11
101.8076,7.52821109497e-11
101.8176,7.52092170594e-11
101.8276,7.51364552526e-11
101.8376,7.50638251772e-11
101.8476,7.49913264822e-11
101.8576,7.49189588178e-11
101.8676,7.48467218355e-11
101.8776,7.4774615188e-11
101.8876,7.47026385292e-11
101.8976,7.46307915141e-11
101.9076,7.4559073799e-11
101.9176,7.44874850415e-11
101.9276,7.44160249002e-11
101.9376,7.43446930349e-11
101.9476,7.42734891067e-11
101.9576,7.42024127778e-11
101.9676,7.41314637116e-11
101.9776,7.40606415726e-11
101.9876,7.39899460266e-11
101.9976,7.39193767403e-11
102.0076,7.38489333817e-11
102.0176,7.37786156201e-11
102.0276,7.37084231256e-11
102.0376,7.36383555698e-11
102.0476,7.35684126251e-11
102.0576,7.34985939653e-11
102.0676,7.34288992651e-11
102.0776,7.33593282004e-11
102.0876,7.32898804483e-11
102.0976,7.32205556869e-11
102.1076,7.31513535953e-11
102.1176,7.3082273854e-11
102.1276,7.30133161443e-11
102.1376,7.29444801488e-11
102.1476,7.2875765551e-11
102.1576,7.28071720356e-11
102.1676,7.27386992882e-11
102.1776,7.26703469959e-11
102.1876,7.26021148463e-11
102.1976,7.25340025285e-11
102.2076,7.24660097324e-11
102.2176,7.23981361491e-11
102.2276,7.23303814706e-11
102.2376,7.22627453901e-11
102.2476,7.21952276018e-11
102.2576,7.21278278008e-11
102.2676,7.20605456834e-11
102.2776,7.19933809468e-11
102.2876,7.19263332894e-11
102.2976,7.18594024104e-11
102.3076,7.17925880102e-11
102.3176,7.172588979e-11
102.3276,7.16593074521e-11
102.3376,7.15928407e-11
102.3476,7.15264892379e-11
102.3576,7.14602527712e-11
102.3676,7.1394131006e-11
102.3776,7.13281236498e-11
102.3876,7.12622304108e-11
102.3976,7.11964509983e-11
102.4076,7.11307851224e-11
102.4176,7.10652324943e-11
102.4276,7.09997928262e-11
102.4376,7.09344658312e-11
102.4476,7.08692512233e-11
102.4576,7.08041487176e-11
102.4676,7.073915803e-11
102.4776,7.06742788775e-11
102.4876,7.06095109778e-11
102.4976,7.05448540498e-11
102.5076,7.04803078132e-11
102.5176,7.04158719886e-11
102.5276,7.03515462976e-11
102.5376,7.02873304628e-11
102.5476,7.02232242074e-11
102.5576,7.01592272559e-11
102.5676,7.00953393335e-11
102.5776,7.00315601662e-11
102.5876,6.99678894813e-11
102.5976,6.99043270066e-11
102.6076,6.98408724709e-11
102.6176,6.9777525604e-11
102.6276,6.97142861365e-11
102.6376,6.96511538e-11
102.6476,6.95881283268e-11
102.6576,6.95252094501e-11
102.6676,6.94623969042e-11
102.6776,6.9399690424e-11
102.6876,6.93370897454e-11
102.6976,6.92745946052e-11
102.7076,6.92122047409e-11
102.7176,6.91499198911e-11
102.7276,6.90877397949e-11
102.7376,6.90256641927e-11
102.7476,6.89636928254e-11
102.7576,6.89018254349e-11
102.7676,6.88400617638e-11
102.7776,6.87784015557e-11
102.7876,6.87168445549e-11
102.7976,6.86553905067e-11
102.8076,6.85940391571e-11
102.8176,6.85327902528e-11
102.8276,6.84716435416e-11
102.8376,6.8410598772e-11
102.8476,6.83496556931e-11
102.8576,6.82888140553e-11
102.8676,6.82280736092e-11
102.8776,6.81674341068e-11
102.8876,6.81068953004e-11
102.8976,6.80464569433e-11
102.9076,6.79861187898e-11
102.9176,6.79258805947e-11
102.9276,6.78657421136e-11
102.9376,6.7805703103e-11
102.9476,6.77457633203e-11
102.9576,6.76859225233e-11
102.9676,6.7626180471e-11
102.9776,6.75665369229e-11
102.9876,6.75069916393e-11
102.9976,6.74475443814e-11
103.0076,6.7388194911e-11
103.0176,6.73289429908e-11
103.0276,6.72697883841e-11
103.0376,6.72107308552e-11
103.0476,6.71517701688e-11
103.0576,6.70929060907e-11
103.0676,6.70341383873e-11
103.0776,6.69754668256e-11
103.0876,6.69168911737e-11
103.0976,6.68584112e-11
103.1076,6.68000266739e-11
103.1176,6.67417373655e-11
103.1276,6.66835430456e-11
103.1376,6.66254434858e-11
103.1476,6.65674384582e-11
103.1576,6.6509527736e-11
103.1676,6.64517110927e-11
103.1776,6.63939883027e-11
103.1876,6.63363591412e-11
103.1976,6.62788233841e-11
103.2076,6.62213808077e-11
103.2176,6.61640311895e-11
103.2276,6.61067743072e-11
103.2376,6.60496099396e-11
103.2476,6.5992537866e-11
103.2576,6.59355578663e-11
103.2676,6.58786697213e-11
103.2776,6.58218732125e-11
103.2876,6.57651681218e-11
103.2976,6.5708554232e-11
103.3076,6.56520313266e-11
103.3176,6.55955991897e-11
103.3276,6.55392576061e-11
103.3376,6.54830063612e-11
103.3476,6.54268452412e-11
103.3576,6.53707740329e-11
103.3676,6.53147925237e-11
103.3776,6.52589005018e-11
103.3876,6.52030977559e-11
103.3976,6.51473840755e-11
103.4076,6.50917592507e-11
103.4176,6.50362230721e-11
103.4276,6.49807753313e-11
103.4376,6.49254158202e-11
103.4476,6.48701443316e-11
103.4576,6.48149606586e-11
103.4676,6.47598645954e-11
103.4776,6.47048559364e-11
103.4876,6.4649934477e-11
103.4976,6.45951000129e-11
103.5076,6.45403523407e-11
103.5176,6.44856912575e-11
103.5276,6.4431116561e-11
103.5376,6.43766280496e-11
103.5476,6.43222255223e-11
103.5576,6.42679087786e-11
103.5676,6.42136776188e-11
103.5776,6.41595318437e-11
103.5876,6.41054712547e-11
103.5976,6.40514956539e-11
103.6076,6.3997604844e-11
103.6176,6.39437986281e-11
103.6276,6.38900768101e-11
103.6376,6.38364391946e-11
103.6476,6.37828855865e-11
103.6576,6.37294157915e-11
103.6676,6.36760296157e-11
103.6776,6.36227268661e-11
103.6876,6.35695073501e-11
103.6976,6.35163708756e-11
103.7076,6.34633172513e-11
103.7176,6.34103462862e-11
103.7276,6.33574577902e-11
103.7376,6.33046515735e-11
103.7476,6.3251927447e-11
103.7576,6.31992852223e-11
103.7676,6.31467247113e-11
103.7776,6.30942457266e-11
103.7876,6.30418480815e-11
103.7976,6.29895315895e-11
103.8076,6.29372960652e-11
103.8176,6.28851413232e-11
103.8276,6.28330671789e-11
103.8376,6.27810734485e-11
103.8476,6.27291599483e-11
103.8576,6.26773264955e-11
103.8676,6.26255729077e-11
103.8776,6.2573899003e-11
103.8876,6.25223046002e-11
103.8976,6.24707895185e-11
103.9076,6.24193535777e-11
103.9176,6.23679965981e-11
103.9276,6.23167184007e-11
103.9376,6.22655188068e-11
103.9476,6.22143976383e-11
103.9576,6.21633547179e-11
103.9676,6.21123898683e-11
103.9776,6.20615029133e-11
103.9876,6.20106936768e-11
103.9976,6.19599619834e-11
104.0076,6.19093076582e-11
104.0176,6.18587305269e-11
104.0276,6.18082304155e-11
104.0376,6.17578071508e-11
104.0476,6.17074605599e-11
104.0576,6.16571904705e-11
104.0676,6.16069967108e-11
104.0776,6.15568791094e-11
104.0876,6.15068374956e-11
104.0976,6.14568716992e-11
104.1076,6.14069815502e-11
104.1176,6.13571668794e-11
104.1276,6.13074275182e-11
104.1376,6.1257763298e-11
104.1476,6.12081740512e-11
104.1576,6.11586596105e-11
104.1676,6.1109219809e-11
104.1776,6.10598544805e-11
104.1876,6.10105634591e-11
104.1976,6.09613465794e-11
104.2076,6.09122036767e-11
104.2176,6.08631345865e-11
104.2276,6.08141391449e-11
104.2376,6.07652171886e-11
104.2476,6.07163685546e-11
104.2576,6.06675930804e-11
104.2676,6.06188906041e-11
104.2776,6.05702609641e-11
104.2876,6.05217039994e-11
104.2976,6.04732195495e-11
104.3076,6.04248074542e-11
104.3176,6.03764675538e-11
104.3276,6.03281996893e-11
104.3376,6.0280003702e-11
104.3476,6.02318794334e-11
104.3576,6.0183826726e-11
104.3676,6.01358454223e-11
104.3776,6.00879353654e-11
104.3876,6.0040096399e-11
104.3976,5.99923283671e-11
104.4076,5.99446311141e-11
104.4176,5.9897004485e-11
104.4276,5.98494483252e-11
104.4376,5.98019624805e-11
104.4476,5.97545467971e-11
104.4576,5.97072011218e-11
104.4676,5.96599253018e-11
104.4776,5.96127191845e-11
104.4876,5.95655826182e-11
104.4976,5.95185154512e-11
104.5076,5.94715175324e-11
104.5176,5.94245887111e-11
104.5276,5.93777288373e-11
104.5376,5.9330937761e-11
104.5476,5.92842153329e-11
104.5576,5.9237561404e-11
104.5676,5.91909758259e-11
104.5776,5.91444584504e-11
104.5876,5.90980091298e-11
104.5976,5.90516277171e-11
104.6076,5.90053140652e-11
104.6176,5.89590680278e-11
104.6276,5.89128894589e-11
104.6376,5.8866778213e-11
104.6476,5.88207341449e-11
104.6576,5.87747571098e-11
104.6676,5.87288469634e-11
104.6776,5.86830035618e-11
104.6876,5.86372267615e-11
104.6976,5.85915164193e-11
104.7076,5.85458723925e-11
104.7176,5.8500294539e-11
104.7276,5.84547827166e-11
104.7376,5.84093367841e-11
104.7476,5.83639566002e-11
104.7576,5.83186420243e-11
104.7676,5.8273392916e-11
104.7776,5.82282091355e-11
104.7876,5.81830905433e-11
104.7976,5.81380370002e-11
104.8076,5.80930483676e-11
104.8176,5.8048124507e-11
104.8276,5.80032652806e-11
104.8376,5.79584705508e-11
104.8476,5.79137401804e-11
104.8576,5.78690740326e-11
104.8676,5.78244719711e-11
104.8776,5.77799338597e-11
104.8876,5.7735459563e-11
104.8976,5.76910489455e-11
104.9076,5.76467018725e-11
104.9176,5.76024182094e-11
104.9276,5.75581978221e-11
104.9376,5.75140405768e-11
104.9476,5.74699463402e-11
104.9576,5.74259149793e-11
104.9676,5.73819463613e-11
104.9776,5.73380403541e-11
104.9876,5.72941968258e-11
104.9976,5.72504156447e-11
105.0076,5.72066966799e-11
105.0176,5.71630398003e-11
105.0276,5.71194448756e-11
105.0376,5.70759117758e-11
105.0476,5.7032440371e-11
105.0576,5.6989030532e-11
105.0676,5.69456821297e-11
105.0776,5.69023950354e-11
105.0876,5.6859169121e-11
105.0976,5.68160042584e-11
105.1076,5.67729003202e-11
105.1176,5.67298571789e-11
105.1276,5.66868747078e-11
105.1376,5.66439527804e-11
105.1476,5.66010912704e-11
105.1576,5.6558290052e-11
105.1676,5.65155489997e-11
105.1776,5.64728679884e-11
105.1876,5.64302468933e-11
105.1976,5.638768559e-11
105.2076,5.63451839542e-11
105.2176,5.63027418622e-11
105.2276,5.62603591907e-11
105.2376,5.62180358164e-11
105.2476,5.61757716167e-11
105.2576,5.61335664691e-11
105.2676,5.60914202514e-11
105.2776,5.6049332842e-11
105.2876,5.60073041195e-11
105.2976,5.59653339626e-11
105.3076,5.59234222507e-11
105.3176,5.58815688634e-11
105.3276,5.58397736804e-11
105.3376,5.5798036582e-11
105.3476,5.57563574488e-11
105.3576,5.57147361617e-11
105.3676,5.56731726017e-11
105.3776,5.56316666505e-11
105.3876,5.55902181898e-11
105.3976,5.55488271019e-11
105.4076,5.55074932691e-11
105.4176,5.54662165743e-11
105.4276,5.54249969006e-11
105.4376,5.53838341314e-11
105.4476,5.53427281504e-11
105.4576,5.53016788417e-11
105.4676,5.52606860897e-11
105.4776,5.5219749779e-11
105.4876,5.51788697946e-11
105.4976,5.51380460218e-11
105.5076,5.50972783463e-11
105.5176,5.50565666538e-11
105.5276,5.50159108307e-11
105.5376,5.49753107635e-11
105.5476,5.49347663389e-11
105.5576,5.48942774442e-11
105.5676,5.48538439667e-11
105.5776,5.48134657942e-11
105.5876,5.47731428148e-11
105.5976,5.47328749167e-11
105.6076,5.46926619885e-11
105.6176,5.46525039193e-11
105.6276,5.46124005983e-11
105.6376,5.45723519149e-11
105.6476,5.4532357759e-11
105.6576,5.44924180207e-11
105.6676,5.44525325904e-11
105.6776,5.44127013587e-11
105.6876,5.43729242168e-11
105.6976,5.43332010558e-11
105.7076,5.42935317673e-11
105.7176,5.42539162432e-11
105.7276,5.42143543755e-11
105.7376,5.41748460568e-11
105.7476,5.41353911797e-11
105.7576,5.40959896373e-11
105.7676,5.40566413227e-11
105.7776,5.40173461296e-11
105.7876,5.39781039518e-11
105.7976,5.39389146835e-11
105.8076,5.38997782189e-11
105.8176,5.38606944528e-11
105.8276,5.38216632801e-11
105.8376,5.37826845962e-11
105.8476,5.37437582964e-11
105.8576,5.37048842766e-11
105.8676,5.36660624328e-11
105.8776,5.36272926613e-11
105.8876,5.35885748588e-11
105.8976,5.35499089221e-11
105.9076,5.35112947484e-11
105.9176,5.34727322351e-11
105.9276,5.34342212798e-11
105.9376,5.33957617805e-11
105.9476,5.33573536354e-11
105.9576,5.3318996743e-11
105.9676,5.32806910021e-11
105.9776,5.32424363117e-11
105.9876,5.32042325709e-11
105.9976,5.31660796795e-11
106.0076,5.31279775371e-11
106.0176,5.30899260438e-11
106.0276,5.30519251e-11
106.0376,5.30139746063e-11
106.0476,5.29760744633e-11
106.0576,5.29382245724e-11
106.0676,5.29004248348e-11
106.0776,5.2862675152e-11
106.0876,5.28249754261e-11
106.0976,5.27873255591e-11
106.1076,5.27497254533e-11
106.1176,5.27121750114e-11
106.1276,5.26746741363e-11
106.1376,5.26372227311e-11
106.1476,5.25998206992e-11
106.1576,5.25624679442e-11
106.1676,5.25251643699e-11
106.1776,5.24879098806e-11
